[2026-05-25T20:30:15.720] [DEBUG] debug-file - env: nodejsVersion=v18.20.1
[2026-05-25T20:30:16.067] [DEBUG] debug-file - Hvigor init with startParameters:{
  hvigorfileTypeCheck: false,
  parallelExecution: true,
  incrementalExecution: true,
  printStackTrace: false,
  daemon: false,
  analyze: 0,
  logLevel: Level { level: 20000, levelStr: 'INFO', colour: 'green' },
  optimizationStrategy: 'memory',
  hotCompile: undefined,
  hotReloadBuild: undefined,
  customizedParam: undefined
}
[2026-05-25T20:30:17.600] [DEBUG] debug-file - Starting plugin build process
[2026-05-25T20:30:17.598] [DEBUG] debug-file - hvigorfile, require result:  { default: { system: [Function: appTasks], plugins: [] } }
[2026-05-25T20:30:17.726] [DEBUG] debug-file - Start initialize project's product build option map with build mode debug.
[2026-05-25T20:30:17.724] [DEBUG] debug-file - App plugin register hook start...
[2026-05-25T20:30:17.729] [DEBUG] debug-file - Obtain build option for product 'default'in this build.
[2026-05-25T20:30:17.740] [DEBUG] debug-file - Start recording SDK configuration permission data.
[2026-05-25T20:30:17.781] [DEBUG] debug-file - failed to load cangjie to dynamically generate schemas: Error: Cannot find module '@ohos/cangjie-build-support/index'
Require stack:
- C:\Program Files\Huawei\DevEco Studio\tools\hvigor\hvigor-ohos-plugin\src\plugin\hooks\cangjie-register.js
- C:\Program Files\Huawei\DevEco Studio\tools\hvigor\hvigor-ohos-plugin\src\plugin\strategy\stage-init-strategy.js
- C:\Program Files\Huawei\DevEco Studio\tools\hvigor\hvigor-ohos-plugin\src\plugin\builder\abstract-plugin-builder.js
- C:\Program Files\Huawei\DevEco Studio\tools\hvigor\hvigor-ohos-plugin\src\plugin\builder\app-plugin-builder.js
- C:\Program Files\Huawei\DevEco Studio\tools\hvigor\hvigor-ohos-plugin\src\plugin\factory\plugin-factory.js
- C:\Program Files\Huawei\DevEco Studio\tools\hvigor\hvigor-ohos-plugin\index.js
- D:\f\effect-kit-master\hvigorfile.ts
- C:\Program Files\Huawei\DevEco Studio\tools\hvigor\hvigor\src\base\internal\lifecycle\configuration.js
- C:\Program Files\Huawei\DevEco Studio\tools\hvigor\hvigor\src\base\boot\index.js
- C:\Program Files\Huawei\DevEco Studio\tools\hvigor\hvigor\src\cli\main\cli.js
- C:\Program Files\Huawei\DevEco Studio\tools\hvigor\hvigor\bin\hvigor.js
[2026-05-25T20:30:17.793] [DEBUG] debug-file - Start initialize module-target build option map, moduleName=effectkitsample, buildMode=debug
[2026-05-25T20:30:17.774] [DEBUG] debug-file - Project task initialization takes 5 ms 
[2026-05-25T20:30:17.807] [DEBUG] debug-file - Start to initialize dependency information.
[2026-05-25T20:30:17.800] [DEBUG] debug-file - start to load updatedOhPackageInfo to the disk
[2026-05-25T20:30:17.799] [DEBUG] debug-file - project has submodules:effectkitsample
[2026-05-25T20:30:15.722] [DEBUG] debug-file - env: hvigor-config.json5 content = {
  modelVersion: '5.0.0',
  dependencies: {},
  execution: {},
  logging: {},
  debugging: {},
  nodeOptions: {}
}
[2026-05-25T20:30:17.813] [DEBUG] debug-file - effectkitsample : clean cost memory 0.108428955078125
[2026-05-25T20:30:16.068] [DEBUG] debug-file - Since current hvigor version 6.23.6 differs from last hvigor version 
      undefined, delete file-cache.json and task-cache.json.
[2026-05-25T20:30:17.834] [DEBUG] debug-file - Create  resident worker with id: 0.
[2026-05-25T20:30:17.600] [DEBUG] debug-file - App plugin prepare start...
[2026-05-25T20:30:17.598] [DEBUG] debug-file - hvigorfile, binding system plugins [Function: appTasks]
[2026-05-25T20:30:17.726] [DEBUG] debug-file - Picking option from product 'default' with build mode 'debug'.
[2026-05-25T20:30:17.724] [DEBUG] debug-file - App plugin register hook end...
[2026-05-25T20:30:17.729] [DEBUG] debug-file - not found resModel json file in : D:\f\effect-kit-master\entry\src\ohosTest\module.json5
[2026-05-25T20:30:17.768] [DEBUG] debug-file - Sdk init in 34 ms 
[2026-05-25T20:30:17.793] [DEBUG] debug-file - Target 'default' config initialized
[2026-05-25T20:30:17.774] [DEBUG] debug-file - hvigorfile, begin to bind custom plugins...
[2026-05-25T20:30:17.808] [DEBUG] debug-file - Module effectkitsample Collected Dependency: 
[2026-05-25T20:30:17.804] [DEBUG] debug-file - load to the disk finished
[2026-05-25T20:30:15.723] [DEBUG] debug-file - env: daemon=false
[2026-05-25T20:30:17.813] [DEBUG] debug-file - runTaskFromQueue task cost before running: 1 s 756 ms 
[2026-05-25T20:30:16.068] [DEBUG] debug-file - Cache service initialization finished in 1 ms 
[2026-05-25T20:30:17.836] [DEBUG] debug-file - Create  resident worker with id: 1.
[2026-05-25T20:30:17.600] [DEBUG] debug-file - App plugin prepare end...
[2026-05-25T20:30:17.726] [DEBUG] debug-file - Product 'default' build option initialized
[2026-05-25T20:30:17.724] [DEBUG] debug-file - Plugin build process completed
[2026-05-25T20:30:17.734] [DEBUG] debug-file - No signingConfig found, initRemoteHspCache failed.
[2026-05-25T20:30:17.794] [DEBUG] debug-file - Target 'ohosTest' config initialized
[2026-05-25T20:30:17.774] [DEBUG] debug-file - hvigorfile, no custom plugins were found in D:\f\effect-kit-master\hvigorfile.ts
[2026-05-25T20:30:17.808] [DEBUG] debug-file - Module effectkitsample's total dependency: 0
[2026-05-25T20:30:17.804] [DEBUG] debug-file - Start to initialize dependency information.
[2026-05-25T20:30:15.723] [DEBUG] debug-file - no-daemon, use the parent process.execArgv --max-old-space-size=8192,--max-semi-space-size=16,--expose-gc
[2026-05-25T20:30:17.814] [INFO] debug-file - Finished :effectkitsample:clean... after 2 ms 
[2026-05-25T20:30:16.069] [DEBUG] debug-file - hvigorfile, resolving D:\f\effect-kit-master\hvigorfile.ts
[2026-05-25T20:30:17.837] [DEBUG] debug-file - Current worker pool is stopped or closed.
[2026-05-25T20:30:17.600] [DEBUG] debug-file - App plugin creating...
[2026-05-25T20:30:17.726] [DEBUG] debug-file - End initialize project's product build option map with build mode 'debug'.
[2026-05-25T20:30:17.735] [DEBUG] debug-file - Local scan or download HarmonyOS sdk components toolchains,ets,js,native,previewer
[2026-05-25T20:30:17.794] [DEBUG] debug-file - Module 'effectkitsample' target 'default' build option initialized
[2026-05-25T20:30:17.810] [DEBUG] debug-file - Configuration phase cost:1 s 742 ms 
[2026-05-25T20:30:17.806] [DEBUG] debug-file - Module effect-kit-master Collected Dependency: 
[2026-05-25T20:30:17.774] [DEBUG] debug-file - hvigorfile, resolve finished D:\f\effect-kit-master\hvigorfile.ts
[2026-05-25T20:30:17.838] [DEBUG] debug-file - Clear worker 0.
[2026-05-25T20:30:17.814] [DEBUG] debug-file - Executing task ::clean
[2026-05-25T20:30:17.737] [DEBUG] debug-file - Local scan or download hmscore sdk components toolchains,ets,native
[2026-05-25T20:30:17.794] [DEBUG] debug-file - Module 'effectkitsample' target 'ohosTest' build option initialized
[2026-05-25T20:30:17.775] [DEBUG] debug-file - hvigorfile, resolving D:\f\effect-kit-master\entry\hvigorfile.ts
[2026-05-25T20:30:17.812] [DEBUG] debug-file - Configuration task cost before running: 1 s 755 ms 
[2026-05-25T20:30:17.838] [DEBUG] debug-file - Worker 0 has been cleared.
[2026-05-25T20:30:17.806] [DEBUG] debug-file - Module effect-kit-master's total dependency: 0
[2026-05-25T20:30:17.814] [DEBUG] debug-file - clean: Worker pool is inactive.
[2026-05-25T20:30:17.794] [DEBUG] debug-file - End initialize module-target build option map, moduleName=effectkitsample
[2026-05-25T20:30:17.780] [DEBUG] debug-file - hvigorfile, require result:  { default: { system: [Function: hapTasks], plugins: [] } }
[2026-05-25T20:30:17.812] [DEBUG] debug-file - Executing task :effectkitsample:clean
[2026-05-25T20:30:17.838] [DEBUG] debug-file - Current idle worker size: 1.
[2026-05-25T20:30:17.814] [DEBUG] debug-file - effect-kit-master : clean cost memory 0.02001190185546875
[2026-05-25T20:30:17.780] [DEBUG] debug-file - hvigorfile, binding system plugins [Function: hapTasks]
[2026-05-25T20:30:17.794] [DEBUG] debug-file - Start initialize module-target build option map, moduleName=effectkitsample, buildMode=release
[2026-05-25T20:30:17.838] [DEBUG] debug-file - Current busy worker size: 0.
[2026-05-25T20:30:17.812] [DEBUG] debug-file - clean: Worker pool is inactive.
[2026-05-25T20:30:17.780] [DEBUG] debug-file - Starting plugin build process
[2026-05-25T20:30:17.794] [DEBUG] debug-file - Target 'default' config initialized
[2026-05-25T20:30:17.814] [DEBUG] debug-file - runTaskFromQueue task cost before running: 1 s 757 ms 
[2026-05-25T20:30:17.838] [DEBUG] debug-file - Clear worker 1.
[2026-05-25T20:30:17.780] [DEBUG] debug-file - Hap plugin creating...
[2026-05-25T20:30:17.794] [DEBUG] debug-file - Target 'ohosTest' config initialized
[2026-05-25T20:30:17.815] [INFO] debug-file - Finished ::clean... after 1 ms 
[2026-05-25T20:30:17.838] [DEBUG] debug-file - Worker 1 has been cleared.
[2026-05-25T20:30:17.794] [DEBUG] debug-file - Module 'effectkitsample' target 'default' build option initialized
[2026-05-25T20:30:17.815] [DEBUG] debug-file - Executing task :effectkitsample:init
[2026-05-25T20:30:17.838] [DEBUG] debug-file - Current idle worker size: 0.
[2026-05-25T20:30:17.794] [DEBUG] debug-file - Module 'effectkitsample' target 'ohosTest' build option initialized
[2026-05-25T20:30:17.815] [DEBUG] debug-file - effectkitsample : init cost memory 0.0126800537109375
[2026-05-25T20:30:17.838] [DEBUG] debug-file - Current busy worker size: 0.
[2026-05-25T20:30:17.794] [DEBUG] debug-file - End initialize module-target build option map, moduleName=effectkitsample
[2026-05-25T20:30:17.815] [DEBUG] debug-file - runTaskFromQueue task cost before running: 1 s 758 ms 
[2026-05-25T20:30:17.838] [DEBUG] debug-file - hvigor build process will be closed.
[2026-05-25T20:30:17.795] [DEBUG] debug-file - Start initialize module-target build option map, moduleName=effectkitsample, buildMode=debug
[2026-05-25T20:30:17.815] [INFO] debug-file - Finished :effectkitsample:init... after 1 ms 
[2026-05-25T20:30:17.842] [DEBUG] debug-file - worker[0] exits with exit code 0.
[2026-05-25T20:30:17.795] [DEBUG] debug-file - Target 'default' config initialized
[2026-05-25T20:30:17.815] [DEBUG] debug-file - Executing task ::init
[2026-05-25T20:30:17.843] [DEBUG] debug-file - worker[1] exits with exit code 0.
[2026-05-25T20:30:17.795] [DEBUG] debug-file - Target 'ohosTest' config initialized
[2026-05-25T20:30:17.815] [DEBUG] debug-file - effect-kit-master : init cost memory 0.01181793212890625
[2026-05-25T20:30:17.843] [DEBUG] debug-file - Current worker pool is terminated.
[2026-05-25T20:30:17.795] [DEBUG] debug-file - Module 'effectkitsample' target 'default' build option initialized
[2026-05-25T20:30:17.815] [DEBUG] debug-file - runTaskFromQueue task cost before running: 1 s 758 ms 
[2026-05-25T20:30:17.795] [DEBUG] debug-file - Module 'effectkitsample' target 'ohosTest' build option initialized
[2026-05-25T20:30:17.815] [INFO] debug-file - Finished ::init... after 1 ms 
[2026-05-25T20:30:17.795] [DEBUG] debug-file - End initialize module-target build option map, moduleName=effectkitsample
[2026-05-25T20:30:17.823] [DEBUG] debug-file - Obtain build option for module 'effectkitsample' target 'default'in this build.
[2026-05-25T20:30:17.795] [DEBUG] debug-file - Obtain build option for module 'effectkitsample' target 'default'in this build.
[2026-05-25T20:30:17.823] [DEBUG] debug-file - Obtain build option for module 'effectkitsample' target 'ohosTest'in this build.
[2026-05-25T20:30:17.798] [DEBUG] debug-file - Module effectkitsample task initialization takes 3 ms 
[2026-05-25T20:30:17.832] [DEBUG] debug-file - Since there is no instance or instance is terminated, create a new worker pool.
[2026-05-25T20:30:17.798] [DEBUG] debug-file - Hap plugin register hook start...
[2026-05-25T20:30:17.832] [DEBUG] debug-file - Worker pool is initialized with config:  {
  minPoolNum: 2,
  maxPoolNum: undefined,
  maxCoreSize: undefined,
  cacheCapacity: undefined,
  cacheTtl: undefined
}
[2026-05-25T20:30:17.798] [DEBUG] debug-file - Hap plugin register hook end...
[2026-05-25T20:30:17.798] [DEBUG] debug-file - Plugin build process completed
[2026-05-25T20:30:17.798] [DEBUG] debug-file - hvigorfile, begin to bind custom plugins...
[2026-05-25T20:30:17.798] [DEBUG] debug-file - hvigorfile, no custom plugins were found in D:\f\effect-kit-master\entry\hvigorfile.ts
[2026-05-25T20:30:17.798] [DEBUG] debug-file - hvigorfile, resolve finished D:\f\effect-kit-master\entry\hvigorfile.ts
[2026-05-25T20:30:34.459] [DEBUG] debug-file - env: nodejsVersion=v18.20.1
[2026-05-25T20:30:34.904] [DEBUG] debug-file - env: daemon=true
[2026-05-25T20:30:34.460] [DEBUG] debug-file - env: hvigor-config.json5 content = {
  modelVersion: '5.0.0',
  dependencies: {},
  execution: {},
  logging: {},
  debugging: {},
  nodeOptions: {}
}
[2026-05-25T20:30:36.044] [DEBUG] debug-file - hvigor java daemon: Starting java daemon. jvmXmxValue=512m, jarPath=C:\Program Files\Huawei\DevEco Studio\tools\hvigor\hvigor\lib\hvigor-java-daemon.jar
[2026-05-25T20:30:36.044] [DEBUG] debug-file - hvigor java daemon: Read cache file, 
    port=45050, pid=33224, sessionId exists=true
[2026-05-25T20:30:36.064] [DEBUG] debug-file - hvigor java daemon: tryConnect failed, Error: connect ECONNREFUSED 127.0.0.1:45050, will start new daemon
[2026-05-25T20:30:36.078] [DEBUG] debug-file - java daemon started at port 45050 pid 21676
[2026-05-25T20:30:36.110] [DEBUG] debug-file - session manager: set active socket. socketId=D6JZDzFnAACvSZJSAAAB
[2026-05-25T20:30:36.874] [DEBUG] debug-file - watch worker: worker id should be larger than 0. Nothing will be sent to any worker thread.
[2026-05-25T20:30:36.881] [DEBUG] debug-file - Since there is no instance or instance is terminated, create a new worker pool.
[2026-05-25T20:30:36.882] [DEBUG] debug-file - Worker pool is initialized with config:  {
  minPoolNum: 2,
  maxPoolNum: undefined,
  maxCoreSize: undefined,
  cacheCapacity: undefined,
  cacheTtl: undefined
}
[2026-05-25T20:30:36.884] [DEBUG] debug-file - Create  resident worker with id: 0.
[2026-05-25T20:30:36.887] [DEBUG] debug-file - Create  resident worker with id: 1.
[2026-05-25T20:30:36.889] [DEBUG] debug-file - Workers' log level updated to INFO
[2026-05-25T20:30:36.895] [DEBUG] debug-file - Hvigor init with startParameters:{
  hvigorfileTypeCheck: false,
  parallelExecution: true,
  incrementalExecution: true,
  printStackTrace: false,
  daemon: true,
  analyze: 0,
  logLevel: Level { level: 20000, levelStr: 'INFO', colour: 'green' },
  optimizationStrategy: 'memory',
  hotCompile: undefined,
  hotReloadBuild: undefined,
  customizedParam: undefined
}
[2026-05-25T20:30:36.896] [DEBUG] debug-file - Cache service initialization finished in 1 ms 
[2026-05-25T20:30:36.898] [DEBUG] debug-file - hvigorfile, resolving D:\f\effect-kit-master\hvigorfile.ts
[2026-05-25T20:30:38.392] [DEBUG] debug-file - hvigorfile, require result:  { default: { plugins: [] } }
[2026-05-25T20:30:38.392] [DEBUG] debug-file - hvigorfile, binding system plugins null
[2026-05-25T20:30:38.393] [DEBUG] debug-file - Starting plugin build process
[2026-05-25T20:30:38.393] [DEBUG] debug-file - App plugin prepare start...
[2026-05-25T20:30:38.393] [DEBUG] debug-file - App plugin prepare end...
[2026-05-25T20:30:38.393] [DEBUG] debug-file - App plugin creating...
[2026-05-25T20:30:38.551] [DEBUG] debug-file - App plugin register hook start...
[2026-05-25T20:30:38.551] [DEBUG] debug-file - App plugin register hook end...
[2026-05-25T20:30:38.551] [DEBUG] debug-file - Plugin build process completed
[2026-05-25T20:30:38.552] [DEBUG] debug-file - Start initialize project's product build option map with build mode debug.
[2026-05-25T20:30:38.552] [DEBUG] debug-file - Picking option from product 'default' with build mode 'debug'.
[2026-05-25T20:30:38.553] [DEBUG] debug-file - Product 'default' build option initialized
[2026-05-25T20:30:38.553] [DEBUG] debug-file - End initialize project's product build option map with build mode 'debug'.
[2026-05-25T20:30:38.555] [DEBUG] debug-file - Obtain build option for product 'default'in this build.
[2026-05-25T20:30:38.556] [DEBUG] debug-file - not found resModel json file in : D:\f\effect-kit-master\entry\src\ohosTest\module.json5
[2026-05-25T20:30:38.562] [DEBUG] debug-file - No signingConfig found, initRemoteHspCache failed.
[2026-05-25T20:30:38.564] [DEBUG] debug-file - Local scan or download HarmonyOS sdk components toolchains,ets,js,native,previewer
[2026-05-25T20:30:38.567] [DEBUG] debug-file - Local scan or download hmscore sdk components toolchains,ets,native
[2026-05-25T20:30:38.569] [DEBUG] debug-file - Start recording SDK configuration permission data.
[2026-05-25T20:30:38.602] [DEBUG] debug-file - Sdk init in 39 ms 
[2026-05-25T20:30:38.609] [DEBUG] debug-file - Project task initialization takes 7 ms 
[2026-05-25T20:30:38.610] [DEBUG] debug-file - hvigorfile, begin to bind custom plugins...
[2026-05-25T20:30:38.610] [DEBUG] debug-file - hvigorfile, no custom plugins were found in D:\f\effect-kit-master\hvigorfile.ts
[2026-05-25T20:30:38.610] [DEBUG] debug-file - hvigorfile, resolve finished D:\f\effect-kit-master\hvigorfile.ts
[2026-05-25T20:30:38.610] [DEBUG] debug-file - hvigorfile, resolving D:\f\effect-kit-master\entry\hvigorfile.ts
[2026-05-25T20:30:38.615] [DEBUG] debug-file - hvigorfile, require result:  { default: { plugins: [] } }
[2026-05-25T20:30:38.616] [DEBUG] debug-file - hvigorfile, binding system plugins null
[2026-05-25T20:30:38.616] [DEBUG] debug-file - Starting plugin build process
[2026-05-25T20:30:38.616] [DEBUG] debug-file - Hap plugin creating...
[2026-05-25T20:30:38.617] [DEBUG] debug-file - failed to load cangjie to dynamically generate schemas: Error: Cannot find module '@ohos/cangjie-build-support/index'
Require stack:
- C:\Program Files\Huawei\DevEco Studio\tools\hvigor\hvigor-ohos-plugin\src\plugin\hooks\cangjie-register.js
- C:\Program Files\Huawei\DevEco Studio\tools\hvigor\hvigor-ohos-plugin\src\plugin\strategy\stage-init-strategy.js
- C:\Program Files\Huawei\DevEco Studio\tools\hvigor\hvigor-ohos-plugin\src\plugin\builder\abstract-plugin-builder.js
- C:\Program Files\Huawei\DevEco Studio\tools\hvigor\hvigor-ohos-plugin\src\plugin\builder\app-plugin-builder.js
- C:\Program Files\Huawei\DevEco Studio\tools\hvigor\hvigor-ohos-plugin\src\plugin\factory\plugin-factory.js
- C:\Program Files\Huawei\DevEco Studio\tools\hvigor\hvigor-ohos-plugin\index.js
- D:\f\effect-kit-master\hvigorfile.ts
- C:\Program Files\Huawei\DevEco Studio\tools\hvigor\hvigor\src\base\internal\lifecycle\configuration.js
- C:\Program Files\Huawei\DevEco Studio\tools\hvigor\hvigor\src\base\boot\index.js
- C:\Program Files\Huawei\DevEco Studio\tools\hvigor\hvigor\src\base\daemon\cluster\worker-process-lifecycle.js
- C:\Program Files\Huawei\DevEco Studio\tools\hvigor\hvigor\src\base\daemon\process\daemon-process-boot-script.js
[2026-05-25T20:30:38.631] [DEBUG] debug-file - Start initialize module-target build option map, moduleName=effectkitsample, buildMode=debug
[2026-05-25T20:30:38.631] [DEBUG] debug-file - Target 'default' config initialized
[2026-05-25T20:30:38.631] [DEBUG] debug-file - Target 'ohosTest' config initialized
[2026-05-25T20:30:38.632] [DEBUG] debug-file - Module 'effectkitsample' target 'default' build option initialized
[2026-05-25T20:30:38.632] [DEBUG] debug-file - Module 'effectkitsample' target 'ohosTest' build option initialized
[2026-05-25T20:30:38.632] [DEBUG] debug-file - End initialize module-target build option map, moduleName=effectkitsample
[2026-05-25T20:30:38.632] [DEBUG] debug-file - Start initialize module-target build option map, moduleName=effectkitsample, buildMode=release
[2026-05-25T20:30:38.632] [DEBUG] debug-file - Target 'default' config initialized
[2026-05-25T20:30:38.632] [DEBUG] debug-file - Target 'ohosTest' config initialized
[2026-05-25T20:30:38.633] [DEBUG] debug-file - Module 'effectkitsample' target 'default' build option initialized
[2026-05-25T20:30:38.633] [DEBUG] debug-file - Module 'effectkitsample' target 'ohosTest' build option initialized
[2026-05-25T20:30:38.633] [DEBUG] debug-file - End initialize module-target build option map, moduleName=effectkitsample
[2026-05-25T20:30:38.633] [DEBUG] debug-file - Start initialize module-target build option map, moduleName=effectkitsample, buildMode=debug
[2026-05-25T20:30:38.633] [DEBUG] debug-file - Target 'default' config initialized
[2026-05-25T20:30:38.633] [DEBUG] debug-file - Target 'ohosTest' config initialized
[2026-05-25T20:30:38.633] [DEBUG] debug-file - Module 'effectkitsample' target 'default' build option initialized
[2026-05-25T20:30:38.633] [DEBUG] debug-file - Module 'effectkitsample' target 'ohosTest' build option initialized
[2026-05-25T20:30:38.633] [DEBUG] debug-file - End initialize module-target build option map, moduleName=effectkitsample
[2026-05-25T20:30:38.633] [DEBUG] debug-file - Obtain build option for module 'effectkitsample' target 'default'in this build.
[2026-05-25T20:30:38.638] [DEBUG] debug-file - Module effectkitsample task initialization takes 4 ms 
[2026-05-25T20:30:38.639] [DEBUG] debug-file - Hap plugin register hook start...
[2026-05-25T20:30:38.639] [DEBUG] debug-file - Hap plugin register hook end...
[2026-05-25T20:30:38.639] [DEBUG] debug-file - Plugin build process completed
[2026-05-25T20:30:38.639] [DEBUG] debug-file - hvigorfile, begin to bind custom plugins...
[2026-05-25T20:30:38.639] [DEBUG] debug-file - hvigorfile, no custom plugins were found in D:\f\effect-kit-master\entry\hvigorfile.ts
[2026-05-25T20:30:38.639] [DEBUG] debug-file - hvigorfile, resolve finished D:\f\effect-kit-master\entry\hvigorfile.ts
[2026-05-25T20:30:38.703] [DEBUG] debug-file - hvigorfile, resolve hvigorfile dependencies in 64 ms 
[2026-05-25T20:30:38.703] [DEBUG] debug-file - project has submodules:effectkitsample
[2026-05-25T20:30:38.705] [DEBUG] debug-file - start to load updatedOhPackageInfo to the disk
[2026-05-25T20:30:38.707] [DEBUG] debug-file - load to the disk finished
[2026-05-25T20:30:38.707] [DEBUG] debug-file - Start to initialize dependency information.
[2026-05-25T20:30:38.709] [DEBUG] debug-file - Module effect-kit-master Collected Dependency: 
[2026-05-25T20:30:38.709] [DEBUG] debug-file - Module effect-kit-master's total dependency: 0
[2026-05-25T20:30:38.711] [DEBUG] debug-file - Start to initialize dependency information.
[2026-05-25T20:30:38.712] [DEBUG] debug-file - Module effectkitsample Collected Dependency: 
[2026-05-25T20:30:38.712] [DEBUG] debug-file - Module effectkitsample's total dependency: 0
[2026-05-25T20:30:38.716] [DEBUG] debug-file - Configuration phase cost:1 s 819 ms 
[2026-05-25T20:30:38.718] [DEBUG] debug-file - Configuration task cost before running: 1 s 829 ms 
[2026-05-25T20:30:38.723] [DEBUG] debug-file - Executing task :effectkitsample:default@PreBuild
[2026-05-25T20:30:38.725] [DEBUG] debug-file - Task 'effectkitsample:default@PreBuild' cost while wrapping incremental declarations: 1 ms 
[2026-05-25T20:30:38.841] [DEBUG] debug-file - current product is not Atomic service.
[2026-05-25T20:30:38.841] [DEBUG] debug-file - Use tool [win32: JAVA_HOME, CLASSPATH]
 [
  { JAVA_HOME: 'C:\\Program Files\\Huawei\\DevEco Studio\\jbr' },
  { CLASSPATH: undefined }
]
[2026-05-25T20:30:38.842] [DEBUG] debug-file - Use tool [win32: NODE_HOME]
 [
  {
    NODE_HOME: 'C:\\Program Files\\Huawei\\DevEco Studio\\tools\\node'
  }
]
[2026-05-25T20:30:38.842] [DEBUG] debug-file - effectkitsample : default@PreBuild cost memory 13.714141845703125
[2026-05-25T20:30:38.843] [DEBUG] debug-file - runTaskFromQueue task cost before running: 1 s 954 ms 
[2026-05-25T20:30:38.844] [INFO] debug-file - Finished :effectkitsample:default@PreBuild... after 120 ms 
[2026-05-25T20:30:38.845] [DEBUG] debug-file - Executing task :effectkitsample:default@CreateModuleInfo
[2026-05-25T20:30:38.846] [DEBUG] debug-file - Task 'effectkitsample:default@CreateModuleInfo' cost while wrapping incremental declarations: 1 ms 
[2026-05-25T20:30:38.846] [DEBUG] debug-file - effectkitsample : default@CreateModuleInfo cost memory 0.045501708984375
[2026-05-25T20:30:38.846] [DEBUG] debug-file - runTaskFromQueue task cost before running: 1 s 957 ms 
[2026-05-25T20:30:38.846] [INFO] debug-file - Finished :effectkitsample:default@CreateModuleInfo... after 1 ms 
[2026-05-25T20:30:38.847] [DEBUG] debug-file - Executing task :effectkitsample:default@GenerateMetadata
[2026-05-25T20:30:38.848] [DEBUG] debug-file - Task 'effectkitsample:default@GenerateMetadata' cost while wrapping incremental declarations: 1 ms 
[2026-05-25T20:30:38.851] [DEBUG] debug-file - effectkitsample : default@GenerateMetadata cost memory 0.09243011474609375
[2026-05-25T20:30:38.851] [DEBUG] debug-file - runTaskFromQueue task cost before running: 1 s 962 ms 
[2026-05-25T20:30:38.851] [INFO] debug-file - Finished :effectkitsample:default@GenerateMetadata... after 4 ms 
[2026-05-25T20:30:38.852] [DEBUG] debug-file - Executing task :effectkitsample:default@ConfigureCmake
[2026-05-25T20:30:38.853] [DEBUG] debug-file - effectkitsample : default@ConfigureCmake cost memory 0.01451873779296875
[2026-05-25T20:30:38.853] [DEBUG] debug-file - runTaskFromQueue task cost before running: 1 s 964 ms 
[2026-05-25T20:30:38.853] [INFO] debug-file - Finished :effectkitsample:default@ConfigureCmake... after 1 ms 
[2026-05-25T20:30:38.854] [DEBUG] debug-file - Executing task :effectkitsample:default@MergeProfile
[2026-05-25T20:30:38.854] [DEBUG] debug-file - Task 'effectkitsample:default@MergeProfile' cost while wrapping incremental declarations: 1 ms 
[2026-05-25T20:30:38.855] [DEBUG] debug-file - Change app api release type with 'Release'
[2026-05-25T20:30:38.855] [DEBUG] debug-file - Change app compile API version with '6.1.0.105'
[2026-05-25T20:30:38.855] [DEBUG] debug-file - Change app target API version with '60100023'
[2026-05-25T20:30:38.855] [DEBUG] debug-file - Change app minimum API version with '60002022'
[2026-05-25T20:30:38.855] [DEBUG] debug-file - Use cli appEnvironment
[2026-05-25T20:30:38.858] [DEBUG] debug-file - effectkitsample : default@MergeProfile cost memory 0.143463134765625
[2026-05-25T20:30:38.858] [DEBUG] debug-file - runTaskFromQueue task cost before running: 1 s 969 ms 
[2026-05-25T20:30:38.858] [INFO] debug-file - Finished :effectkitsample:default@MergeProfile... after 5 ms 
[2026-05-25T20:30:38.860] [DEBUG] debug-file - Executing task :effectkitsample:default@CreateBuildProfile
[2026-05-25T20:30:38.860] [DEBUG] debug-file - Task 'effectkitsample:default@CreateBuildProfile' cost while wrapping incremental declarations: 1 ms 
[2026-05-25T20:30:38.862] [DEBUG] debug-file - effectkitsample : default@CreateBuildProfile cost memory 0.06870269775390625
[2026-05-25T20:30:38.863] [DEBUG] debug-file - runTaskFromQueue task cost before running: 1 s 974 ms 
[2026-05-25T20:30:38.863] [INFO] debug-file - Finished :effectkitsample:default@CreateBuildProfile... after 3 ms 
[2026-05-25T20:30:38.864] [DEBUG] debug-file - Executing task :effectkitsample:default@PreCheckSyscap
[2026-05-25T20:30:38.865] [DEBUG] debug-file - effectkitsample : default@PreCheckSyscap cost memory 0.0147552490234375
[2026-05-25T20:30:38.865] [DEBUG] debug-file - runTaskFromQueue task cost before running: 1 s 976 ms 
[2026-05-25T20:30:38.865] [INFO] debug-file - Finished :effectkitsample:default@PreCheckSyscap... after 1 ms 
[2026-05-25T20:30:38.867] [DEBUG] debug-file - Executing task :effectkitsample:default@GeneratePkgContextInfo
[2026-05-25T20:30:38.871] [DEBUG] debug-file - Task 'effectkitsample:default@GeneratePkgContextInfo' cost while wrapping incremental declarations: 1 ms 
[2026-05-25T20:30:38.872] [DEBUG] debug-file - effectkitsample : default@GeneratePkgContextInfo cost memory 0.16083526611328125
[2026-05-25T20:30:38.872] [DEBUG] debug-file - runTaskFromQueue task cost before running: 1 s 983 ms 
[2026-05-25T20:30:38.872] [INFO] debug-file - Finished :effectkitsample:default@GeneratePkgContextInfo... after 5 ms 
[2026-05-25T20:30:38.873] [DEBUG] debug-file - Executing task :effectkitsample:default@GeneratePkgSdkInfo
[2026-05-25T20:30:38.874] [DEBUG] debug-file - Task 'effectkitsample:default@GeneratePkgSdkInfo' cost while wrapping incremental declarations: 1 ms 
[2026-05-25T20:30:38.875] [DEBUG] debug-file - effectkitsample : default@GeneratePkgSdkInfo cost memory 0.10382080078125
[2026-05-25T20:30:38.875] [DEBUG] debug-file - runTaskFromQueue task cost before running: 1 s 986 ms 
[2026-05-25T20:30:38.878] [INFO] debug-file - Finished :effectkitsample:default@GeneratePkgSdkInfo... after 3 ms 
[2026-05-25T20:30:38.881] [DEBUG] debug-file - Executing task :effectkitsample:default@ProcessIntegratedHsp
[2026-05-25T20:30:38.881] [DEBUG] debug-file - effectkitsample : default@ProcessIntegratedHsp cost memory 0.075225830078125
[2026-05-25T20:30:38.881] [DEBUG] debug-file - runTaskFromQueue task cost before running: 1 s 993 ms 
[2026-05-25T20:30:38.882] [INFO] debug-file - Finished :effectkitsample:default@ProcessIntegratedHsp... after 1 ms 
[2026-05-25T20:30:38.882] [DEBUG] debug-file - Executing task :effectkitsample:default@BuildNativeWithCmake
[2026-05-25T20:30:38.883] [DEBUG] debug-file - effectkitsample : default@BuildNativeWithCmake cost memory 0.015167236328125
[2026-05-25T20:30:38.883] [DEBUG] debug-file - runTaskFromQueue task cost before running: 1 s 994 ms 
[2026-05-25T20:30:38.883] [INFO] debug-file - Finished :effectkitsample:default@BuildNativeWithCmake... after 1 ms 
[2026-05-25T20:30:38.884] [DEBUG] debug-file - Executing task :effectkitsample:default@MakePackInfo
[2026-05-25T20:30:38.885] [DEBUG] debug-file - Module Pack Info:  {
  summary: {
    app: { bundleName: 'c***t', bundleType: 'app', version: [Object] },
    modules: [ [Object] ]
  },
  packages: [
    {
      deviceType: [Array],
      moduleType: 'feature',
      deliveryWithInstall: true,
      name: 'effectkitsample-default'
    }
  ]
}
[2026-05-25T20:30:38.887] [DEBUG] debug-file - effectkitsample : default@MakePackInfo cost memory 0.47414398193359375
[2026-05-25T20:30:38.887] [DEBUG] debug-file - runTaskFromQueue task cost before running: 1 s 998 ms 
[2026-05-25T20:30:38.887] [INFO] debug-file - Finished :effectkitsample:default@MakePackInfo... after 4 ms 
[2026-05-25T20:30:38.889] [DEBUG] debug-file - Executing task :effectkitsample:default@SyscapTransform
[2026-05-25T20:30:38.889] [DEBUG] debug-file - File: 'D:\f\effect-kit-master\entry\src\main\syscap.json' from 'sysCapJsonPath' is not exists, just ignore.
[2026-05-25T20:30:38.889] [DEBUG] debug-file - Task 'effectkitsample:default@SyscapTransform' cost while wrapping incremental declarations: 1 ms 
[2026-05-25T20:30:38.890] [DEBUG] debug-file - effectkitsample : default@SyscapTransform cost memory 0.05489349365234375
[2026-05-25T20:30:38.890] [DEBUG] debug-file - runTaskFromQueue task cost before running: 2 s 
[2026-05-25T20:30:38.890] [INFO] debug-file - Finished :effectkitsample:default@SyscapTransform... after 2 ms 
[2026-05-25T20:30:38.891] [DEBUG] debug-file - Executing task :effectkitsample:default@ProcessProfile
[2026-05-25T20:30:38.892] [DEBUG] debug-file - Task 'effectkitsample:default@ProcessProfile' cost while wrapping incremental declarations: 1 ms 
[2026-05-25T20:30:38.893] [DEBUG] debug-file - [
  'C:\\Program Files\\Huawei\\DevEco Studio\\tools\\node\\node.exe',
  'C:\\Program Files\\Huawei\\DevEco Studio\\sdk\\default\\openharmony\\ets\\build-tools\\ets-loader\\bin\\ark\\ts2abc.js',
  '--target-api-version',
  '22'
]
[2026-05-25T20:30:39.437] [DEBUG] debug-file - 13.0.1.0
[2026-05-25T20:30:39.439] [DEBUG] debug-file - No need to add fake ui ability because of not in preview process.
[2026-05-25T20:30:39.440] [DEBUG] debug-file - effectkitsample : default@ProcessProfile cost memory 2.118927001953125
[2026-05-25T20:30:39.440] [DEBUG] debug-file - runTaskFromQueue task cost before running: 2 s 552 ms 
[2026-05-25T20:30:39.441] [INFO] debug-file - Finished :effectkitsample:default@ProcessProfile... after 549 ms 
[2026-05-25T20:30:39.442] [DEBUG] debug-file - Executing task :effectkitsample:default@ProcessRouterMap
[2026-05-25T20:30:39.446] [DEBUG] debug-file - effectkitsample : default@ProcessRouterMap cost memory 0.079681396484375
[2026-05-25T20:30:39.446] [DEBUG] debug-file - runTaskFromQueue task cost before running: 2 s 557 ms 
[2026-05-25T20:30:39.446] [INFO] debug-file - Finished :effectkitsample:default@ProcessRouterMap... after 4 ms 
[2026-05-25T20:30:39.447] [DEBUG] debug-file - Executing task :effectkitsample:default@ProcessShareConfig
[2026-05-25T20:30:39.450] [DEBUG] debug-file - effectkitsample : default@ProcessShareConfig cost memory 0.0613861083984375
[2026-05-25T20:30:39.450] [DEBUG] debug-file - runTaskFromQueue task cost before running: 2 s 561 ms 
[2026-05-25T20:30:39.450] [INFO] debug-file - Finished :effectkitsample:default@ProcessShareConfig... after 3 ms 
[2026-05-25T20:30:39.451] [DEBUG] debug-file - Executing task :effectkitsample:default@ProcessStartupConfig
[2026-05-25T20:30:39.451] [DEBUG] debug-file - Task 'effectkitsample:default@ProcessStartupConfig' cost while wrapping incremental declarations: 1 ms 
[2026-05-25T20:30:39.452] [DEBUG] debug-file - effectkitsample : default@ProcessStartupConfig cost memory 0.0574951171875
[2026-05-25T20:30:39.452] [DEBUG] debug-file - runTaskFromQueue task cost before running: 2 s 563 ms 
[2026-05-25T20:30:39.452] [INFO] debug-file - Finished :effectkitsample:default@ProcessStartupConfig... after 1 ms 
[2026-05-25T20:30:39.453] [DEBUG] debug-file - Executing task :effectkitsample:default@BuildNativeWithNinja
[2026-05-25T20:30:39.454] [DEBUG] debug-file - effectkitsample : default@BuildNativeWithNinja cost memory 0.025970458984375
[2026-05-25T20:30:39.454] [DEBUG] debug-file - runTaskFromQueue task cost before running: 2 s 565 ms 
[2026-05-25T20:30:39.454] [INFO] debug-file - Finished :effectkitsample:default@BuildNativeWithNinja... after 2 ms 
[2026-05-25T20:30:39.455] [DEBUG] debug-file - restool module names: effectkitsample; moduleName=effectkitsample, taskName=default@ProcessResource
[2026-05-25T20:30:39.457] [DEBUG] debug-file - Executing task :effectkitsample:default@ProcessResource
[2026-05-25T20:30:39.457] [DEBUG] debug-file - Task 'effectkitsample:default@ProcessResource' cost while wrapping incremental declarations: 1 ms 
[2026-05-25T20:30:39.459] [DEBUG] debug-file - effectkitsample : default@ProcessResource cost memory 0.11690521240234375
[2026-05-25T20:30:39.459] [DEBUG] debug-file - runTaskFromQueue task cost before running: 2 s 571 ms 
[2026-05-25T20:30:39.460] [INFO] debug-file - Finished :effectkitsample:default@ProcessResource... after 3 ms 
[2026-05-25T20:30:39.462] [DEBUG] debug-file - Executing task :effectkitsample:default@GenerateLoaderJson
[2026-05-25T20:30:39.462] [DEBUG] debug-file - Task 'effectkitsample:default@GenerateLoaderJson' cost while wrapping incremental declarations: 1 ms 
[2026-05-25T20:30:39.470] [DEBUG] debug-file - effectkitsample : default@GenerateLoaderJson cost memory 0.530120849609375
[2026-05-25T20:30:39.470] [DEBUG] debug-file - runTaskFromQueue task cost before running: 2 s 581 ms 
[2026-05-25T20:30:39.472] [INFO] debug-file - Finished :effectkitsample:default@GenerateLoaderJson... after 8 ms 
[2026-05-25T20:30:39.473] [DEBUG] debug-file - Executing task :effectkitsample:default@ProcessLibs
[2026-05-25T20:30:39.477] [DEBUG] debug-file - Worker dispatch failed, running processLibs on main thread.
[2026-05-25T20:30:39.478] [DEBUG] debug-file - effectkitsample : default@ProcessLibs cost memory 0.39566802978515625
[2026-05-25T20:30:39.479] [DEBUG] debug-file - runTaskFromQueue task cost before running: 2 s 590 ms 
[2026-05-25T20:30:39.479] [INFO] debug-file - Finished :effectkitsample:default@ProcessLibs... after 6 ms 
[2026-05-25T20:30:39.480] [DEBUG] debug-file - restool module names: effectkitsample; moduleName=effectkitsample, taskName=default@CompileResource
[2026-05-25T20:30:39.481] [DEBUG] debug-file - Executing task :effectkitsample:default@CompileResource
[2026-05-25T20:30:39.607] [DEBUG] debug-file - Use tool [C:\Program Files\Huawei\DevEco Studio\sdk\default\openharmony\toolchains\restool.exe]
 [
  'C:\\Program Files\\Huawei\\DevEco Studio\\sdk\\default\\openharmony\\toolchains\\restool.exe',
  '-l',
  'D:\\f\\effect-kit-master\\entry\\build\\default\\intermediates\\res\\default\\resConfig.json'
]
[2026-05-25T20:30:39.609] [DEBUG] debug-file - current process  memoryUsage: {
  rss: 294932480,
  heapTotal: 186089472,
  heapUsed: 154886320,
  external: 3440011,
  arrayBuffers: 539192
} os memoryUsage :14.516006469726562
[2026-05-25T20:30:39.694] [DEBUG] debug-file - Info: Pack: normal pack mode

[2026-05-25T20:30:39.751] [DEBUG] debug-file - Info: hardware concurrency count is : 24
Info: thread count is : 24

[2026-05-25T20:30:39.752] [DEBUG] debug-file - Info: thread pool is started

[2026-05-25T20:30:39.753] [DEBUG] debug-file - Info: GenericCompiler::CompileFiles

[2026-05-25T20:30:39.760] [DEBUG] debug-file - Info: GenericCompiler::CompileFiles

[2026-05-25T20:30:39.775] [DEBUG] debug-file - Info: GenericCompiler::CompileFiles

[2026-05-25T20:30:39.782] [DEBUG] debug-file - 05-25 20:30:39.782 33500  5620 E C01400/ImageTranscoderUtils: DecodeToRGBA IN
05-25 20:30:39.782 33500  5620 E C01400/ImageTranscoderUtils: ImageFilter IN D:\f\effect-kit-master\AppScope\resources\base\media\app_icon.png

[2026-05-25T20:30:39.783] [DEBUG] debug-file - 05-25 20:30:39.783 33500  5620 E C01400/ImageTranscoder: TranscodeSLR Only zoom-out is supported.

[2026-05-25T20:30:39.784] [DEBUG] debug-file - Warning: ScaleImage failed, error message: INVALID_PARAMETERS, file path = D:\f\effect-kit-master\AppScope\resources\base\media\app_icon.png

[2026-05-25T20:30:39.785] [DEBUG] debug-file - 05-25 20:30:39.785 33500  5620 E C01400/ImageTranscoderUtils: DecodeToRGBA IN
05-25 20:30:39.785 33500  5620 E C01400/ImageTranscoderUtils: ImageFilter IN D:\f\effect-kit-master\entry\src\main\resources\base\media\background.png

[2026-05-25T20:30:39.787] [DEBUG] debug-file - 05-25 20:30:39.787 33500  5620 E C01400/ImageTranscoder: TranscodeSLR Only zoom-out is supported.
Warning: ScaleImage failed, error message: INVALID_PARAMETERS, file path = D:\f\effect-kit-master\entry\src\main\resources\base\media\background.png

[2026-05-25T20:30:39.788] [DEBUG] debug-file - 05-25 20:30:39.788 33500  5620 E C01400/ImageTranscoderUtils: DecodeToRGBA IN
05-25 20:30:39.788 33500  5620 E C01400/ImageTranscoderUtils: ImageFilter IN D:\f\effect-kit-master\entry\src\main\resources\base\media\foreground.png

[2026-05-25T20:30:39.789] [DEBUG] debug-file - 05-25 20:30:39.789 33500  5620 E C01400/ImageTranscoder: TranscodeSLR Only zoom-out is supported.

[2026-05-25T20:30:39.790] [DEBUG] debug-file - Warning: ScaleImage failed, error message: INVALID_PARAMETERS, file path = D:\f\effect-kit-master\entry\src\main\resources\base\media\foreground.png

[2026-05-25T20:30:39.791] [DEBUG] debug-file - Info: can't scale media json file.

[2026-05-25T20:30:39.791] [DEBUG] debug-file - Warning: The width or height of the png file referenced by the icon exceeds the limit (41 pixels)
at D:\f\effect-kit-master\entry\src\main\resources\base\media\background.png
Warning: The width or height of the png file referenced by the icon exceeds the limit (41 pixels)
at D:\f\effect-kit-master\entry\src\main\resources\base\media\foreground.png
Warning: D:\f\effect-kit-master\entry\src\main\resources\base\media\layered_image.json is not png format

[2026-05-25T20:30:39.792] [DEBUG] debug-file - Info: restool resources compile success.

[2026-05-25T20:30:39.792] [DEBUG] debug-file - Info: thread pool is stopped

[2026-05-25T20:30:39.859] [DEBUG] debug-file - effectkitsample : default@CompileResource cost memory -29.988609313964844
[2026-05-25T20:30:39.859] [DEBUG] debug-file - runTaskFromQueue task cost before running: 2 s 970 ms 
[2026-05-25T20:30:39.861] [INFO] debug-file - Finished :effectkitsample:default@CompileResource... after 379 ms 
[2026-05-25T20:30:39.863] [DEBUG] debug-file - Executing task :effectkitsample:default@DoNativeStrip
[2026-05-25T20:30:39.863] [DEBUG] debug-file - File: 'D:\f\effect-kit-master\entry\build\default\intermediates\binxo\default' from 'doBinxoNativeLibs' is not exists, just ignore.
[2026-05-25T20:30:39.863] [DEBUG] debug-file - Task 'effectkitsample:default@DoNativeStrip' cost while wrapping incremental declarations: 1 ms 
[2026-05-25T20:30:39.867] [DEBUG] debug-file - effectkitsample : default@DoNativeStrip cost memory 0.07103729248046875
[2026-05-25T20:30:39.867] [DEBUG] debug-file - runTaskFromQueue task cost before running: 2 s 979 ms 
[2026-05-25T20:30:39.868] [INFO] debug-file - Finished :effectkitsample:default@DoNativeStrip... after 5 ms 
[2026-05-25T20:30:39.869] [DEBUG] debug-file - Executing task :effectkitsample:default@CompileArkTS
[2026-05-25T20:30:39.870] [DEBUG] debug-file - obfuscationOptions: undefined
[2026-05-25T20:30:39.871] [DEBUG] debug-file - Task 'effectkitsample:default@CompileArkTS' cost while wrapping incremental declarations: 1 ms 
[2026-05-25T20:30:39.892] [DEBUG] debug-file - build config:
[2026-05-25T20:30:39.892] [DEBUG] debug-file - {
  moduleType: 'feature',
  perf: 0,
  targetName: '.default',
  packageManagerType: 'ohpm',
  localPropertiesPath: 'D:\\f\\effect-kit-master\\local.properties',
  isPreview: false,
  isOhosTest: false,
  isLocalTest: false,
  buildMode: 'Debug',
  hotReloadBuild: undefined,
  watchMode: 'false',
  aceProfilePath: 'D:\\f\\effect-kit-master\\entry\\build\\default\\intermediates\\res\\default\\resources\\base\\profile',
  etsLoaderPath: 'C:\\Program Files\\Huawei\\DevEco Studio\\sdk\\default\\openharmony\\ets\\build-tools\\ets-loader',
  modulePath: 'D:\\f\\effect-kit-master\\entry',
  testFrameworkPar: {
    testMode: undefined,
    coveragePathFilter: undefined,
    coverageMode: undefined
  },
  needCoverageInsert: false,
  debugLine: false,
  projectTopDir: 'D:\\f\\effect-kit-master',
  compileSdkVersion: 23,
  compatibleSdkVersion: 22,
  originCompatibleSdkVersion: '6.0.2(22)',
  compatibleSdkVersionStage: undefined,
  bundleName: 'c***t',
  etsLoaderVersion: '6.1.0.105',
  etsLoaderReleaseType: 'Release',
  aotCompileMode: 'type',
  apPath: 'D:\\f\\effect-kit-master\\entry\\modules.ap',
  entryModuleName: 'effectkitsample',
  entryModuleVersion: '1.0.0',
  entryPackageName: 'effectkitsample',
  allModuleNameHash: '5c38a6dc4b128073a8d30b5210942b8e763f8018585427940248e37e7c759347',
  externalApiPaths: [
    'C:\\Program Files\\Huawei\\DevEco Studio\\sdk\\default\\hms\\ets'
  ],
  compilerTypes: [],
  isCrossplatform: false,
  hvigorPluginFile: undefined,
  compilePluginPath: undefined,
  buildGeneratedProfilePath: 'D:\\f\\effect-kit-master\\entry\\build\\default\\generated\\profile\\default',
  bundleType: 'app',
  arkTSVersion: undefined,
  apiVersion: 23,
  needCompleteSourcesMap: false,
  isFaMode: false,
  buildDir: 'D:\\f\\effect-kit-master\\entry\\build',
  deviceTypes: [ 'phone', 'tablet', '2in1' ],
  pkgContextInfo: undefined,
  ohPackagePathMap: {},
  dependencyAliasMap: {},
  permission: { requestPermissions: undefined, definePermissions: undefined },
  useGetCurrentBundleName: false,
  projectArkOption: undefined,
  sourceMapDir: undefined,
  branchElimination: false,
  transformLib: undefined,
  tsImportSendable: false,
  resolveConflictMode: true,
  depName2RootPath: {},
  depName2DepInfo: {},
  depName2OhExports: {},
  rootPathSet: [ 'D:\\f\\effect-kit-master' ],
  useNativeResolver: true,
  shouldEmitJs: true,
  useTscResolve: false,
  singleFileEmit: false,
  userProjectConfig: {
    autoLazyImport: false,
    allowEmptyBundleName: false,
    reExportCheckMode: 'noCheck',
    executionMode: 'memory',
    usePathPlaceholder: false,
    writeRollupCache: true,
    isExpandImportEnabled: false,
    expandImportExclude: '',
    lazyImportExclude: '',
    lazyImportInclude: '',
    ignoreCrossplatformCheck: false,
    isHarDeduplicateEnabled: false,
    skipOhModulesLint: false,
    enableStrictCheckOHModule: false,
    disableSendableCheckRules: [],
    useDeclarationFileSignature: false,
    customizedOptions: undefined,
    integratedHsp: false,
    isPreloadSoEnabled: false
  },
  executionMode: 'memory',
  arkCompileCachePath: 'D:\\f\\effect-kit-master\\entry\\build\\default\\cache\\default\\default@CompileArkTS\\esmodule',
  autoLazyFilter: undefined,
  isHarDeduplicateEnabled: false,
  intermediateHarDuplicateDirPath: 'D:\\f\\effect-kit-master\\entry\\build\\default\\intermediates\\har_duplicate\\default',
  autoLazyImport: false,
  allowEmptyBundleName: false,
  reExportCheckMode: 'noCheck',
  usePathPlaceholder: false,
  writeRollupCache: true,
  isExpandImportEnabled: false,
  expandImportExclude: '',
  lazyImportExclude: '',
  lazyImportInclude: '',
  ignoreCrossplatformCheck: false,
  skipOhModulesLint: false,
  enableStrictCheckOHModule: false,
  disableSendableCheckRules: [],
  useDeclarationFileSignature: false,
  customizedOptions: undefined,
  integratedHsp: false,
  isPreloadSoEnabled: false,
  strictMode: undefined,
  useNormalizedOHMUrl: false,
  caseSensitiveCheck: false,
  aceModuleJsonPath: 'D:\\f\\effect-kit-master\\entry\\build\\default\\intermediates\\res\\default\\ark_module.json',
  appResource: 'D:\\f\\effect-kit-master\\entry\\build\\default\\intermediates\\res\\default\\ResourceTable.txt',
  rawFileResource: 'D:\\f\\effect-kit-master\\entry\\build\\default\\intermediates\\res\\default\\resources\\rawfile',
  resourceTableHash: 'f81fa096d91856514327cffc858a312a97361b9bf373544d9f3b7a66145cd118',
  runtimeOS: 'HarmonyOS',
  sdkInfo: 'false:23:6.1.0.105:Release',
  aceModuleRoot: 'D:\\f\\effect-kit-master\\entry\\src\\main\\ets',
  compileMode: 'esmodule',
  aceSuperVisualPath: 'D:\\f\\effect-kit-master\\entry\\src\\main\\supervisual',
  aceBuildJson: 'D:\\f\\effect-kit-master\\entry\\build\\default\\intermediates\\loader\\default\\loader.json',
  cachePath: 'D:\\f\\effect-kit-master\\entry\\build\\default\\cache\\default\\default@CompileArkTS\\esmodule\\debug',
  aceModuleBuild: 'D:\\f\\effect-kit-master\\entry\\build\\default\\intermediates\\loader_out\\default\\ets',
  supportChunks: true,
  declaredFilesPath: undefined,
  shouldCollectDirectImportees: false,
  isByteCodeHarOptimize: false,
  expandImportPath: undefined,
  resourceTableTs: 'D:\\f\\effect-kit-master\\entry\\build\\default\\generated\\r\\default\\ResourceTable.ts',
  moduleMetaInfoFiles: [
    {
      filePath: 'D:\\f\\effect-kit-master\\entry\\build\\default\\generated\\r\\default\\ResourceTable.ts',
      ohmurl: 'com.example.effectkit/effectkitsample/build/generated/r/ResourceTable'
    }
  ],
  pkgNameToPkgBriefInfo: {
    effectkitsample: {
      pkgRoot: 'D:\\f\\effect-kit-master\\entry',
      originalSourceRoots: undefined,
      sourceRoots: [Array],
      pkgName: 'effectkitsample'
    }
  },
  projectModel: {
    'D:\\f\\effect-kit-master\\entry\\src\\main': {
      moduleName: 'effectkitsample',
      modulePkgPath: 'D:\\f\\effect-kit-master\\entry',
      belongProjectPath: 'D:\\f\\effect-kit-master'
    },
    'D:\\f\\effect-kit-master\\entry\\.test\\default\\intermediates\\src\\ohosTest\\ets': {
      moduleName: 'effectkitsample',
      modulePkgPath: 'D:\\f\\effect-kit-master\\entry',
      belongProjectPath: 'D:\\f\\effect-kit-master'
    },
    'D:\\f\\effect-kit-master\\entry\\src\\ohosTest': {
      moduleName: 'effectkitsample',
      modulePkgPath: 'D:\\f\\effect-kit-master\\entry',
      belongProjectPath: 'D:\\f\\effect-kit-master'
    },
    'D:\\f\\effect-kit-master\\entry': {
      moduleName: 'effectkitsample',
      modulePkgPath: 'D:\\f\\effect-kit-master\\entry',
      belongProjectPath: 'D:\\f\\effect-kit-master'
    },
    'D:\\f\\effect-kit-master': {
      moduleName: 'effect-kit-master',
      modulePkgPath: 'D:\\f\\effect-kit-master',
      belongProjectPath: 'D:\\f\\effect-kit-master'
    }
  },
  pkgJsonFileHash: 'c8e17a09ec98390e6b0222f7dd883e2bf900288ca532903b52fe9328e0e74185',
  allModulePaths: [ 'D:\\f\\effect-kit-master\\entry' ],
  routerMap: {},
  obfuscationOptions: undefined,
  byteCodeHarToDependencyKeys: undefined,
  compileBlockPkg: [],
  mockParams: {
    decorator: '@MockSetup',
    packageName: '@ohos/hamock',
    etsSourceRootPath: 'src/main/ets',
    mockConfigPath: undefined,
    mockConfigKey2ModuleInfo: {},
    source2ModuleIdMap: {}
  },
  copyCodeResourceEnable: true,
  copyCodeResourceExcludes: [],
  copyCodeResourceIncludes: undefined,
  uiTransformOptimization: false,
  sdkPath: 'C:/Program Files/Huawei/DevEco Studio/sdk',
  needPreloadSoFileSet: {},
  preloadSoFilePath: 'D:\\f\\effect-kit-master\\entry\\build\\default\\intermediates\\preload\\default\\preload.json',
  useSourceHash: false,
  localModuleParamMap: {},
  otherPaths: {
    'effectkitsample/*': [
      '..\\*',
      '..\\..\\..\\build\\default\\generated\\profile\\default\\*'
    ]
  },
  collectImportersConfig: undefined
}
[2026-05-25T20:30:39.893] [DEBUG] debug-file - Compile arkts with external api path: C:\Program Files\Huawei\DevEco Studio\sdk\default\hms\ets
[2026-05-25T20:30:39.895] [DEBUG] debug-file - default@CompileArkTS work[0] is submitted.
[2026-05-25T20:30:39.896] [DEBUG] debug-file - default@CompileArkTS work[0] is pushed to ready queue.
[2026-05-25T20:30:39.896] [DEBUG] debug-file - A work dispatched to worker[23] failed because unable to get work from ready queue.
[2026-05-25T20:30:39.896] [DEBUG] debug-file - A work dispatched to worker[22] failed because unable to get work from ready queue.
[2026-05-25T20:30:39.896] [DEBUG] debug-file - A work dispatched to worker[21] failed because unable to get work from ready queue.
[2026-05-25T20:30:39.897] [DEBUG] debug-file - A work dispatched to worker[20] failed because unable to get work from ready queue.
[2026-05-25T20:30:39.897] [DEBUG] debug-file - A work dispatched to worker[19] failed because unable to get work from ready queue.
[2026-05-25T20:30:39.897] [DEBUG] debug-file - A work dispatched to worker[18] failed because unable to get work from ready queue.
[2026-05-25T20:30:39.897] [DEBUG] debug-file - A work dispatched to worker[17] failed because unable to get work from ready queue.
[2026-05-25T20:30:39.897] [DEBUG] debug-file - A work dispatched to worker[16] failed because unable to get work from ready queue.
[2026-05-25T20:30:39.897] [DEBUG] debug-file - A work dispatched to worker[15] failed because unable to get work from ready queue.
[2026-05-25T20:30:39.897] [DEBUG] debug-file - A work dispatched to worker[14] failed because unable to get work from ready queue.
[2026-05-25T20:30:39.897] [DEBUG] debug-file - A work dispatched to worker[13] failed because unable to get work from ready queue.
[2026-05-25T20:30:39.897] [DEBUG] debug-file - A work dispatched to worker[12] failed because unable to get work from ready queue.
[2026-05-25T20:30:39.897] [DEBUG] debug-file - A work dispatched to worker[11] failed because unable to get work from ready queue.
[2026-05-25T20:30:39.897] [DEBUG] debug-file - A work dispatched to worker[10] failed because unable to get work from ready queue.
[2026-05-25T20:30:39.897] [DEBUG] debug-file - A work dispatched to worker[9] failed because unable to get work from ready queue.
[2026-05-25T20:30:39.897] [DEBUG] debug-file - A work dispatched to worker[8] failed because unable to get work from ready queue.
[2026-05-25T20:30:39.898] [DEBUG] debug-file - A work dispatched to worker[7] failed because unable to get work from ready queue.
[2026-05-25T20:30:39.898] [DEBUG] debug-file - A work dispatched to worker[6] failed because unable to get work from ready queue.
[2026-05-25T20:30:39.898] [DEBUG] debug-file - A work dispatched to worker[5] failed because unable to get work from ready queue.
[2026-05-25T20:30:39.898] [DEBUG] debug-file - Create  resident worker with id: 4.
[2026-05-25T20:30:39.900] [DEBUG] debug-file - default@CompileArkTS work[0] has been dispatched to worker[4].
[2026-05-25T20:30:39.900] [DEBUG] debug-file - default@CompileArkTS work[0] is dispatched.
[2026-05-25T20:30:39.900] [DEBUG] debug-file - CopyResources startTime: 12122502624400
[2026-05-25T20:30:39.900] [DEBUG] debug-file - default@CompileArkTS work[1] is submitted.
[2026-05-25T20:30:39.901] [DEBUG] debug-file - default@CompileArkTS work[1] is pushed to ready queue.
[2026-05-25T20:30:39.901] [DEBUG] debug-file - A work dispatched to worker[23] failed because unable to get work from ready queue.
[2026-05-25T20:30:39.901] [DEBUG] debug-file - Create  resident worker with id: 22.
[2026-05-25T20:30:39.902] [DEBUG] debug-file - default@CompileArkTS work[1] has been dispatched to worker[22].
[2026-05-25T20:30:39.902] [DEBUG] debug-file - default@CompileArkTS work[1] is dispatched.
[2026-05-25T20:30:39.902] [DEBUG] debug-file - effectkitsample : default@CompileArkTS cost memory 1.605621337890625
[2026-05-25T20:30:39.903] [DEBUG] debug-file - Executing task :effectkitsample:default@BuildJS
[2026-05-25T20:30:39.904] [DEBUG] debug-file - Task 'effectkitsample:default@BuildJS' cost while wrapping incremental declarations: 1 ms 
[2026-05-25T20:30:39.906] [DEBUG] debug-file - effectkitsample : default@BuildJS cost memory 0.1405487060546875
[2026-05-25T20:30:39.906] [DEBUG] debug-file - runTaskFromQueue task cost before running: 3 s 17 ms 
[2026-05-25T20:30:39.906] [INFO] debug-file - Finished :effectkitsample:default@BuildJS... after 3 ms 
[2026-05-25T20:30:39.908] [DEBUG] debug-file - Executing task :effectkitsample:default@CacheNativeLibs
[2026-05-25T20:30:39.908] [DEBUG] debug-file - File: 'D:\f\effect-kit-master\entry\build\default\intermediates\binxo\default' from 'cacheBinxoNativeLibs' is not exists, just ignore.
[2026-05-25T20:30:39.909] [DEBUG] debug-file - Task 'effectkitsample:default@CacheNativeLibs' cost while wrapping incremental declarations: 1 ms 
[2026-05-25T20:30:39.909] [DEBUG] debug-file - default@CacheNativeLibs work[2] is submitted.
[2026-05-25T20:30:39.910] [DEBUG] debug-file - default@CacheNativeLibs work[2] is pushed to ready queue.
[2026-05-25T20:30:39.910] [DEBUG] debug-file - A work dispatched to worker[23] failed because unable to get work from ready queue.
[2026-05-25T20:30:39.910] [DEBUG] debug-file - A work dispatched to worker[22] failed because of worker busy.
[2026-05-25T20:30:39.910] [DEBUG] debug-file - Create  resident worker with id: 21.
[2026-05-25T20:30:39.911] [DEBUG] debug-file - default@CacheNativeLibs work[2] has been dispatched to worker[21].
[2026-05-25T20:30:39.911] [DEBUG] debug-file - default@CacheNativeLibs work[2] is dispatched.
[2026-05-25T20:30:39.911] [DEBUG] debug-file - effectkitsample : default@CacheNativeLibs cost memory 0.16590118408203125
[2026-05-25T20:30:40.923] [DEBUG] debug-file - worker[22] has one work done.
[2026-05-25T20:30:40.923] [DEBUG] debug-file - CopyResources is end, endTime: 12123525334100
[2026-05-25T20:30:40.923] [DEBUG] debug-file - default@CompileArkTS work[1] done.
[2026-05-25T20:30:40.923] [DEBUG] debug-file - A work dispatched to worker[22] failed because unable to get work from ready queue.
[2026-05-25T20:30:40.991] [DEBUG] debug-file - worker[21] has one work done.
[2026-05-25T20:30:40.991] [DEBUG] debug-file - default@CacheNativeLibs work[2] done.
[2026-05-25T20:30:40.991] [DEBUG] debug-file - A work dispatched to worker[21] failed because unable to get work from ready queue.
[2026-05-25T20:30:40.991] [INFO] debug-file - Finished :effectkitsample:default@CacheNativeLibs... after 10 ms 
[2026-05-25T20:30:46.753] [DEBUG] debug-file - worker[4] has one work done.
[2026-05-25T20:30:46.753] [DEBUG] debug-file - Ark compile task finished.finished time is 12129355512000
[2026-05-25T20:30:46.756] [DEBUG] debug-file - default@CompileArkTS work[0] done.
[2026-05-25T20:30:46.756] [DEBUG] debug-file - A work dispatched to worker[4] failed because unable to get work from ready queue.
[2026-05-25T20:30:46.758] [INFO] debug-file - Finished :effectkitsample:default@CompileArkTS... after 4 s 610 ms 
[2026-05-25T20:30:46.760] [DEBUG] debug-file - Executing task :effectkitsample:default@GeneratePkgModuleJson
[2026-05-25T20:30:46.760] [DEBUG] debug-file - File: 'D:\f\effect-kit-master\entry\build\default\intermediates\preload\default\preload.json' from 'preloadSoJsonPath' is not exists, just ignore.
[2026-05-25T20:30:46.761] [DEBUG] debug-file - Error occurs while handling @Input 'shouldDeduplicateHar': The "data" argument must be of type string or an instance of Buffer, TypedArray, or DataView. Received undefined
[2026-05-25T20:30:46.761] [DEBUG] debug-file - Task 'effectkitsample:default@GeneratePkgModuleJson' cost while wrapping incremental declarations: 2 ms 
[2026-05-25T20:30:46.764] [DEBUG] debug-file - effectkitsample : default@GeneratePkgModuleJson cost memory 0.3001708984375
[2026-05-25T20:30:46.764] [DEBUG] debug-file - runTaskFromQueue task cost before running: 9 s 875 ms 
[2026-05-25T20:30:46.764] [INFO] debug-file - Finished :effectkitsample:default@GeneratePkgModuleJson... after 5 ms 
[2026-05-25T20:30:46.765] [DEBUG] debug-file - Executing task :effectkitsample:default@ProcessCompiledResources
[2026-05-25T20:30:46.765] [DEBUG] debug-file - File: 'D:\f\effect-kit-master\entry\build\default\intermediates\preload\default\preload.json' from 'preloadSoJsonPath' is not exists, just ignore.
[2026-05-25T20:30:46.765] [DEBUG] debug-file - Task 'effectkitsample:default@ProcessCompiledResources' cost while wrapping incremental declarations: 1 ms 
[2026-05-25T20:30:46.765] [DEBUG] debug-file - effectkitsample : default@ProcessCompiledResources cost memory 0.0567779541015625
[2026-05-25T20:30:46.765] [DEBUG] debug-file - runTaskFromQueue task cost before running: 9 s 877 ms 
[2026-05-25T20:30:46.766] [INFO] debug-file - Finished :effectkitsample:default@ProcessCompiledResources... after 1 ms 
[2026-05-25T20:30:46.767] [DEBUG] debug-file - Executing task :effectkitsample:default@PackageHap
[2026-05-25T20:30:46.772] [DEBUG] debug-file - Use tool [C:\Program Files\Huawei\DevEco Studio\sdk\default\openharmony\toolchains\lib\app_packing_tool.jar]
 [
  'java',
  '-Dfile.encoding=GBK',
  '-jar',
  'C:\\Program Files\\Huawei\\DevEco Studio\\sdk\\default\\openharmony\\toolchains\\lib\\app_packing_tool.jar',
  '--mode',
  'hap',
  '--force',
  'true',
  '--lib-path',
  'D:\\f\\effect-kit-master\\entry\\build\\default\\intermediates\\stripped_native_libs\\default',
  '--json-path',
  'D:\\f\\effect-kit-master\\entry\\build\\default\\intermediates\\package\\default\\module.json',
  '--resources-path',
  'D:\\f\\effect-kit-master\\entry\\build\\default\\intermediates\\res\\default\\resources',
  '--index-path',
  'D:\\f\\effect-kit-master\\entry\\build\\default\\intermediates\\res\\default\\resources.index',
  '--pack-info-path',
  'D:\\f\\effect-kit-master\\entry\\build\\default\\outputs\\default\\pack.info',
  '--out-path',
  'D:\\f\\effect-kit-master\\entry\\build\\default\\outputs\\default\\effectkitsample-default-unsigned.hap',
  '--ets-path',
  'D:\\f\\effect-kit-master\\entry\\build\\default\\intermediates\\loader_out\\default\\ets',
  '--pkg-sdk-info-path',
  'D:\\f\\effect-kit-master\\entry\\build\\default\\intermediates\\loader\\default\\pkgSdkInfo.json'
]
[2026-05-25T20:30:46.772] [DEBUG] debug-file - default@PackageHap work[3] is submitted.
[2026-05-25T20:30:46.773] [DEBUG] debug-file - default@PackageHap work[3] is pushed to ready queue.
[2026-05-25T20:30:46.773] [DEBUG] debug-file - A work dispatched to worker[23] failed because unable to get work from ready queue.
[2026-05-25T20:30:46.773] [DEBUG] debug-file - default@PackageHap work[3] has been dispatched to worker[22].
[2026-05-25T20:30:46.773] [DEBUG] debug-file - default@PackageHap work[3] is dispatched.
[2026-05-25T20:30:46.776] [DEBUG] debug-file - effectkitsample : default@PackageHap cost memory 0.3433685302734375
[2026-05-25T20:30:46.974] [DEBUG] debug-file - current process  memoryUsage: {
  rss: 746524672,
  heapTotal: 81559552,
  heapUsed: 54729696,
  external: 2423390,
  arrayBuffers: 181713
} os memoryUsage :14.616828918457031
[2026-05-25T20:30:47.392] [DEBUG] debug-file - worker[22] has one work done.
[2026-05-25T20:30:47.392] [DEBUG] debug-file - default@PackageHap work[3] done.
[2026-05-25T20:30:47.392] [DEBUG] debug-file - A work dispatched to worker[22] failed because unable to get work from ready queue.
[2026-05-25T20:30:47.393] [INFO] debug-file - Finished :effectkitsample:default@PackageHap... after 430 ms 
[2026-05-25T20:30:47.394] [DEBUG] debug-file - Executing task :effectkitsample:default@PackingCheck
[2026-05-25T20:30:47.399] [DEBUG] debug-file - effectkitsample : default@PackingCheck cost memory 0.5091552734375
[2026-05-25T20:30:47.399] [DEBUG] debug-file - runTaskFromQueue task cost before running: 10 s 510 ms 
[2026-05-25T20:30:47.399] [INFO] debug-file - Finished :effectkitsample:default@PackingCheck... after 6 ms 
[2026-05-25T20:30:47.400] [DEBUG] debug-file - Executing task :effectkitsample:default@SignHap
[2026-05-25T20:30:47.400] [WARN] debug-file - Will skip sign 'hos_hap'. No signingConfigs profile is configured in current project.
             If needed, configure the signingConfigs in D:\f\effect-kit-master\build-profile.json5.
[2026-05-25T20:30:47.401] [DEBUG] debug-file - effectkitsample : default@SignHap cost memory 0.05481719970703125
[2026-05-25T20:30:47.401] [DEBUG] debug-file - runTaskFromQueue task cost before running: 10 s 512 ms 
[2026-05-25T20:30:47.401] [INFO] debug-file - Finished :effectkitsample:default@SignHap... after 2 ms 
[2026-05-25T20:30:47.402] [DEBUG] debug-file - Executing task :effectkitsample:default@CollectDebugSymbol
[2026-05-25T20:30:47.403] [DEBUG] debug-file - effectkitsample : default@CollectDebugSymbol cost memory 0.0808868408203125
[2026-05-25T20:30:47.403] [DEBUG] debug-file - runTaskFromQueue task cost before running: 10 s 514 ms 
[2026-05-25T20:30:47.403] [INFO] debug-file - Finished :effectkitsample:default@CollectDebugSymbol... after 1 ms 
[2026-05-25T20:30:47.403] [DEBUG] debug-file - Executing task :effectkitsample:assembleHap
[2026-05-25T20:30:47.403] [DEBUG] debug-file - effectkitsample : assembleHap cost memory 0.01282501220703125
[2026-05-25T20:30:47.403] [DEBUG] debug-file - runTaskFromQueue task cost before running: 10 s 515 ms 
[2026-05-25T20:30:47.404] [INFO] debug-file - Finished :effectkitsample:assembleHap... after 1 ms 
[2026-05-25T20:30:47.412] [INFO] debug-file - BUILD SUCCESSFUL in 10 s 523 ms 
[2026-05-25T20:30:47.414] [DEBUG] debug-file - Update task effectkitsample:default@PreBuild input file:D:\f\effect-kit-master\AppScope\app.json5 cache by regenerate.
[2026-05-25T20:30:47.414] [DEBUG] debug-file - Update task effectkitsample:default@PreBuild input file:D:\f\effect-kit-master\entry\src\main\module.json5 cache by regenerate.
[2026-05-25T20:30:47.415] [DEBUG] debug-file - Update task effectkitsample:default@PreBuild input file:D:\f\effect-kit-master\build-profile.json5 cache by regenerate.
[2026-05-25T20:30:47.415] [DEBUG] debug-file - Update task effectkitsample:default@PreBuild input file:D:\f\effect-kit-master\entry\build-profile.json5 cache by regenerate.
[2026-05-25T20:30:47.415] [DEBUG] debug-file - Update task effectkitsample:default@PreBuild input file:D:\f\effect-kit-master\entry\src\main\resources\base\profile\main_pages.json cache by regenerate.
[2026-05-25T20:30:47.415] [DEBUG] debug-file - Update task effectkitsample:default@PreBuild input file:D:\f\effect-kit-master\hvigor\hvigor-config.json5 cache by regenerate.
[2026-05-25T20:30:47.415] [DEBUG] debug-file - Update task effectkitsample:default@PreBuild input file:D:\f\effect-kit-master\entry\oh-package.json5 cache by regenerate.
[2026-05-25T20:30:47.416] [DEBUG] debug-file - Update task effectkitsample:default@PreBuild input file:D:\f\effect-kit-master\oh-package.json5 cache by regenerate.
[2026-05-25T20:30:47.416] [DEBUG] debug-file - Incremental task effectkitsample:default@PreBuild post-execution cost:3 ms .
[2026-05-25T20:30:47.416] [DEBUG] debug-file - Update task effectkitsample:default@CreateModuleInfo output file:D:\f\effect-kit-master\entry\build\default\generated\profile\default\ModuleInfo.ts cache.
[2026-05-25T20:30:47.416] [DEBUG] debug-file - Incremental task effectkitsample:default@CreateModuleInfo post-execution cost:1 ms .
[2026-05-25T20:30:47.416] [DEBUG] debug-file - Update task effectkitsample:default@GenerateMetadata input file:D:\f\effect-kit-master\entry\src\main\module.json5 cache by regenerate.
[2026-05-25T20:30:47.417] [DEBUG] debug-file - Update task effectkitsample:default@GenerateMetadata output file:D:\f\effect-kit-master\entry\build\default\intermediates\hap_metadata\default\output_metadata.json cache.
[2026-05-25T20:30:47.417] [DEBUG] debug-file - Incremental task effectkitsample:default@GenerateMetadata post-execution cost:1 ms .
[2026-05-25T20:30:47.417] [DEBUG] debug-file - Update task effectkitsample:default@MergeProfile input file:D:\f\effect-kit-master\AppScope\app.json5 cache by regenerate.
[2026-05-25T20:30:47.417] [DEBUG] debug-file - Update task effectkitsample:default@MergeProfile input file:D:\f\effect-kit-master\build-profile.json5 cache by regenerate.
[2026-05-25T20:30:47.417] [DEBUG] debug-file - Update task effectkitsample:default@MergeProfile input file:D:\f\effect-kit-master\entry\src\main\module.json5 cache by regenerate.
[2026-05-25T20:30:47.417] [DEBUG] debug-file - Update task effectkitsample:default@MergeProfile output file:D:\f\effect-kit-master\entry\build\default\intermediates\merge_profile\default\module.json cache.
[2026-05-25T20:30:47.418] [DEBUG] debug-file - Incremental task effectkitsample:default@MergeProfile post-execution cost:1 ms .
[2026-05-25T20:30:47.418] [DEBUG] debug-file - Update task effectkitsample:default@CreateBuildProfile input file:D:\f\effect-kit-master\AppScope\app.json5 cache by regenerate.
[2026-05-25T20:30:47.418] [DEBUG] debug-file - Update task effectkitsample:default@CreateBuildProfile input file:D:\f\effect-kit-master\build-profile.json5 cache by regenerate.
[2026-05-25T20:30:47.418] [DEBUG] debug-file - Update task effectkitsample:default@CreateBuildProfile output file:D:\f\effect-kit-master\entry\build\default\generated\profile\default\BuildProfile.ets cache.
[2026-05-25T20:30:47.418] [DEBUG] debug-file - Incremental task effectkitsample:default@CreateBuildProfile post-execution cost:1 ms .
[2026-05-25T20:30:47.418] [DEBUG] debug-file - Update task effectkitsample:default@GeneratePkgContextInfo output file:D:\f\effect-kit-master\entry\build\default\intermediates\loader\default\pkgContextInfo.json cache.
[2026-05-25T20:30:47.418] [DEBUG] debug-file - Incremental task effectkitsample:default@GeneratePkgContextInfo post-execution cost:1 ms .
[2026-05-25T20:30:47.418] [DEBUG] debug-file - Update task effectkitsample:default@GeneratePkgSdkInfo output file:D:\f\effect-kit-master\entry\build\default\intermediates\loader\default\pkgSdkInfo.json cache.
[2026-05-25T20:30:47.418] [DEBUG] debug-file - Incremental task effectkitsample:default@GeneratePkgSdkInfo post-execution cost:1 ms .
[2026-05-25T20:30:47.419] [DEBUG] debug-file - Update task effectkitsample:default@ProcessIntegratedHsp output file:D:\f\effect-kit-master\build\cache\default\integrated_hsp\integratedHspCache.json cache.
[2026-05-25T20:30:47.419] [DEBUG] debug-file - Incremental task effectkitsample:default@ProcessIntegratedHsp post-execution cost:1 ms .
[2026-05-25T20:30:47.419] [DEBUG] debug-file - Update task effectkitsample:default@MakePackInfo input file:D:\f\effect-kit-master\AppScope\app.json5 cache by regenerate.
[2026-05-25T20:30:47.419] [DEBUG] debug-file - Update task effectkitsample:default@MakePackInfo input file:D:\f\effect-kit-master\entry\src\main\module.json5 cache by regenerate.
[2026-05-25T20:30:47.419] [DEBUG] debug-file - Update task effectkitsample:default@MakePackInfo input file:D:\f\effect-kit-master\build-profile.json5 cache by regenerate.
[2026-05-25T20:30:47.419] [DEBUG] debug-file - Update task effectkitsample:default@MakePackInfo output file:D:\f\effect-kit-master\entry\build\default\outputs\default\pack.info cache.
[2026-05-25T20:30:47.419] [DEBUG] debug-file - Incremental task effectkitsample:default@MakePackInfo post-execution cost:1 ms .
[2026-05-25T20:30:47.419] [DEBUG] debug-file - Update task effectkitsample:default@SyscapTransform input file:C:\Program Files\Huawei\DevEco Studio\sdk\default\openharmony\toolchains\syscap_tool.exe cache by regenerate.
[2026-05-25T20:30:47.420] [DEBUG] debug-file - Update task effectkitsample:default@SyscapTransform input file:C:\Program Files\Huawei\DevEco Studio\sdk\default\openharmony\ets\api\device-define cache by regenerate.
[2026-05-25T20:30:47.421] [DEBUG] debug-file - Update task effectkitsample:default@SyscapTransform output file:D:\f\effect-kit-master\entry\build\default\intermediates\syscap\default\rpcid.sc cache.
[2026-05-25T20:30:47.421] [DEBUG] debug-file - Incremental task effectkitsample:default@SyscapTransform post-execution cost:2 ms .
[2026-05-25T20:30:47.421] [DEBUG] debug-file - Update task effectkitsample:default@ProcessProfile input file:D:\f\effect-kit-master\entry\build\default\intermediates\merge_profile\default\module.json cache by regenerate.
[2026-05-25T20:30:47.421] [DEBUG] debug-file - Update task effectkitsample:default@ProcessProfile output file:D:\f\effect-kit-master\entry\build\default\intermediates\process_profile\default\module.json cache.
[2026-05-25T20:30:47.421] [DEBUG] debug-file - Incremental task effectkitsample:default@ProcessProfile post-execution cost:1 ms .
[2026-05-25T20:30:47.421] [DEBUG] debug-file - Update task effectkitsample:default@ProcessRouterMap input file:D:\f\effect-kit-master\entry\oh-package.json5 cache by regenerate.
[2026-05-25T20:30:47.422] [DEBUG] debug-file - Update task effectkitsample:default@ProcessRouterMap input file:D:\f\effect-kit-master\oh-package.json5 cache by regenerate.
[2026-05-25T20:30:47.422] [DEBUG] debug-file - Update task effectkitsample:default@ProcessRouterMap input file:D:\f\effect-kit-master\entry\src\main\module.json5 cache by regenerate.
[2026-05-25T20:30:47.422] [DEBUG] debug-file - Update task effectkitsample:default@ProcessRouterMap output file:D:\f\effect-kit-master\entry\build\default\intermediates\router_map\default\temp-router-map.json cache.
[2026-05-25T20:30:47.422] [DEBUG] debug-file - Update task effectkitsample:default@ProcessRouterMap output file:D:\f\effect-kit-master\entry\build\default\intermediates\router_map\default\loader-router-map.json cache.
[2026-05-25T20:30:47.422] [DEBUG] debug-file - Incremental task effectkitsample:default@ProcessRouterMap post-execution cost:1 ms .
[2026-05-25T20:30:47.422] [DEBUG] debug-file - Update task effectkitsample:default@ProcessShareConfig input file:D:\f\effect-kit-master\entry\oh-package.json5 cache by regenerate.
[2026-05-25T20:30:47.422] [DEBUG] debug-file - Update task effectkitsample:default@ProcessShareConfig input file:D:\f\effect-kit-master\oh-package.json5 cache by regenerate.
[2026-05-25T20:30:47.423] [DEBUG] debug-file - Update task effectkitsample:default@ProcessShareConfig input file:D:\f\effect-kit-master\entry\src\main\module.json5 cache by regenerate.
[2026-05-25T20:30:47.423] [DEBUG] debug-file - Update task effectkitsample:default@ProcessShareConfig output file:D:\f\effect-kit-master\entry\build\default\intermediates\share_config\default\temp-share-config.json cache.
[2026-05-25T20:30:47.423] [DEBUG] debug-file - Incremental task effectkitsample:default@ProcessShareConfig post-execution cost:1 ms .
[2026-05-25T20:30:47.423] [DEBUG] debug-file - Update task effectkitsample:default@ProcessStartupConfig output file:D:\f\effect-kit-master\entry\build\default\intermediates\startup\default\startup_config.json cache.
[2026-05-25T20:30:47.423] [DEBUG] debug-file - Incremental task effectkitsample:default@ProcessStartupConfig post-execution cost:1 ms .
[2026-05-25T20:30:47.423] [DEBUG] debug-file - Update task effectkitsample:default@ProcessResource output file:D:\f\effect-kit-master\entry\build\default\intermediates\res\default\resConfig.json cache.
[2026-05-25T20:30:47.423] [DEBUG] debug-file - Update task effectkitsample:default@ProcessResource output file:D:\f\effect-kit-master\entry\build\default\intermediates\res\default\opt-compression.json cache.
[2026-05-25T20:30:47.424] [DEBUG] debug-file - Incremental task effectkitsample:default@ProcessResource post-execution cost:1 ms .
[2026-05-25T20:30:47.425] [DEBUG] debug-file - Update task effectkitsample:default@GenerateLoaderJson input file:D:\f\effect-kit-master\entry\build\default\intermediates\router_map\default\temp-router-map.json cache by regenerate.
[2026-05-25T20:30:47.425] [DEBUG] debug-file - Update task effectkitsample:default@GenerateLoaderJson output file:D:\f\effect-kit-master\entry\build\default\intermediates\loader\default\loader.json cache.
[2026-05-25T20:30:47.426] [DEBUG] debug-file - Incremental task effectkitsample:default@GenerateLoaderJson post-execution cost:2 ms .
[2026-05-25T20:30:47.426] [DEBUG] debug-file - Update task effectkitsample:default@ProcessLibs input file:D:\f\effect-kit-master\build-profile.json5 cache by regenerate.
[2026-05-25T20:30:47.426] [DEBUG] debug-file - Update task effectkitsample:default@ProcessLibs input file:D:\f\effect-kit-master\entry\build-profile.json5 cache by regenerate.
[2026-05-25T20:30:47.427] [DEBUG] debug-file - Update task effectkitsample:default@ProcessLibs output file:D:\f\effect-kit-master\entry\build\default\intermediates\libs\default cache.
[2026-05-25T20:30:47.427] [DEBUG] debug-file - Incremental task effectkitsample:default@ProcessLibs post-execution cost:2 ms .
[2026-05-25T20:30:47.428] [DEBUG] debug-file - Update task effectkitsample:default@CompileResource input file:D:\f\effect-kit-master\entry\src\main\resources cache by regenerate.
[2026-05-25T20:30:47.431] [DEBUG] debug-file - Update task effectkitsample:default@CompileResource input file:D:\f\effect-kit-master\AppScope\resources cache by regenerate.
[2026-05-25T20:30:47.432] [DEBUG] debug-file - Update task effectkitsample:default@CompileResource input file:D:\f\effect-kit-master\entry\build\default\intermediates\process_profile\default\module.json cache by regenerate.
[2026-05-25T20:30:47.432] [DEBUG] debug-file - Update task effectkitsample:default@CompileResource input file:D:\f\effect-kit-master\entry\build\default\intermediates\res\default\resConfig.json cache by regenerate.
[2026-05-25T20:30:47.432] [DEBUG] debug-file - Update task effectkitsample:default@CompileResource output file:D:\f\effect-kit-master\entry\build\default\intermediates\res\default cache.
[2026-05-25T20:30:47.436] [DEBUG] debug-file - Update task effectkitsample:default@CompileResource output file:D:\f\effect-kit-master\entry\build\default\generated\r\default\ResourceTable.h cache.
[2026-05-25T20:30:47.436] [DEBUG] debug-file - Update task effectkitsample:default@CompileResource output file:D:\f\effect-kit-master\entry\build\default\generated\r\default\ResourceTable.ts cache.
[2026-05-25T20:30:47.436] [DEBUG] debug-file - Update task effectkitsample:default@CompileResource output file:D:\f\effect-kit-master\entry\build\default\generated\r\default cache.
[2026-05-25T20:30:47.437] [DEBUG] debug-file - Incremental task effectkitsample:default@CompileResource post-execution cost:10 ms .
[2026-05-25T20:30:47.437] [DEBUG] debug-file - Update task effectkitsample:default@DoNativeStrip input file:D:\f\effect-kit-master\entry\build\default\intermediates\libs\default cache by regenerate.
[2026-05-25T20:30:47.437] [DEBUG] debug-file - Update task effectkitsample:default@DoNativeStrip output file:D:\f\effect-kit-master\entry\build\default\intermediates\stripped_native_libs\default cache.
[2026-05-25T20:30:47.438] [DEBUG] debug-file - Incremental task effectkitsample:default@DoNativeStrip post-execution cost:1 ms .
[2026-05-25T20:30:47.439] [DEBUG] debug-file - Update task effectkitsample:default@CompileArkTS input file:D:\f\effect-kit-master\entry\build\default\intermediates\loader\default cache by regenerate.
[2026-05-25T20:30:47.440] [DEBUG] debug-file - Update task effectkitsample:default@CompileArkTS input file:D:\f\effect-kit-master\entry\build\default\intermediates\res\default\ResourceTable.txt cache by regenerate.
[2026-05-25T20:30:47.440] [DEBUG] debug-file - Update task effectkitsample:default@CompileArkTS input file:D:\f\effect-kit-master\entry\build\default\intermediates\res\default\ark_module.json cache by regenerate.
[2026-05-25T20:30:47.440] [DEBUG] debug-file - Update task effectkitsample:default@CompileArkTS input file:D:\f\effect-kit-master\entry\build\default\intermediates\res\default\resources\base\profile cache by regenerate.
[2026-05-25T20:30:47.441] [DEBUG] debug-file - Update task effectkitsample:default@CompileArkTS input file:D:\f\effect-kit-master\entry\src\main\ets cache by regenerate.
[2026-05-25T20:30:47.443] [DEBUG] debug-file - Update task effectkitsample:default@CompileArkTS input file:D:\f\effect-kit-master\entry\build\default\generated\profile\default\BuildProfile.ets cache by regenerate.
[2026-05-25T20:30:47.443] [DEBUG] debug-file - Update task effectkitsample:default@CompileArkTS output file:D:\f\effect-kit-master\entry\build\default\intermediates\loader_out\default\ets cache.
[2026-05-25T20:30:47.444] [DEBUG] debug-file - Incremental task effectkitsample:default@CompileArkTS post-execution cost:7 ms .
[2026-05-25T20:30:47.445] [DEBUG] debug-file - Update task effectkitsample:default@BuildJS input file:D:\f\effect-kit-master\entry\build\default\intermediates\loader\default cache by regenerate.
[2026-05-25T20:30:47.446] [DEBUG] debug-file - Update task effectkitsample:default@BuildJS input file:D:\f\effect-kit-master\entry\build\default\intermediates\res\default\ResourceTable.txt cache by regenerate.
[2026-05-25T20:30:47.446] [DEBUG] debug-file - Update task effectkitsample:default@BuildJS input file:D:\f\effect-kit-master\entry\build\default\intermediates\res\default\ark_module.json cache by regenerate.
[2026-05-25T20:30:47.447] [DEBUG] debug-file - Update task effectkitsample:default@BuildJS input file:D:\f\effect-kit-master\entry\build\default\intermediates\res\default\resources\base\profile cache by regenerate.
[2026-05-25T20:30:47.447] [DEBUG] debug-file - Update task effectkitsample:default@BuildJS output file:D:\f\effect-kit-master\entry\build\default\intermediates\loader_out\default\js cache.
[2026-05-25T20:30:47.447] [DEBUG] debug-file - Incremental task effectkitsample:default@BuildJS post-execution cost:3 ms .
[2026-05-25T20:30:47.447] [DEBUG] debug-file - Update task effectkitsample:default@CacheNativeLibs input file:D:\f\effect-kit-master\entry\build\default\intermediates\stripped_native_libs\default cache by regenerate.
[2026-05-25T20:30:47.448] [DEBUG] debug-file - Update task effectkitsample:default@CacheNativeLibs input file:D:\f\effect-kit-master\entry\build\default\intermediates\libs\default cache by regenerate.
[2026-05-25T20:30:47.448] [DEBUG] debug-file - Update task effectkitsample:default@CacheNativeLibs output file:D:\f\effect-kit-master\entry\build\default\intermediates\patch\default\base_native_libs.json cache.
[2026-05-25T20:30:47.448] [DEBUG] debug-file - Update task effectkitsample:default@CacheNativeLibs output file:D:\f\effect-kit-master\entry\build\default\intermediates\patch\default\binxo_native_libs.json cache.
[2026-05-25T20:30:47.449] [DEBUG] debug-file - Incremental task effectkitsample:default@CacheNativeLibs post-execution cost:2 ms .
[2026-05-25T20:30:47.449] [DEBUG] debug-file - Update task effectkitsample:default@GeneratePkgModuleJson input file:D:\f\effect-kit-master\entry\build\default\intermediates\res\default\module.json cache by regenerate.
[2026-05-25T20:30:47.449] [DEBUG] debug-file - Update task effectkitsample:default@GeneratePkgModuleJson output file:D:\f\effect-kit-master\entry\build\default\intermediates\package\default\module.json cache.
[2026-05-25T20:30:47.449] [DEBUG] debug-file - Incremental task effectkitsample:default@GeneratePkgModuleJson post-execution cost:1 ms .
[2026-05-25T20:30:47.449] [DEBUG] debug-file - Incremental task effectkitsample:default@ProcessCompiledResources post-execution cost:1 ms .
[2026-05-25T20:30:47.450] [DEBUG] debug-file - Update task effectkitsample:default@PackageHap input file:D:\f\effect-kit-master\entry\build\default\intermediates\stripped_native_libs\default cache by regenerate.
[2026-05-25T20:30:47.450] [DEBUG] debug-file - Update task effectkitsample:default@PackageHap input file:D:\f\effect-kit-master\entry\build\default\intermediates\res\default\module.json cache by regenerate.
[2026-05-25T20:30:47.451] [DEBUG] debug-file - Update task effectkitsample:default@PackageHap input file:D:\f\effect-kit-master\entry\build\default\intermediates\res\default\resources cache by regenerate.
[2026-05-25T20:30:47.453] [DEBUG] debug-file - Update task effectkitsample:default@PackageHap input file:D:\f\effect-kit-master\entry\build\default\intermediates\res\default\resources.index cache by regenerate.
[2026-05-25T20:30:47.454] [DEBUG] debug-file - Update task effectkitsample:default@PackageHap input file:D:\f\effect-kit-master\entry\build\default\outputs\default\pack.info cache by regenerate.
[2026-05-25T20:30:47.454] [DEBUG] debug-file - Update task effectkitsample:default@PackageHap input file:D:\f\effect-kit-master\entry\build\default\intermediates\loader_out\default\ets cache by regenerate.
[2026-05-25T20:30:47.454] [DEBUG] debug-file - Update task effectkitsample:default@PackageHap input file:D:\f\effect-kit-master\entry\build\default\intermediates\loader\default\pkgSdkInfo.json cache by regenerate.
[2026-05-25T20:30:47.455] [DEBUG] debug-file - Update task effectkitsample:default@PackageHap input file:D:\f\effect-kit-master\entry\build\default\intermediates\loader_out\default\ets\sourceMaps.map cache by regenerate.
[2026-05-25T20:30:47.455] [DEBUG] debug-file - Update task effectkitsample:default@PackageHap input file:D:\f\effect-kit-master\entry\build\default\generated\profile\default\BuildProfile.ets cache by regenerate.
[2026-05-25T20:30:47.455] [DEBUG] debug-file - Update task effectkitsample:default@PackageHap output file:D:\f\effect-kit-master\entry\build\default\outputs\default\effectkitsample-default-unsigned.hap cache.
[2026-05-25T20:30:47.456] [DEBUG] debug-file - Update task effectkitsample:default@PackageHap output file:D:\f\effect-kit-master\entry\build\default\intermediates\source_map\default\sourceMaps.map cache.
[2026-05-25T20:30:47.456] [DEBUG] debug-file - Update task effectkitsample:default@PackageHap output file:D:\f\effect-kit-master\entry\build\default\outputs\default\mapping\sourceMaps.map cache.
[2026-05-25T20:30:47.456] [DEBUG] debug-file - Incremental task effectkitsample:default@PackageHap post-execution cost:7 ms .
[2026-05-25T20:30:47.456] [DEBUG] debug-file - Update task effectkitsample:default@SignHap input file:D:\f\effect-kit-master\entry\build\default\outputs\default\effectkitsample-default-unsigned.hap cache by regenerate.
[2026-05-25T20:30:47.457] [DEBUG] debug-file - Update task effectkitsample:default@SignHap output file:D:\f\effect-kit-master\entry\build\default\outputs\default\effectkitsample-default-signed.hap cache.
[2026-05-25T20:30:47.457] [DEBUG] debug-file - Incremental task effectkitsample:default@SignHap post-execution cost:1 ms .
[2026-05-25T20:30:47.457] [DEBUG] debug-file - Update task effectkitsample:default@CollectDebugSymbol input file:D:\f\effect-kit-master\entry\build\default\intermediates\loader_out\default\ets\sourceMaps.map cache by regenerate.
[2026-05-25T20:30:47.458] [DEBUG] debug-file - Update task effectkitsample:default@CollectDebugSymbol input file:D:\f\effect-kit-master\entry\build\default\intermediates\libs\default cache by regenerate.
[2026-05-25T20:30:47.458] [DEBUG] debug-file - Update task effectkitsample:default@CollectDebugSymbol output file:D:\f\effect-kit-master\entry\build\default\outputs\default\symbol cache.
[2026-05-25T20:30:47.458] [DEBUG] debug-file - Incremental task effectkitsample:default@CollectDebugSymbol post-execution cost:2 ms .
[2026-05-25T20:30:47.493] [DEBUG] debug-file - Cleanup worker 0.
[2026-05-25T20:30:47.493] [DEBUG] debug-file - Worker 0 has been cleaned up.
[2026-05-25T20:30:47.493] [DEBUG] debug-file - Current idle worker size: 4.
[2026-05-25T20:30:47.493] [DEBUG] debug-file - Current resident worker size: 5.
[2026-05-25T20:30:47.493] [DEBUG] debug-file - Cleanup worker 1.
[2026-05-25T20:30:47.493] [DEBUG] debug-file - Worker 1 has been cleaned up.
[2026-05-25T20:30:47.493] [DEBUG] debug-file - Current idle worker size: 3.
[2026-05-25T20:30:47.493] [DEBUG] debug-file - Current resident worker size: 5.
[2026-05-25T20:30:47.493] [DEBUG] debug-file - Cleanup worker 21.
[2026-05-25T20:30:47.493] [DEBUG] debug-file - Worker 21 has been cleaned up.
[2026-05-25T20:30:47.493] [DEBUG] debug-file - Current idle worker size: 2.
[2026-05-25T20:30:47.493] [DEBUG] debug-file - Current resident worker size: 5.
[2026-05-25T20:30:47.493] [DEBUG] debug-file - Cleanup worker 22.
[2026-05-25T20:30:47.493] [DEBUG] debug-file - Worker 22 has been cleaned up.
[2026-05-25T20:30:47.493] [DEBUG] debug-file - Current idle worker size: 1.
[2026-05-25T20:30:47.493] [DEBUG] debug-file - Current resident worker size: 5.
[2026-05-25T20:30:47.495] [DEBUG] debug-file - session manager: send message to worker process.
[2026-05-25T20:30:47.496] [DEBUG] debug-file - session manager: send message to worker process.
[2026-05-25T20:30:47.495] [DEBUG] debug-file - hvigor build process will be closed.
[2026-05-25T20:30:47.496] [DEBUG] debug-file - watch worker: worker id should be larger than 0. Nothing will be sent to any worker thread.
[2026-05-25T20:30:47.497] [DEBUG] debug-file - watch worker: worker id should be larger than 0. Nothing will be sent to any worker thread.
[2026-05-25T20:30:47.499] [DEBUG] debug-file - worker[0] exits with exit code 1.
[2026-05-25T20:30:47.499] [DEBUG] debug-file - worker[1] exits with exit code 1.
[2026-05-25T20:30:47.505] [DEBUG] debug-file - worker[21] exits with exit code 1.
[2026-05-25T20:30:47.506] [DEBUG] debug-file - worker[22] exits with exit code 1.
[2026-05-25T21:11:53.491] [DEBUG] debug-file - env: nodejsVersion=v18.20.1
[2026-05-25T21:11:53.533] [DEBUG] debug-file - env: daemon=true
[2026-05-25T21:11:53.492] [DEBUG] debug-file - env: hvigor-config.json5 content = {
  modelVersion: '5.0.0',
  dependencies: {},
  execution: {},
  logging: {},
  debugging: {},
  nodeOptions: {}
}
[2026-05-25T21:11:53.989] [DEBUG] debug-file - session manager: set active socket. socketId=kllhkNcFuNpqzZjXAAAD
[2026-05-25T21:11:53.999] [DEBUG] debug-file - watch worker: worker id should be larger than 0. Nothing will be sent to any worker thread.
[2026-05-25T21:11:54.007] [DEBUG] debug-file - Workers' log level updated to INFO
[2026-05-25T21:11:54.011] [DEBUG] debug-file - Hvigor init with startParameters:{
  hvigorfileTypeCheck: false,
  parallelExecution: true,
  incrementalExecution: true,
  printStackTrace: false,
  daemon: true,
  analyze: 0,
  logLevel: Level { level: 20000, levelStr: 'INFO', colour: 'green' },
  optimizationStrategy: 'memory',
  hotCompile: undefined,
  hotReloadBuild: undefined,
  customizedParam: undefined
}
[2026-05-25T21:11:54.019] [DEBUG] debug-file - Cache service initialization finished in 8 ms 
[2026-05-25T21:11:54.020] [DEBUG] debug-file - hvigorfile, resolving D:\f\effect-kit-master\hvigorfile.ts
[2026-05-25T21:11:54.034] [DEBUG] debug-file - hvigorfile, require result:  { default: { plugins: [] } }
[2026-05-25T21:11:54.034] [DEBUG] debug-file - hvigorfile, binding system plugins null
[2026-05-25T21:11:54.035] [DEBUG] debug-file - Starting plugin build process
[2026-05-25T21:11:54.035] [DEBUG] debug-file - App plugin prepare start...
[2026-05-25T21:11:54.035] [DEBUG] debug-file - App plugin prepare end...
[2026-05-25T21:11:54.035] [DEBUG] debug-file - App plugin creating...
[2026-05-25T21:11:54.041] [DEBUG] debug-file - App plugin register hook start...
[2026-05-25T21:11:54.041] [DEBUG] debug-file - App plugin register hook end...
[2026-05-25T21:11:54.041] [DEBUG] debug-file - Plugin build process completed
[2026-05-25T21:11:54.042] [DEBUG] debug-file - Start initialize project's product build option map with build mode debug.
[2026-05-25T21:11:54.042] [DEBUG] debug-file - Picking option from product 'default' with build mode 'debug'.
[2026-05-25T21:11:54.042] [DEBUG] debug-file - Product 'default' build option initialized
[2026-05-25T21:11:54.042] [DEBUG] debug-file - End initialize project's product build option map with build mode 'debug'.
[2026-05-25T21:11:54.044] [DEBUG] debug-file - Obtain build option for product 'default'in this build.
[2026-05-25T21:11:54.045] [DEBUG] debug-file - not found resModel json file in : D:\f\effect-kit-master\entry\src\ohosTest\module.json5
[2026-05-25T21:11:54.048] [DEBUG] debug-file - No signingConfig found, initRemoteHspCache failed.
[2026-05-25T21:11:54.050] [DEBUG] debug-file - Start recording SDK configuration permission data.
[2026-05-25T21:11:54.082] [DEBUG] debug-file - Sdk init in 33 ms 
[2026-05-25T21:11:54.086] [DEBUG] debug-file - Project task initialization takes 4 ms 
[2026-05-25T21:11:54.087] [DEBUG] debug-file - hvigorfile, begin to bind custom plugins...
[2026-05-25T21:11:54.087] [DEBUG] debug-file - hvigorfile, no custom plugins were found in D:\f\effect-kit-master\hvigorfile.ts
[2026-05-25T21:11:54.087] [DEBUG] debug-file - hvigorfile, resolve finished D:\f\effect-kit-master\hvigorfile.ts
[2026-05-25T21:11:54.087] [DEBUG] debug-file - hvigorfile, resolving D:\f\effect-kit-master\entry\hvigorfile.ts
[2026-05-25T21:11:54.091] [DEBUG] debug-file - hvigorfile, require result:  { default: { plugins: [] } }
[2026-05-25T21:11:54.091] [DEBUG] debug-file - hvigorfile, binding system plugins null
[2026-05-25T21:11:54.091] [DEBUG] debug-file - Starting plugin build process
[2026-05-25T21:11:54.091] [DEBUG] debug-file - Hap plugin creating...
[2026-05-25T21:11:54.093] [DEBUG] debug-file - failed to load cangjie to dynamically generate schemas: Error: Cannot find module '@ohos/cangjie-build-support/index'
Require stack:
- C:\Program Files\Huawei\DevEco Studio\tools\hvigor\hvigor-ohos-plugin\src\plugin\hooks\cangjie-register.js
- C:\Program Files\Huawei\DevEco Studio\tools\hvigor\hvigor-ohos-plugin\src\plugin\strategy\stage-init-strategy.js
- C:\Program Files\Huawei\DevEco Studio\tools\hvigor\hvigor-ohos-plugin\src\plugin\builder\abstract-plugin-builder.js
- C:\Program Files\Huawei\DevEco Studio\tools\hvigor\hvigor-ohos-plugin\src\plugin\builder\app-plugin-builder.js
- C:\Program Files\Huawei\DevEco Studio\tools\hvigor\hvigor-ohos-plugin\src\plugin\factory\plugin-factory.js
- C:\Program Files\Huawei\DevEco Studio\tools\hvigor\hvigor-ohos-plugin\index.js
- D:\f\effect-kit-master\hvigorfile.ts
- C:\Program Files\Huawei\DevEco Studio\tools\hvigor\hvigor\src\base\internal\lifecycle\configuration.js
- C:\Program Files\Huawei\DevEco Studio\tools\hvigor\hvigor\src\base\boot\index.js
- C:\Program Files\Huawei\DevEco Studio\tools\hvigor\hvigor\src\base\daemon\cluster\worker-process-lifecycle.js
- C:\Program Files\Huawei\DevEco Studio\tools\hvigor\hvigor\src\base\daemon\process\daemon-process-boot-script.js
[2026-05-25T21:11:54.102] [DEBUG] debug-file - Start initialize module-target build option map, moduleName=effectkitsample, buildMode=debug
[2026-05-25T21:11:54.102] [DEBUG] debug-file - Target 'default' config initialized
[2026-05-25T21:11:54.103] [DEBUG] debug-file - Target 'ohosTest' config initialized
[2026-05-25T21:11:54.103] [DEBUG] debug-file - Module 'effectkitsample' target 'default' build option initialized
[2026-05-25T21:11:54.103] [DEBUG] debug-file - Module 'effectkitsample' target 'ohosTest' build option initialized
[2026-05-25T21:11:54.103] [DEBUG] debug-file - End initialize module-target build option map, moduleName=effectkitsample
[2026-05-25T21:11:54.103] [DEBUG] debug-file - Start initialize module-target build option map, moduleName=effectkitsample, buildMode=release
[2026-05-25T21:11:54.103] [DEBUG] debug-file - Target 'default' config initialized
[2026-05-25T21:11:54.104] [DEBUG] debug-file - Target 'ohosTest' config initialized
[2026-05-25T21:11:54.104] [DEBUG] debug-file - Module 'effectkitsample' target 'default' build option initialized
[2026-05-25T21:11:54.104] [DEBUG] debug-file - Module 'effectkitsample' target 'ohosTest' build option initialized
[2026-05-25T21:11:54.104] [DEBUG] debug-file - End initialize module-target build option map, moduleName=effectkitsample
[2026-05-25T21:11:54.104] [DEBUG] debug-file - Start initialize module-target build option map, moduleName=effectkitsample, buildMode=debug
[2026-05-25T21:11:54.104] [DEBUG] debug-file - Target 'default' config initialized
[2026-05-25T21:11:54.104] [DEBUG] debug-file - Target 'ohosTest' config initialized
[2026-05-25T21:11:54.104] [DEBUG] debug-file - Module 'effectkitsample' target 'default' build option initialized
[2026-05-25T21:11:54.104] [DEBUG] debug-file - Module 'effectkitsample' target 'ohosTest' build option initialized
[2026-05-25T21:11:54.104] [DEBUG] debug-file - End initialize module-target build option map, moduleName=effectkitsample
[2026-05-25T21:11:54.105] [DEBUG] debug-file - Obtain build option for module 'effectkitsample' target 'default'in this build.
[2026-05-25T21:11:54.107] [DEBUG] debug-file - Module effectkitsample task initialization takes 2 ms 
[2026-05-25T21:11:54.107] [DEBUG] debug-file - Hap plugin register hook start...
[2026-05-25T21:11:54.107] [DEBUG] debug-file - Hap plugin register hook end...
[2026-05-25T21:11:54.107] [DEBUG] debug-file - Plugin build process completed
[2026-05-25T21:11:54.107] [DEBUG] debug-file - hvigorfile, begin to bind custom plugins...
[2026-05-25T21:11:54.107] [DEBUG] debug-file - hvigorfile, no custom plugins were found in D:\f\effect-kit-master\entry\hvigorfile.ts
[2026-05-25T21:11:54.107] [DEBUG] debug-file - hvigorfile, resolve finished D:\f\effect-kit-master\entry\hvigorfile.ts
[2026-05-25T21:11:54.173] [DEBUG] debug-file - hvigorfile, resolve hvigorfile dependencies in 66 ms 
[2026-05-25T21:11:54.174] [DEBUG] debug-file - project has submodules:effectkitsample
[2026-05-25T21:11:54.175] [DEBUG] debug-file - start to load updatedOhPackageInfo to the disk
[2026-05-25T21:11:54.176] [DEBUG] debug-file - load to the disk finished
[2026-05-25T21:11:54.177] [DEBUG] debug-file - Start to initialize dependency information.
[2026-05-25T21:11:54.177] [DEBUG] debug-file - Module effect-kit-master Collected Dependency: 
[2026-05-25T21:11:54.177] [DEBUG] debug-file - Module effect-kit-master's total dependency: 0
[2026-05-25T21:11:54.178] [DEBUG] debug-file - Start to initialize dependency information.
[2026-05-25T21:11:54.179] [DEBUG] debug-file - Module effectkitsample Collected Dependency: 
[2026-05-25T21:11:54.179] [DEBUG] debug-file - Module effectkitsample's total dependency: 0
[2026-05-25T21:11:54.180] [DEBUG] debug-file - Configuration phase cost:162 ms 
[2026-05-25T21:11:54.181] [DEBUG] debug-file - Configuration task cost before running: 174 ms 
[2026-05-25T21:11:54.184] [DEBUG] debug-file - Executing task :effectkitsample:default@PreBuild
[2026-05-25T21:11:54.184] [DEBUG] debug-file - Task 'effectkitsample:default@PreBuild' cost while wrapping incremental declarations: 1 ms 
[2026-05-25T21:11:54.188] [DEBUG] debug-file - effectkitsample:default@PreBuild is not up-to-date, since the task snapshots are different.
[2026-05-25T21:11:54.188] [DEBUG] debug-file - Incremental task effectkitsample:default@PreBuild pre-execution cost: 4 ms .
[2026-05-25T21:11:54.192] [DEBUG] debug-file - current product is not Atomic service.
[2026-05-25T21:11:54.192] [DEBUG] debug-file - Use tool [win32: JAVA_HOME, CLASSPATH]
 [
  { JAVA_HOME: 'C:\\Program Files\\Huawei\\DevEco Studio\\jbr' },
  { CLASSPATH: undefined }
]
[2026-05-25T21:11:54.192] [DEBUG] debug-file - Use tool [win32: NODE_HOME]
 [
  {
    NODE_HOME: 'C:\\Program Files\\Huawei\\DevEco Studio\\tools\\node'
  }
]
[2026-05-25T21:11:54.192] [DEBUG] debug-file - effectkitsample : default@PreBuild cost memory 0.514404296875
[2026-05-25T21:11:54.192] [DEBUG] debug-file - runTaskFromQueue task cost before running: 185 ms 
[2026-05-25T21:11:54.193] [INFO] debug-file - Finished :effectkitsample:default@PreBuild... after 9 ms 
[2026-05-25T21:11:54.194] [DEBUG] debug-file - Executing task :effectkitsample:default@CreateModuleInfo
[2026-05-25T21:11:54.194] [DEBUG] debug-file - Task 'effectkitsample:default@CreateModuleInfo' cost while wrapping incremental declarations: 1 ms 
[2026-05-25T21:11:54.194] [DEBUG] debug-file - effectkitsample : default@CreateModuleInfo cost memory 0.04172515869140625
[2026-05-25T21:11:54.194] [DEBUG] debug-file - runTaskFromQueue task cost before running: 187 ms 
[2026-05-25T21:11:54.194] [INFO] debug-file - Finished :effectkitsample:default@CreateModuleInfo... after 1 ms 
[2026-05-25T21:11:54.195] [DEBUG] debug-file - Executing task :effectkitsample:default@GenerateMetadata
[2026-05-25T21:11:54.195] [DEBUG] debug-file - Task 'effectkitsample:default@GenerateMetadata' cost while wrapping incremental declarations: 1 ms 
[2026-05-25T21:11:54.196] [DEBUG] debug-file - Incremental task effectkitsample:default@GenerateMetadata pre-execution cost: 2 ms .
[2026-05-25T21:11:54.196] [DEBUG] debug-file - effectkitsample : default@GenerateMetadata cost memory 0.08382415771484375
[2026-05-25T21:11:54.197] [INFO] debug-file - UP-TO-DATE :effectkitsample:default@GenerateMetadata...  
[2026-05-25T21:11:54.197] [DEBUG] debug-file - Executing task :effectkitsample:default@ConfigureCmake
[2026-05-25T21:11:54.197] [DEBUG] debug-file - effectkitsample : default@ConfigureCmake cost memory 0.01457977294921875
[2026-05-25T21:11:54.197] [DEBUG] debug-file - runTaskFromQueue task cost before running: 190 ms 
[2026-05-25T21:11:54.197] [INFO] debug-file - Finished :effectkitsample:default@ConfigureCmake... after 1 ms 
[2026-05-25T21:11:54.198] [DEBUG] debug-file - Executing task :effectkitsample:default@MergeProfile
[2026-05-25T21:11:54.198] [DEBUG] debug-file - Task 'effectkitsample:default@MergeProfile' cost while wrapping incremental declarations: 1 ms 
[2026-05-25T21:11:54.199] [DEBUG] debug-file - Incremental task effectkitsample:default@MergeProfile pre-execution cost: 1 ms .
[2026-05-25T21:11:54.199] [DEBUG] debug-file - effectkitsample : default@MergeProfile cost memory 0.11641693115234375
[2026-05-25T21:11:54.199] [INFO] debug-file - UP-TO-DATE :effectkitsample:default@MergeProfile...  
[2026-05-25T21:11:54.200] [DEBUG] debug-file - Executing task :effectkitsample:default@CreateBuildProfile
[2026-05-25T21:11:54.200] [DEBUG] debug-file - Task 'effectkitsample:default@CreateBuildProfile' cost while wrapping incremental declarations: 1 ms 
[2026-05-25T21:11:54.201] [DEBUG] debug-file - Incremental task effectkitsample:default@CreateBuildProfile pre-execution cost: 1 ms .
[2026-05-25T21:11:54.201] [DEBUG] debug-file - effectkitsample : default@CreateBuildProfile cost memory 0.0980377197265625
[2026-05-25T21:11:54.201] [INFO] debug-file - UP-TO-DATE :effectkitsample:default@CreateBuildProfile...  
[2026-05-25T21:11:54.201] [DEBUG] debug-file - Executing task :effectkitsample:default@PreCheckSyscap
[2026-05-25T21:11:54.201] [DEBUG] debug-file - effectkitsample : default@PreCheckSyscap cost memory 0.0148162841796875
[2026-05-25T21:11:54.202] [DEBUG] debug-file - runTaskFromQueue task cost before running: 195 ms 
[2026-05-25T21:11:54.202] [INFO] debug-file - Finished :effectkitsample:default@PreCheckSyscap... after 1 ms 
[2026-05-25T21:11:54.203] [DEBUG] debug-file - Executing task :effectkitsample:default@GeneratePkgContextInfo
[2026-05-25T21:11:54.206] [DEBUG] debug-file - Task 'effectkitsample:default@GeneratePkgContextInfo' cost while wrapping incremental declarations: 1 ms 
[2026-05-25T21:11:54.206] [DEBUG] debug-file - effectkitsample : default@GeneratePkgContextInfo cost memory 0.15828704833984375
[2026-05-25T21:11:54.206] [DEBUG] debug-file - runTaskFromQueue task cost before running: 199 ms 
[2026-05-25T21:11:54.206] [INFO] debug-file - Finished :effectkitsample:default@GeneratePkgContextInfo... after 4 ms 
[2026-05-25T21:11:54.207] [DEBUG] debug-file - Executing task :effectkitsample:default@GeneratePkgSdkInfo
[2026-05-25T21:11:54.209] [DEBUG] debug-file - Task 'effectkitsample:default@GeneratePkgSdkInfo' cost while wrapping incremental declarations: 1 ms 
[2026-05-25T21:11:54.209] [DEBUG] debug-file - Incremental task effectkitsample:default@GeneratePkgSdkInfo pre-execution cost: 1 ms .
[2026-05-25T21:11:54.209] [DEBUG] debug-file - effectkitsample : default@GeneratePkgSdkInfo cost memory 0.11727142333984375
[2026-05-25T21:11:54.210] [INFO] debug-file - UP-TO-DATE :effectkitsample:default@GeneratePkgSdkInfo...  
[2026-05-25T21:11:54.212] [DEBUG] debug-file - Executing task :effectkitsample:default@ProcessIntegratedHsp
[2026-05-25T21:11:54.212] [DEBUG] debug-file - effectkitsample:default@ProcessIntegratedHsp is not up-to-date, since the output file 'D:\f\effect-kit-master\build\cache\default\integrated_hsp\integratedHspCache.json' does not exist.
[2026-05-25T21:11:54.212] [DEBUG] debug-file - Incremental task effectkitsample:default@ProcessIntegratedHsp pre-execution cost: 1 ms .
[2026-05-25T21:11:54.212] [DEBUG] debug-file - effectkitsample : default@ProcessIntegratedHsp cost memory 0.0552520751953125
[2026-05-25T21:11:54.212] [DEBUG] debug-file - runTaskFromQueue task cost before running: 205 ms 
[2026-05-25T21:11:54.213] [INFO] debug-file - Finished :effectkitsample:default@ProcessIntegratedHsp... after 1 ms 
[2026-05-25T21:11:54.214] [DEBUG] debug-file - Executing task :effectkitsample:default@BuildNativeWithCmake
[2026-05-25T21:11:54.214] [DEBUG] debug-file - effectkitsample : default@BuildNativeWithCmake cost memory 0.0145263671875
[2026-05-25T21:11:54.214] [DEBUG] debug-file - runTaskFromQueue task cost before running: 207 ms 
[2026-05-25T21:11:54.214] [INFO] debug-file - Finished :effectkitsample:default@BuildNativeWithCmake... after 1 ms 
[2026-05-25T21:11:54.215] [DEBUG] debug-file - Executing task :effectkitsample:default@MakePackInfo
[2026-05-25T21:11:54.216] [DEBUG] debug-file - Incremental task effectkitsample:default@MakePackInfo pre-execution cost: 2 ms .
[2026-05-25T21:11:54.216] [DEBUG] debug-file - effectkitsample : default@MakePackInfo cost memory 0.09841156005859375
[2026-05-25T21:11:54.217] [INFO] debug-file - UP-TO-DATE :effectkitsample:default@MakePackInfo...  
[2026-05-25T21:11:54.217] [DEBUG] debug-file - Executing task :effectkitsample:default@SyscapTransform
[2026-05-25T21:11:54.218] [DEBUG] debug-file - File: 'D:\f\effect-kit-master\entry\src\main\syscap.json' from 'sysCapJsonPath' is not exists, just ignore.
[2026-05-25T21:11:54.218] [DEBUG] debug-file - Task 'effectkitsample:default@SyscapTransform' cost while wrapping incremental declarations: 1 ms 
[2026-05-25T21:11:54.219] [DEBUG] debug-file - effectkitsample:default@SyscapTransform is not up-to-date, since the output file 'D:\f\effect-kit-master\entry\build\default\intermediates\syscap\default\rpcid.sc' does not exist.
[2026-05-25T21:11:54.219] [DEBUG] debug-file - Incremental task effectkitsample:default@SyscapTransform pre-execution cost: 2 ms .
[2026-05-25T21:11:54.219] [DEBUG] debug-file - effectkitsample : default@SyscapTransform cost memory 0.1385650634765625
[2026-05-25T21:11:54.219] [DEBUG] debug-file - runTaskFromQueue task cost before running: 212 ms 
[2026-05-25T21:11:54.220] [INFO] debug-file - Finished :effectkitsample:default@SyscapTransform... after 2 ms 
[2026-05-25T21:11:54.220] [DEBUG] debug-file - Executing task :effectkitsample:default@ProcessProfile
[2026-05-25T21:11:54.221] [DEBUG] debug-file - Task 'effectkitsample:default@ProcessProfile' cost while wrapping incremental declarations: 1 ms 
[2026-05-25T21:11:54.222] [DEBUG] debug-file - Incremental task effectkitsample:default@ProcessProfile pre-execution cost: 1 ms .
[2026-05-25T21:11:54.222] [DEBUG] debug-file - effectkitsample : default@ProcessProfile cost memory 0.12642669677734375
[2026-05-25T21:11:54.222] [INFO] debug-file - UP-TO-DATE :effectkitsample:default@ProcessProfile...  
[2026-05-25T21:11:54.223] [DEBUG] debug-file - Executing task :effectkitsample:default@ProcessRouterMap
[2026-05-25T21:11:54.224] [DEBUG] debug-file - Incremental task effectkitsample:default@ProcessRouterMap pre-execution cost: 1 ms .
[2026-05-25T21:11:54.224] [DEBUG] debug-file - effectkitsample : default@ProcessRouterMap cost memory 0.1171722412109375
[2026-05-25T21:11:54.225] [INFO] debug-file - UP-TO-DATE :effectkitsample:default@ProcessRouterMap...  
[2026-05-25T21:11:54.225] [DEBUG] debug-file - Executing task :effectkitsample:default@ProcessShareConfig
[2026-05-25T21:11:54.226] [DEBUG] debug-file - Incremental task effectkitsample:default@ProcessShareConfig pre-execution cost: 1 ms .
[2026-05-25T21:11:54.226] [DEBUG] debug-file - effectkitsample : default@ProcessShareConfig cost memory 0.09568023681640625
[2026-05-25T21:11:54.226] [INFO] debug-file - UP-TO-DATE :effectkitsample:default@ProcessShareConfig...  
[2026-05-25T21:11:54.229] [DEBUG] debug-file - Executing task :effectkitsample:default@ProcessStartupConfig
[2026-05-25T21:11:54.229] [DEBUG] debug-file - Task 'effectkitsample:default@ProcessStartupConfig' cost while wrapping incremental declarations: 1 ms 
[2026-05-25T21:11:54.229] [DEBUG] debug-file - effectkitsample:default@ProcessStartupConfig is not up-to-date, since the output file 'D:\f\effect-kit-master\entry\build\default\intermediates\startup\default\startup_config.json' does not exist.
[2026-05-25T21:11:54.229] [DEBUG] debug-file - Incremental task effectkitsample:default@ProcessStartupConfig pre-execution cost: 1 ms .
[2026-05-25T21:11:54.230] [DEBUG] debug-file - effectkitsample : default@ProcessStartupConfig cost memory 0.08880615234375
[2026-05-25T21:11:54.230] [DEBUG] debug-file - runTaskFromQueue task cost before running: 223 ms 
[2026-05-25T21:11:54.230] [INFO] debug-file - Finished :effectkitsample:default@ProcessStartupConfig... after 2 ms 
[2026-05-25T21:11:54.231] [DEBUG] debug-file - Executing task :effectkitsample:default@BuildNativeWithNinja
[2026-05-25T21:11:54.231] [DEBUG] debug-file - effectkitsample : default@BuildNativeWithNinja cost memory 0.01995086669921875
[2026-05-25T21:11:54.231] [DEBUG] debug-file - runTaskFromQueue task cost before running: 224 ms 
[2026-05-25T21:11:54.232] [INFO] debug-file - Finished :effectkitsample:default@BuildNativeWithNinja... after 1 ms 
[2026-05-25T21:11:54.232] [DEBUG] debug-file - restool module names: effectkitsample; moduleName=effectkitsample, taskName=default@ProcessResource
[2026-05-25T21:11:54.234] [DEBUG] debug-file - Executing task :effectkitsample:default@ProcessResource
[2026-05-25T21:11:54.234] [DEBUG] debug-file - Task 'effectkitsample:default@ProcessResource' cost while wrapping incremental declarations: 1 ms 
[2026-05-25T21:11:54.235] [DEBUG] debug-file - Incremental task effectkitsample:default@ProcessResource pre-execution cost: 1 ms .
[2026-05-25T21:11:54.235] [DEBUG] debug-file - effectkitsample : default@ProcessResource cost memory 0.13216400146484375
[2026-05-25T21:11:54.236] [INFO] debug-file - UP-TO-DATE :effectkitsample:default@ProcessResource...  
[2026-05-25T21:11:54.237] [DEBUG] debug-file - Executing task :effectkitsample:default@GenerateLoaderJson
[2026-05-25T21:11:54.237] [DEBUG] debug-file - Task 'effectkitsample:default@GenerateLoaderJson' cost while wrapping incremental declarations: 1 ms 
[2026-05-25T21:11:54.242] [DEBUG] debug-file - Incremental task effectkitsample:default@GenerateLoaderJson pre-execution cost: 3 ms .
[2026-05-25T21:11:54.242] [DEBUG] debug-file - effectkitsample : default@GenerateLoaderJson cost memory 0.41253662109375
[2026-05-25T21:11:54.244] [INFO] debug-file - UP-TO-DATE :effectkitsample:default@GenerateLoaderJson...  
[2026-05-25T21:11:54.245] [DEBUG] debug-file - Executing task :effectkitsample:default@ProcessLibs
[2026-05-25T21:11:54.246] [DEBUG] debug-file - Incremental task effectkitsample:default@ProcessLibs pre-execution cost: 1 ms .
[2026-05-25T21:11:54.246] [DEBUG] debug-file - effectkitsample : default@ProcessLibs cost memory 0.0908050537109375
[2026-05-25T21:11:54.247] [INFO] debug-file - UP-TO-DATE :effectkitsample:default@ProcessLibs...  
[2026-05-25T21:11:54.247] [DEBUG] debug-file - restool module names: effectkitsample; moduleName=effectkitsample, taskName=default@CompileResource
[2026-05-25T21:11:54.248] [DEBUG] debug-file - Executing task :effectkitsample:default@CompileResource
[2026-05-25T21:11:54.262] [DEBUG] debug-file - Incremental task effectkitsample:default@CompileResource pre-execution cost: 13 ms .
[2026-05-25T21:11:54.262] [DEBUG] debug-file - effectkitsample : default@CompileResource cost memory -9.081474304199219
[2026-05-25T21:11:54.263] [INFO] debug-file - UP-TO-DATE :effectkitsample:default@CompileResource...  
[2026-05-25T21:11:54.263] [DEBUG] debug-file - Executing task :effectkitsample:default@DoNativeStrip
[2026-05-25T21:11:54.263] [DEBUG] debug-file - File: 'D:\f\effect-kit-master\entry\build\default\intermediates\binxo\default' from 'doBinxoNativeLibs' is not exists, just ignore.
[2026-05-25T21:11:54.264] [DEBUG] debug-file - Task 'effectkitsample:default@DoNativeStrip' cost while wrapping incremental declarations: 1 ms 
[2026-05-25T21:11:54.264] [DEBUG] debug-file - Incremental task effectkitsample:default@DoNativeStrip pre-execution cost: 1 ms .
[2026-05-25T21:11:54.264] [DEBUG] debug-file - effectkitsample : default@DoNativeStrip cost memory 0.0899200439453125
[2026-05-25T21:11:54.264] [INFO] debug-file - UP-TO-DATE :effectkitsample:default@DoNativeStrip...  
[2026-05-25T21:11:54.265] [DEBUG] debug-file - Executing task :effectkitsample:default@CompileArkTS
[2026-05-25T21:11:54.265] [DEBUG] debug-file - obfuscationOptions: undefined
[2026-05-25T21:11:54.266] [DEBUG] debug-file - Task 'effectkitsample:default@CompileArkTS' cost while wrapping incremental declarations: 1 ms 
[2026-05-25T21:11:54.269] [DEBUG] debug-file - effectkitsample:default@CompileArkTS is not up-to-date, since the input file 'D:\f\effect-kit-master\entry\src\main\ets' has been changed.
[2026-05-25T21:11:54.269] [DEBUG] debug-file - Incremental task effectkitsample:default@CompileArkTS pre-execution cost: 3 ms .
[2026-05-25T21:11:54.276] [DEBUG] debug-file - build config:
[2026-05-25T21:11:54.276] [DEBUG] debug-file - {
  moduleType: 'feature',
  perf: 0,
  targetName: '.default',
  packageManagerType: 'ohpm',
  localPropertiesPath: 'D:\\f\\effect-kit-master\\local.properties',
  isPreview: false,
  isOhosTest: false,
  isLocalTest: false,
  buildMode: 'Debug',
  hotReloadBuild: undefined,
  watchMode: 'false',
  aceProfilePath: 'D:\\f\\effect-kit-master\\entry\\build\\default\\intermediates\\res\\default\\resources\\base\\profile',
  etsLoaderPath: 'C:\\Program Files\\Huawei\\DevEco Studio\\sdk\\default\\openharmony\\ets\\build-tools\\ets-loader',
  modulePath: 'D:\\f\\effect-kit-master\\entry',
  testFrameworkPar: {
    testMode: undefined,
    coveragePathFilter: undefined,
    coverageMode: undefined
  },
  needCoverageInsert: false,
  debugLine: false,
  projectTopDir: 'D:\\f\\effect-kit-master',
  compileSdkVersion: 23,
  compatibleSdkVersion: 22,
  originCompatibleSdkVersion: '6.0.2(22)',
  compatibleSdkVersionStage: undefined,
  bundleName: 'c***t',
  etsLoaderVersion: '6.1.0.105',
  etsLoaderReleaseType: 'Release',
  aotCompileMode: 'type',
  apPath: 'D:\\f\\effect-kit-master\\entry\\modules.ap',
  entryModuleName: 'effectkitsample',
  entryModuleVersion: '1.0.0',
  entryPackageName: 'effectkitsample',
  allModuleNameHash: '5c38a6dc4b128073a8d30b5210942b8e763f8018585427940248e37e7c759347',
  externalApiPaths: [
    'C:\\Program Files\\Huawei\\DevEco Studio\\sdk\\default\\hms\\ets'
  ],
  compilerTypes: [],
  isCrossplatform: false,
  hvigorPluginFile: undefined,
  compilePluginPath: undefined,
  buildGeneratedProfilePath: 'D:\\f\\effect-kit-master\\entry\\build\\default\\generated\\profile\\default',
  bundleType: 'app',
  arkTSVersion: undefined,
  apiVersion: 23,
  needCompleteSourcesMap: false,
  isFaMode: false,
  buildDir: 'D:\\f\\effect-kit-master\\entry\\build',
  deviceTypes: [ 'phone', 'tablet', '2in1' ],
  pkgContextInfo: undefined,
  ohPackagePathMap: {},
  dependencyAliasMap: {},
  permission: { requestPermissions: undefined, definePermissions: undefined },
  useGetCurrentBundleName: false,
  projectArkOption: undefined,
  sourceMapDir: undefined,
  branchElimination: false,
  transformLib: undefined,
  tsImportSendable: false,
  resolveConflictMode: true,
  depName2RootPath: {},
  depName2DepInfo: {},
  depName2OhExports: {},
  rootPathSet: [ 'D:\\f\\effect-kit-master' ],
  useNativeResolver: true,
  shouldEmitJs: true,
  useTscResolve: false,
  singleFileEmit: false,
  userProjectConfig: {
    autoLazyImport: false,
    allowEmptyBundleName: false,
    reExportCheckMode: 'noCheck',
    executionMode: 'memory',
    usePathPlaceholder: false,
    writeRollupCache: true,
    isExpandImportEnabled: false,
    expandImportExclude: '',
    lazyImportExclude: '',
    lazyImportInclude: '',
    ignoreCrossplatformCheck: false,
    isHarDeduplicateEnabled: false,
    skipOhModulesLint: false,
    enableStrictCheckOHModule: false,
    disableSendableCheckRules: [],
    useDeclarationFileSignature: false,
    customizedOptions: undefined,
    integratedHsp: false,
    isPreloadSoEnabled: false
  },
  executionMode: 'memory',
  arkCompileCachePath: 'D:\\f\\effect-kit-master\\entry\\build\\default\\cache\\default\\default@CompileArkTS\\esmodule',
  autoLazyFilter: undefined,
  isHarDeduplicateEnabled: false,
  intermediateHarDuplicateDirPath: 'D:\\f\\effect-kit-master\\entry\\build\\default\\intermediates\\har_duplicate\\default',
  autoLazyImport: false,
  allowEmptyBundleName: false,
  reExportCheckMode: 'noCheck',
  usePathPlaceholder: false,
  writeRollupCache: true,
  isExpandImportEnabled: false,
  expandImportExclude: '',
  lazyImportExclude: '',
  lazyImportInclude: '',
  ignoreCrossplatformCheck: false,
  skipOhModulesLint: false,
  enableStrictCheckOHModule: false,
  disableSendableCheckRules: [],
  useDeclarationFileSignature: false,
  customizedOptions: undefined,
  integratedHsp: false,
  isPreloadSoEnabled: false,
  strictMode: undefined,
  useNormalizedOHMUrl: false,
  caseSensitiveCheck: false,
  aceModuleJsonPath: 'D:\\f\\effect-kit-master\\entry\\build\\default\\intermediates\\res\\default\\ark_module.json',
  appResource: 'D:\\f\\effect-kit-master\\entry\\build\\default\\intermediates\\res\\default\\ResourceTable.txt',
  rawFileResource: 'D:\\f\\effect-kit-master\\entry\\build\\default\\intermediates\\res\\default\\resources\\rawfile',
  resourceTableHash: 'f81fa096d91856514327cffc858a312a97361b9bf373544d9f3b7a66145cd118',
  runtimeOS: 'HarmonyOS',
  sdkInfo: 'false:23:6.1.0.105:Release',
  aceModuleRoot: 'D:\\f\\effect-kit-master\\entry\\src\\main\\ets',
  compileMode: 'esmodule',
  aceSuperVisualPath: 'D:\\f\\effect-kit-master\\entry\\src\\main\\supervisual',
  aceBuildJson: 'D:\\f\\effect-kit-master\\entry\\build\\default\\intermediates\\loader\\default\\loader.json',
  cachePath: 'D:\\f\\effect-kit-master\\entry\\build\\default\\cache\\default\\default@CompileArkTS\\esmodule\\debug',
  aceModuleBuild: 'D:\\f\\effect-kit-master\\entry\\build\\default\\intermediates\\loader_out\\default\\ets',
  supportChunks: true,
  declaredFilesPath: undefined,
  shouldCollectDirectImportees: false,
  isByteCodeHarOptimize: false,
  expandImportPath: undefined,
  resourceTableTs: 'D:\\f\\effect-kit-master\\entry\\build\\default\\generated\\r\\default\\ResourceTable.ts',
  moduleMetaInfoFiles: [
    {
      filePath: 'D:\\f\\effect-kit-master\\entry\\build\\default\\generated\\r\\default\\ResourceTable.ts',
      ohmurl: 'com.example.effectkit/effectkitsample/build/generated/r/ResourceTable'
    }
  ],
  pkgNameToPkgBriefInfo: {
    effectkitsample: {
      pkgRoot: 'D:\\f\\effect-kit-master\\entry',
      originalSourceRoots: undefined,
      sourceRoots: [Array],
      pkgName: 'effectkitsample'
    }
  },
  projectModel: {
    'D:\\f\\effect-kit-master\\entry\\src\\main': {
      moduleName: 'effectkitsample',
      modulePkgPath: 'D:\\f\\effect-kit-master\\entry',
      belongProjectPath: 'D:\\f\\effect-kit-master'
    },
    'D:\\f\\effect-kit-master\\entry\\.test\\default\\intermediates\\src\\ohosTest\\ets': {
      moduleName: 'effectkitsample',
      modulePkgPath: 'D:\\f\\effect-kit-master\\entry',
      belongProjectPath: 'D:\\f\\effect-kit-master'
    },
    'D:\\f\\effect-kit-master\\entry\\src\\ohosTest': {
      moduleName: 'effectkitsample',
      modulePkgPath: 'D:\\f\\effect-kit-master\\entry',
      belongProjectPath: 'D:\\f\\effect-kit-master'
    },
    'D:\\f\\effect-kit-master\\entry': {
      moduleName: 'effectkitsample',
      modulePkgPath: 'D:\\f\\effect-kit-master\\entry',
      belongProjectPath: 'D:\\f\\effect-kit-master'
    },
    'D:\\f\\effect-kit-master': {
      moduleName: 'effect-kit-master',
      modulePkgPath: 'D:\\f\\effect-kit-master',
      belongProjectPath: 'D:\\f\\effect-kit-master'
    }
  },
  pkgJsonFileHash: 'c8e17a09ec98390e6b0222f7dd883e2bf900288ca532903b52fe9328e0e74185',
  allModulePaths: [ 'D:\\f\\effect-kit-master\\entry' ],
  routerMap: {},
  obfuscationOptions: undefined,
  byteCodeHarToDependencyKeys: undefined,
  compileBlockPkg: [],
  mockParams: {
    decorator: '@MockSetup',
    packageName: '@ohos/hamock',
    etsSourceRootPath: 'src/main/ets',
    mockConfigPath: undefined,
    mockConfigKey2ModuleInfo: {},
    source2ModuleIdMap: {}
  },
  copyCodeResourceEnable: true,
  copyCodeResourceExcludes: [],
  copyCodeResourceIncludes: undefined,
  uiTransformOptimization: false,
  sdkPath: 'C:/Program Files/Huawei/DevEco Studio/sdk',
  needPreloadSoFileSet: {},
  preloadSoFilePath: 'D:\\f\\effect-kit-master\\entry\\build\\default\\intermediates\\preload\\default\\preload.json',
  useSourceHash: false,
  localModuleParamMap: {},
  otherPaths: {
    'effectkitsample/*': [
      '..\\*',
      '..\\..\\..\\build\\default\\generated\\profile\\default\\*'
    ]
  },
  collectImportersConfig: undefined
}
[2026-05-25T21:11:54.276] [DEBUG] debug-file - Compile arkts with external api path: C:\Program Files\Huawei\DevEco Studio\sdk\default\hms\ets
[2026-05-25T21:11:54.277] [DEBUG] debug-file - default@CompileArkTS work[4] is submitted.
[2026-05-25T21:11:54.277] [DEBUG] debug-file - default@CompileArkTS work[4] is pushed to ready queue.
[2026-05-25T21:11:54.277] [DEBUG] debug-file - A work dispatched to worker[23] failed because unable to get work from ready queue.
[2026-05-25T21:11:54.277] [DEBUG] debug-file - A work dispatched to worker[22] failed because unable to get work from ready queue.
[2026-05-25T21:11:54.277] [DEBUG] debug-file - A work dispatched to worker[21] failed because unable to get work from ready queue.
[2026-05-25T21:11:54.277] [DEBUG] debug-file - A work dispatched to worker[20] failed because unable to get work from ready queue.
[2026-05-25T21:11:54.277] [DEBUG] debug-file - A work dispatched to worker[19] failed because unable to get work from ready queue.
[2026-05-25T21:11:54.277] [DEBUG] debug-file - A work dispatched to worker[18] failed because unable to get work from ready queue.
[2026-05-25T21:11:54.277] [DEBUG] debug-file - A work dispatched to worker[17] failed because unable to get work from ready queue.
[2026-05-25T21:11:54.277] [DEBUG] debug-file - A work dispatched to worker[16] failed because unable to get work from ready queue.
[2026-05-25T21:11:54.277] [DEBUG] debug-file - A work dispatched to worker[15] failed because unable to get work from ready queue.
[2026-05-25T21:11:54.277] [DEBUG] debug-file - A work dispatched to worker[14] failed because unable to get work from ready queue.
[2026-05-25T21:11:54.277] [DEBUG] debug-file - A work dispatched to worker[13] failed because unable to get work from ready queue.
[2026-05-25T21:11:54.277] [DEBUG] debug-file - A work dispatched to worker[12] failed because unable to get work from ready queue.
[2026-05-25T21:11:54.277] [DEBUG] debug-file - A work dispatched to worker[11] failed because unable to get work from ready queue.
[2026-05-25T21:11:54.277] [DEBUG] debug-file - A work dispatched to worker[10] failed because unable to get work from ready queue.
[2026-05-25T21:11:54.277] [DEBUG] debug-file - A work dispatched to worker[9] failed because unable to get work from ready queue.
[2026-05-25T21:11:54.277] [DEBUG] debug-file - A work dispatched to worker[8] failed because unable to get work from ready queue.
[2026-05-25T21:11:54.277] [DEBUG] debug-file - A work dispatched to worker[7] failed because unable to get work from ready queue.
[2026-05-25T21:11:54.277] [DEBUG] debug-file - A work dispatched to worker[6] failed because unable to get work from ready queue.
[2026-05-25T21:11:54.277] [DEBUG] debug-file - A work dispatched to worker[5] failed because unable to get work from ready queue.
[2026-05-25T21:11:54.277] [DEBUG] debug-file - default@CompileArkTS work[4] has been dispatched to worker[4].
[2026-05-25T21:11:54.277] [DEBUG] debug-file - default@CompileArkTS work[4] is dispatched.
[2026-05-25T21:11:54.278] [DEBUG] debug-file - CopyResources startTime: 14596880723400
[2026-05-25T21:11:54.278] [DEBUG] debug-file - default@CompileArkTS work[5] is submitted.
[2026-05-25T21:11:54.278] [DEBUG] debug-file - default@CompileArkTS work[5] is pushed to ready queue.
[2026-05-25T21:11:54.278] [DEBUG] debug-file - A work dispatched to worker[23] failed because unable to get work from ready queue.
[2026-05-25T21:11:54.278] [DEBUG] debug-file - Create  resident worker with id: 22.
[2026-05-25T21:11:54.278] [DEBUG] debug-file - default@CompileArkTS work[5] has been dispatched to worker[22].
[2026-05-25T21:11:54.278] [DEBUG] debug-file - default@CompileArkTS work[5] is dispatched.
[2026-05-25T21:11:54.278] [DEBUG] debug-file - effectkitsample : default@CompileArkTS cost memory 1.5945587158203125
[2026-05-25T21:11:54.279] [DEBUG] debug-file - Executing task :effectkitsample:default@BuildJS
[2026-05-25T21:11:54.280] [DEBUG] debug-file - Task 'effectkitsample:default@BuildJS' cost while wrapping incremental declarations: 1 ms 
[2026-05-25T21:11:54.281] [DEBUG] debug-file - effectkitsample : default@BuildJS cost memory 0.140045166015625
[2026-05-25T21:11:54.281] [DEBUG] debug-file - runTaskFromQueue task cost before running: 274 ms 
[2026-05-25T21:11:54.281] [INFO] debug-file - Finished :effectkitsample:default@BuildJS... after 2 ms 
[2026-05-25T21:11:54.282] [DEBUG] debug-file - Executing task :effectkitsample:default@CacheNativeLibs
[2026-05-25T21:11:54.283] [DEBUG] debug-file - File: 'D:\f\effect-kit-master\entry\build\default\intermediates\binxo\default' from 'cacheBinxoNativeLibs' is not exists, just ignore.
[2026-05-25T21:11:54.283] [DEBUG] debug-file - Task 'effectkitsample:default@CacheNativeLibs' cost while wrapping incremental declarations: 1 ms 
[2026-05-25T21:11:54.284] [DEBUG] debug-file - Incremental task effectkitsample:default@CacheNativeLibs pre-execution cost: 2 ms .
[2026-05-25T21:11:54.284] [DEBUG] debug-file - effectkitsample : default@CacheNativeLibs cost memory 0.11617279052734375
[2026-05-25T21:11:54.284] [INFO] debug-file - UP-TO-DATE :effectkitsample:default@CacheNativeLibs...  
[2026-05-25T21:11:54.972] [DEBUG] debug-file - worker[22] has one work done.
[2026-05-25T21:11:54.972] [DEBUG] debug-file - CopyResources is end, endTime: 14597575657600
[2026-05-25T21:11:54.973] [DEBUG] debug-file - default@CompileArkTS work[5] done.
[2026-05-25T21:11:54.973] [DEBUG] debug-file - A work dispatched to worker[22] failed because unable to get work from ready queue.
[2026-05-25T21:11:55.430] [DEBUG] debug-file - worker[4] has one work error.
[2026-05-25T21:11:55.430] [DEBUG] debug-file - Ark compile task finished.finished time is 14598032929800
[2026-05-25T21:11:55.430] [DEBUG] debug-file - default@CompileArkTS work[4] failed.
[2026-05-25T21:11:55.430] [ERROR] debug-file - Failed :effectkitsample:default@CompileArkTS... 
[2026-05-25T21:11:55.430] [WARN] debug-file - 
[33m1 WARN: [33m[33mArkTS:WARN: For details about ArkTS syntax errors, see FAQs[39m[39m
[2026-05-25T21:11:55.430] [DEBUG] debug-file - hvigor build process will be closed with an error.
[2026-05-25T21:11:55.437] [DEBUG] debug-file - ERROR: stacktrace = Error: ArkTS Compiler Error
[31m1 ERROR: [31m10605093 ArkTS Compiler Error
Error Message: Using "this" inside stand-alone functions is not supported (arkts-no-standalone-this) At File: D:/f/effect-kit-master/entry/src/main/ets/utils/ColorPickerUtil.ets:76:33
[39m
[39m
[31m2 ERROR: [31m10605093 ArkTS Compiler Error
Error Message: Using "this" inside stand-alone functions is not supported (arkts-no-standalone-this) At File: D:/f/effect-kit-master/entry/src/main/ets/utils/ColorPickerUtil.ets:95:19
[39m
[39m
[31m3 ERROR: [31m10605093 ArkTS Compiler Error
Error Message: Using "this" inside stand-alone functions is not supported (arkts-no-standalone-this) At File: D:/f/effect-kit-master/entry/src/main/ets/utils/ColorPickerUtil.ets:113:31
[39m
[39m
[31m4 ERROR: [31m10605093 ArkTS Compiler Error
Error Message: Using "this" inside stand-alone functions is not supported (arkts-no-standalone-this) At File: D:/f/effect-kit-master/entry/src/main/ets/utils/ColorPickerUtil.ets:133:14
[39m
[39m
[31m5 ERROR: [31m10605093 ArkTS Compiler Error
Error Message: Using "this" inside stand-alone functions is not supported (arkts-no-standalone-this) At File: D:/f/effect-kit-master/entry/src/main/ets/utils/ColorPickerUtil.ets:142:14
[39m
[39m
[31m6 ERROR: [31m10605093 ArkTS Compiler Error
Error Message: Using "this" inside stand-alone functions is not supported (arkts-no-standalone-this) At File: D:/f/effect-kit-master/entry/src/main/ets/utils/ColorPickerUtil.ets:174:23
[39m
[39m
[31m7 ERROR: [31m10605093 ArkTS Compiler Error
Error Message: Using "this" inside stand-alone functions is not supported (arkts-no-standalone-this) At File: D:/f/effect-kit-master/entry/src/main/ets/utils/ColorPickerUtil.ets:175:26
[39m
[39m
[31m8 ERROR: [31m10605093 ArkTS Compiler Error
Error Message: Using "this" inside stand-alone functions is not supported (arkts-no-standalone-this) At File: D:/f/effect-kit-master/entry/src/main/ets/utils/ColorPickerUtil.ets:176:29
[39m
[39m
[31m9 ERROR: [31m10605093 ArkTS Compiler Error
Error Message: Using "this" inside stand-alone functions is not supported (arkts-no-standalone-this) At File: D:/f/effect-kit-master/entry/src/main/ets/utils/ColorPickerUtil.ets:194:17
[39m
[39m
[31m10 ERROR: [31m10605040 ArkTS Compiler Error
Error Message: Object literals cannot be used as type declarations (arkts-no-obj-literals-as-types) At File: D:/f/effect-kit-master/entry/src/main/ets/utils/ColorPickerUtil.ets:167:6
[39m
[39m
[31m11 ERROR: [31m10605038 ArkTS Compiler Error
Error Message: Object literal must correspond to some explicitly declared class or interface (arkts-no-untyped-obj-literals) At File: D:/f/effect-kit-master/entry/src/main/ets/utils/ColorPickerUtil.ets:196:12
[39m
[39m
[31m12 ERROR: [31m10605093 ArkTS Compiler Error
Error Message: Using "this" inside stand-alone functions is not supported (arkts-no-standalone-this) At File: D:/f/effect-kit-master/entry/src/main/ets/utils/ColorPickerUtil.ets:219:17
[39m
[39m
[31m13 ERROR: [31m10605093 ArkTS Compiler Error
Error Message: Using "this" inside stand-alone functions is not supported (arkts-no-standalone-this) At File: D:/f/effect-kit-master/entry/src/main/ets/utils/ColorPickerUtil.ets:243:17
[39m
[39m
[31m14 ERROR: [31m10605093 ArkTS Compiler Error
Error Message: Using "this" inside stand-alone functions is not supported (arkts-no-standalone-this) At File: D:/f/effect-kit-master/entry/src/main/ets/utils/ColorPickerUtil.ets:255:17
[39m
[39m
[31m15 ERROR: [31m10605040 ArkTS Compiler Error
Error Message: Object literals cannot be used as type declarations (arkts-no-obj-literals-as-types) At File: D:/f/effect-kit-master/entry/src/main/ets/utils/ColorPickerUtil.ets:265:61
[39m
[39m
[31m16 ERROR: [31m10605038 ArkTS Compiler Error
Error Message: Object literal must correspond to some explicitly declared class or interface (arkts-no-untyped-obj-literals) At File: D:/f/effect-kit-master/entry/src/main/ets/utils/ColorPickerUtil.ets:286:12
[39m
[39m
[31m17 ERROR: [31m10605040 ArkTS Compiler Error
Error Message: Object literals cannot be used as type declarations (arkts-no-obj-literals-as-types) At File: D:/f/effect-kit-master/entry/src/main/ets/utils/ColorPickerUtil.ets:290:61
[39m
[39m
[31m18 ERROR: [31m10605038 ArkTS Compiler Error
Error Message: Object literal must correspond to some explicitly declared class or interface (arkts-no-untyped-obj-literals) At File: D:/f/effect-kit-master/entry/src/main/ets/utils/ColorPickerUtil.ets:313:12
[39m
[39m
[31m19 ERROR: [31m10605093 ArkTS Compiler Error
Error Message: Using "this" inside stand-alone functions is not supported (arkts-no-standalone-this) At File: D:/f/effect-kit-master/entry/src/main/ets/utils/ColorPickerUtil.ets:366:12
[39m
[39m
[31m20 ERROR: [31m10605093 ArkTS Compiler Error
Error Message: Using "this" inside stand-alone functions is not supported (arkts-no-standalone-this) At File: D:/f/effect-kit-master/entry/src/main/ets/utils/ColorPickerUtil.ets:371:23
[39m
[39m
[31m21 ERROR: [31m10605093 ArkTS Compiler Error
Error Message: Using "this" inside stand-alone functions is not supported (arkts-no-standalone-this) At File: D:/f/effect-kit-master/entry/src/main/ets/utils/ColorPickerUtil.ets:387:17
[39m
[39m
[31m22 ERROR: [31m10605093 ArkTS Compiler Error
Error Message: Using "this" inside stand-alone functions is not supported (arkts-no-standalone-this) At File: D:/f/effect-kit-master/entry/src/main/ets/utils/ColorPickerUtil.ets:398:17
[39m
[39m
[31mCOMPILE RESULT:FAIL {ERROR:23 WARN:1}[39m
    at runArkPack (C:\Program Files\Huawei\DevEco Studio\tools\hvigor\hvigor-ohos-plugin\node_modules\@ohos\hvigor-arkts-compose\dist\src\arkts-pack.js:1:5076)
ArkTSCompilerError: ArkTS Compiler Error
    at throwArkTsCompilerError (C:\Program Files\Huawei\DevEco Studio\tools\hvigor\hvigor-ohos-plugin\node_modules\@ohos\hvigor-arkts-compose\dist\src\data\compose-error.js:1:423)
    at throwErrorIfHasErrorInfo (C:\Program Files\Huawei\DevEco Studio\tools\hvigor\hvigor-ohos-plugin\node_modules\@ohos\hvigor-arkts-compose\dist\src\plugins\common-plugin.js:1:4894)
    at Object.handler (C:\Program Files\Huawei\DevEco Studio\tools\hvigor\hvigor-ohos-plugin\node_modules\@ohos\hvigor-arkts-compose\dist\src\plugins\common-plugin.js:1:2989)
    at C:\Program Files\Huawei\DevEco Studio\tools\hvigor\hvigor-ohos-plugin\node_modules\@ohos\hvigor-arkts-base\node_modules\rollup\dist\shared\rollup.js:27864:40
[2026-05-25T21:11:55.437] [ERROR] debug-file - Error: ArkTS Compiler Error
[31m1 ERROR: [31m10605093 ArkTS Compiler Error
Error Message: Using "this" inside stand-alone functions is not supported (arkts-no-standalone-this) At File: D:/f/effect-kit-master/entry/src/main/ets/utils/ColorPickerUtil.ets:76:33
[39m
[39m
[31m2 ERROR: [31m10605093 ArkTS Compiler Error
Error Message: Using "this" inside stand-alone functions is not supported (arkts-no-standalone-this) At File: D:/f/effect-kit-master/entry/src/main/ets/utils/ColorPickerUtil.ets:95:19
[39m
[39m
[31m3 ERROR: [31m10605093 ArkTS Compiler Error
Error Message: Using "this" inside stand-alone functions is not supported (arkts-no-standalone-this) At File: D:/f/effect-kit-master/entry/src/main/ets/utils/ColorPickerUtil.ets:113:31
[39m
[39m
[31m4 ERROR: [31m10605093 ArkTS Compiler Error
Error Message: Using "this" inside stand-alone functions is not supported (arkts-no-standalone-this) At File: D:/f/effect-kit-master/entry/src/main/ets/utils/ColorPickerUtil.ets:133:14
[39m
[39m
[31m5 ERROR: [31m10605093 ArkTS Compiler Error
Error Message: Using "this" inside stand-alone functions is not supported (arkts-no-standalone-this) At File: D:/f/effect-kit-master/entry/src/main/ets/utils/ColorPickerUtil.ets:142:14
[39m
[39m
[31m6 ERROR: [31m10605093 ArkTS Compiler Error
Error Message: Using "this" inside stand-alone functions is not supported (arkts-no-standalone-this) At File: D:/f/effect-kit-master/entry/src/main/ets/utils/ColorPickerUtil.ets:174:23
[39m
[39m
[31m7 ERROR: [31m10605093 ArkTS Compiler Error
Error Message: Using "this" inside stand-alone functions is not supported (arkts-no-standalone-this) At File: D:/f/effect-kit-master/entry/src/main/ets/utils/ColorPickerUtil.ets:175:26
[39m
[39m
[31m8 ERROR: [31m10605093 ArkTS Compiler Error
Error Message: Using "this" inside stand-alone functions is not supported (arkts-no-standalone-this) At File: D:/f/effect-kit-master/entry/src/main/ets/utils/ColorPickerUtil.ets:176:29
[39m
[39m
[31m9 ERROR: [31m10605093 ArkTS Compiler Error
Error Message: Using "this" inside stand-alone functions is not supported (arkts-no-standalone-this) At File: D:/f/effect-kit-master/entry/src/main/ets/utils/ColorPickerUtil.ets:194:17
[39m
[39m
[31m10 ERROR: [31m10605040 ArkTS Compiler Error
Error Message: Object literals cannot be used as type declarations (arkts-no-obj-literals-as-types) At File: D:/f/effect-kit-master/entry/src/main/ets/utils/ColorPickerUtil.ets:167:6
[39m
[39m
[31m11 ERROR: [31m10605038 ArkTS Compiler Error
Error Message: Object literal must correspond to some explicitly declared class or interface (arkts-no-untyped-obj-literals) At File: D:/f/effect-kit-master/entry/src/main/ets/utils/ColorPickerUtil.ets:196:12
[39m
[39m
[31m12 ERROR: [31m10605093 ArkTS Compiler Error
Error Message: Using "this" inside stand-alone functions is not supported (arkts-no-standalone-this) At File: D:/f/effect-kit-master/entry/src/main/ets/utils/ColorPickerUtil.ets:219:17
[39m
[39m
[31m13 ERROR: [31m10605093 ArkTS Compiler Error
Error Message: Using "this" inside stand-alone functions is not supported (arkts-no-standalone-this) At File: D:/f/effect-kit-master/entry/src/main/ets/utils/ColorPickerUtil.ets:243:17
[39m
[39m
[31m14 ERROR: [31m10605093 ArkTS Compiler Error
Error Message: Using "this" inside stand-alone functions is not supported (arkts-no-standalone-this) At File: D:/f/effect-kit-master/entry/src/main/ets/utils/ColorPickerUtil.ets:255:17
[39m
[39m
[31m15 ERROR: [31m10605040 ArkTS Compiler Error
Error Message: Object literals cannot be used as type declarations (arkts-no-obj-literals-as-types) At File: D:/f/effect-kit-master/entry/src/main/ets/utils/ColorPickerUtil.ets:265:61
[39m
[39m
[31m16 ERROR: [31m10605038 ArkTS Compiler Error
Error Message: Object literal must correspond to some explicitly declared class or interface (arkts-no-untyped-obj-literals) At File: D:/f/effect-kit-master/entry/src/main/ets/utils/ColorPickerUtil.ets:286:12
[39m
[39m
[31m17 ERROR: [31m10605040 ArkTS Compiler Error
Error Message: Object literals cannot be used as type declarations (arkts-no-obj-literals-as-types) At File: D:/f/effect-kit-master/entry/src/main/ets/utils/ColorPickerUtil.ets:290:61
[39m
[39m
[31m18 ERROR: [31m10605038 ArkTS Compiler Error
Error Message: Object literal must correspond to some explicitly declared class or interface (arkts-no-untyped-obj-literals) At File: D:/f/effect-kit-master/entry/src/main/ets/utils/ColorPickerUtil.ets:313:12
[39m
[39m
[31m19 ERROR: [31m10605093 ArkTS Compiler Error
Error Message: Using "this" inside stand-alone functions is not supported (arkts-no-standalone-this) At File: D:/f/effect-kit-master/entry/src/main/ets/utils/ColorPickerUtil.ets:366:12
[39m
[39m
[31m20 ERROR: [31m10605093 ArkTS Compiler Error
Error Message: Using "this" inside stand-alone functions is not supported (arkts-no-standalone-this) At File: D:/f/effect-kit-master/entry/src/main/ets/utils/ColorPickerUtil.ets:371:23
[39m
[39m
[31m21 ERROR: [31m10605093 ArkTS Compiler Error
Error Message: Using "this" inside stand-alone functions is not supported (arkts-no-standalone-this) At File: D:/f/effect-kit-master/entry/src/main/ets/utils/ColorPickerUtil.ets:387:17
[39m
[39m
[31m22 ERROR: [31m10605093 ArkTS Compiler Error
Error Message: Using "this" inside stand-alone functions is not supported (arkts-no-standalone-this) At File: D:/f/effect-kit-master/entry/src/main/ets/utils/ColorPickerUtil.ets:398:17
[39m
[39m
[31mCOMPILE RESULT:FAIL {ERROR:23 WARN:1}[39m
    at runArkPack (C:\Program Files\Huawei\DevEco Studio\tools\hvigor\hvigor-ohos-plugin\node_modules\@ohos\hvigor-arkts-compose\dist\src\arkts-pack.js:1:5076)
ArkTSCompilerError: ArkTS Compiler Error
    at throwArkTsCompilerError (C:\Program Files\Huawei\DevEco Studio\tools\hvigor\hvigor-ohos-plugin\node_modules\@ohos\hvigor-arkts-compose\dist\src\data\compose-error.js:1:423)
    at throwErrorIfHasErrorInfo (C:\Program Files\Huawei\DevEco Studio\tools\hvigor\hvigor-ohos-plugin\node_modules\@ohos\hvigor-arkts-compose\dist\src\plugins\common-plugin.js:1:4894)
    at Object.handler (C:\Program Files\Huawei\DevEco Studio\tools\hvigor\hvigor-ohos-plugin\node_modules\@ohos\hvigor-arkts-compose\dist\src\plugins\common-plugin.js:1:2989)
    at C:\Program Files\Huawei\DevEco Studio\tools\hvigor\hvigor-ohos-plugin\node_modules\@ohos\hvigor-arkts-base\node_modules\rollup\dist\shared\rollup.js:27864:40
[2026-05-25T21:11:55.447] [ERROR] debug-file - BUILD FAILED in 1 s 439 ms 
[2026-05-25T21:11:55.448] [DEBUG] debug-file - Update task effectkitsample:default@PreBuild input file:D:\f\effect-kit-master\AppScope\app.json5 cache by regenerate.
[2026-05-25T21:11:55.448] [DEBUG] debug-file - Update task effectkitsample:default@PreBuild input file:D:\f\effect-kit-master\entry\src\main\module.json5 cache by regenerate.
[2026-05-25T21:11:55.448] [DEBUG] debug-file - Update task effectkitsample:default@PreBuild input file:D:\f\effect-kit-master\build-profile.json5 cache by regenerate.
[2026-05-25T21:11:55.448] [DEBUG] debug-file - Update task effectkitsample:default@PreBuild input file:D:\f\effect-kit-master\entry\build-profile.json5 cache by regenerate.
[2026-05-25T21:11:55.448] [DEBUG] debug-file - Update task effectkitsample:default@PreBuild input file:D:\f\effect-kit-master\entry\src\main\resources\base\profile\main_pages.json cache by regenerate.
[2026-05-25T21:11:55.448] [DEBUG] debug-file - Update task effectkitsample:default@PreBuild input file:D:\f\effect-kit-master\hvigor\hvigor-config.json5 cache by regenerate.
[2026-05-25T21:11:55.449] [DEBUG] debug-file - Update task effectkitsample:default@PreBuild input file:D:\f\effect-kit-master\entry\oh-package.json5 cache by regenerate.
[2026-05-25T21:11:55.449] [DEBUG] debug-file - Update task effectkitsample:default@PreBuild input file:D:\f\effect-kit-master\oh-package.json5 cache by regenerate.
[2026-05-25T21:11:55.449] [DEBUG] debug-file - Incremental task effectkitsample:default@PreBuild post-execution cost:3 ms .
[2026-05-25T21:11:55.449] [DEBUG] debug-file - Update task effectkitsample:default@CreateModuleInfo output file:D:\f\effect-kit-master\entry\build\default\generated\profile\default\ModuleInfo.ts cache.
[2026-05-25T21:11:55.449] [DEBUG] debug-file - Incremental task effectkitsample:default@CreateModuleInfo post-execution cost:1 ms .
[2026-05-25T21:11:55.449] [DEBUG] debug-file - There is no need to refresh cache, since the incremental task effectkitsample:default@GenerateMetadata is up-to-date.
[2026-05-25T21:11:55.449] [DEBUG] debug-file - There is no need to refresh cache, since the incremental task effectkitsample:default@MergeProfile is up-to-date.
[2026-05-25T21:11:55.449] [DEBUG] debug-file - There is no need to refresh cache, since the incremental task effectkitsample:default@CreateBuildProfile is up-to-date.
[2026-05-25T21:11:55.449] [DEBUG] debug-file - Update task effectkitsample:default@GeneratePkgContextInfo output file:D:\f\effect-kit-master\entry\build\default\intermediates\loader\default\pkgContextInfo.json cache.
[2026-05-25T21:11:55.449] [DEBUG] debug-file - Incremental task effectkitsample:default@GeneratePkgContextInfo post-execution cost:1 ms .
[2026-05-25T21:11:55.449] [DEBUG] debug-file - There is no need to refresh cache, since the incremental task effectkitsample:default@GeneratePkgSdkInfo is up-to-date.
[2026-05-25T21:11:55.449] [DEBUG] debug-file - Update task effectkitsample:default@ProcessIntegratedHsp output file:D:\f\effect-kit-master\build\cache\default\integrated_hsp\integratedHspCache.json cache.
[2026-05-25T21:11:55.449] [DEBUG] debug-file - Incremental task effectkitsample:default@ProcessIntegratedHsp post-execution cost:1 ms .
[2026-05-25T21:11:55.449] [DEBUG] debug-file - There is no need to refresh cache, since the incremental task effectkitsample:default@MakePackInfo is up-to-date.
[2026-05-25T21:11:55.449] [DEBUG] debug-file - Update task effectkitsample:default@SyscapTransform input file:C:\Program Files\Huawei\DevEco Studio\sdk\default\openharmony\toolchains\syscap_tool.exe cache by regenerate.
[2026-05-25T21:11:55.450] [DEBUG] debug-file - Update task effectkitsample:default@SyscapTransform input file:C:\Program Files\Huawei\DevEco Studio\sdk\default\openharmony\ets\api\device-define cache by regenerate.
[2026-05-25T21:11:55.450] [DEBUG] debug-file - Update task effectkitsample:default@SyscapTransform output file:D:\f\effect-kit-master\entry\build\default\intermediates\syscap\default\rpcid.sc cache.
[2026-05-25T21:11:55.450] [DEBUG] debug-file - Incremental task effectkitsample:default@SyscapTransform post-execution cost:2 ms .
[2026-05-25T21:11:55.451] [DEBUG] debug-file - There is no need to refresh cache, since the incremental task effectkitsample:default@ProcessProfile is up-to-date.
[2026-05-25T21:11:55.451] [DEBUG] debug-file - There is no need to refresh cache, since the incremental task effectkitsample:default@ProcessRouterMap is up-to-date.
[2026-05-25T21:11:55.451] [DEBUG] debug-file - There is no need to refresh cache, since the incremental task effectkitsample:default@ProcessShareConfig is up-to-date.
[2026-05-25T21:11:55.451] [DEBUG] debug-file - Update task effectkitsample:default@ProcessStartupConfig output file:D:\f\effect-kit-master\entry\build\default\intermediates\startup\default\startup_config.json cache.
[2026-05-25T21:11:55.451] [DEBUG] debug-file - Incremental task effectkitsample:default@ProcessStartupConfig post-execution cost:1 ms .
[2026-05-25T21:11:55.451] [DEBUG] debug-file - There is no need to refresh cache, since the incremental task effectkitsample:default@ProcessResource is up-to-date.
[2026-05-25T21:11:55.451] [DEBUG] debug-file - There is no need to refresh cache, since the incremental task effectkitsample:default@GenerateLoaderJson is up-to-date.
[2026-05-25T21:11:55.451] [DEBUG] debug-file - There is no need to refresh cache, since the incremental task effectkitsample:default@ProcessLibs is up-to-date.
[2026-05-25T21:11:55.451] [DEBUG] debug-file - There is no need to refresh cache, since the incremental task effectkitsample:default@CompileResource is up-to-date.
[2026-05-25T21:11:55.451] [DEBUG] debug-file - There is no need to refresh cache, since the incremental task effectkitsample:default@DoNativeStrip is up-to-date.
[2026-05-25T21:11:55.452] [DEBUG] debug-file - Update task effectkitsample:default@CompileArkTS input file:D:\f\effect-kit-master\entry\build\default\intermediates\loader\default cache by regenerate.
[2026-05-25T21:11:55.452] [DEBUG] debug-file - Update task effectkitsample:default@CompileArkTS input file:D:\f\effect-kit-master\entry\build\default\intermediates\res\default\ResourceTable.txt cache by regenerate.
[2026-05-25T21:11:55.452] [DEBUG] debug-file - Update task effectkitsample:default@CompileArkTS input file:D:\f\effect-kit-master\entry\build\default\intermediates\res\default\ark_module.json cache by regenerate.
[2026-05-25T21:11:55.452] [DEBUG] debug-file - Update task effectkitsample:default@CompileArkTS input file:D:\f\effect-kit-master\entry\build\default\intermediates\res\default\resources\base\profile cache by regenerate.
[2026-05-25T21:11:55.452] [DEBUG] debug-file - Update task effectkitsample:default@CompileArkTS input file:D:\f\effect-kit-master\entry\src\main\ets cache from map.
[2026-05-25T21:11:55.452] [DEBUG] debug-file - Update task effectkitsample:default@CompileArkTS input file:D:\f\effect-kit-master\entry\build\default\generated\profile\default\BuildProfile.ets cache by regenerate.
[2026-05-25T21:11:55.452] [DEBUG] debug-file - Update task effectkitsample:default@CompileArkTS output file:D:\f\effect-kit-master\entry\build\default\intermediates\loader_out\default\ets cache.
[2026-05-25T21:11:55.453] [DEBUG] debug-file - Incremental task effectkitsample:default@CompileArkTS post-execution cost:2 ms .
[2026-05-25T21:11:55.453] [DEBUG] debug-file - Update task effectkitsample:default@BuildJS input file:D:\f\effect-kit-master\entry\build\default\intermediates\loader\default cache by regenerate.
[2026-05-25T21:11:55.453] [DEBUG] debug-file - Update task effectkitsample:default@BuildJS input file:D:\f\effect-kit-master\entry\build\default\intermediates\res\default\ResourceTable.txt cache by regenerate.
[2026-05-25T21:11:55.454] [DEBUG] debug-file - Update task effectkitsample:default@BuildJS input file:D:\f\effect-kit-master\entry\build\default\intermediates\res\default\ark_module.json cache by regenerate.
[2026-05-25T21:11:55.454] [DEBUG] debug-file - Update task effectkitsample:default@BuildJS input file:D:\f\effect-kit-master\entry\build\default\intermediates\res\default\resources\base\profile cache by regenerate.
[2026-05-25T21:11:55.454] [DEBUG] debug-file - Update task effectkitsample:default@BuildJS output file:D:\f\effect-kit-master\entry\build\default\intermediates\loader_out\default\js cache.
[2026-05-25T21:11:55.454] [DEBUG] debug-file - Incremental task effectkitsample:default@BuildJS post-execution cost:2 ms .
[2026-05-25T21:11:55.454] [DEBUG] debug-file - There is no need to refresh cache, since the incremental task effectkitsample:default@CacheNativeLibs is up-to-date.
[2026-05-25T21:11:55.468] [DEBUG] debug-file - Cleanup worker 22.
[2026-05-25T21:11:55.468] [DEBUG] debug-file - Worker 22 has been cleaned up.
[2026-05-25T21:11:55.468] [DEBUG] debug-file - Current idle worker size: 1.
[2026-05-25T21:11:55.468] [DEBUG] debug-file - Current resident worker size: 2.
[2026-05-25T21:11:55.468] [DEBUG] debug-file - hvigor build process will be closed.
[2026-05-25T21:11:55.474] [DEBUG] debug-file - session manager: send message to worker process.
[2026-05-25T21:11:55.475] [DEBUG] debug-file - session manager: send message to worker process.
[2026-05-25T21:11:55.474] [DEBUG] debug-file - watch worker: worker id should be larger than 0. Nothing will be sent to any worker thread.
[2026-05-25T21:11:55.475] [DEBUG] debug-file - watch worker: worker id should be larger than 0. Nothing will be sent to any worker thread.
[2026-05-25T21:11:55.475] [DEBUG] debug-file - worker[22] exits with exit code 1.
[2026-05-25T21:14:42.261] [DEBUG] debug-file - env: nodejsVersion=v18.20.1
[2026-05-25T21:14:42.310] [DEBUG] debug-file - env: daemon=true
[2026-05-25T21:14:42.262] [DEBUG] debug-file - env: hvigor-config.json5 content = {
  modelVersion: '5.0.0',
  dependencies: {},
  execution: {},
  logging: {},
  debugging: {},
  nodeOptions: {}
}
[2026-05-25T21:14:42.786] [DEBUG] debug-file - session manager: set active socket. socketId=OtyAwBHSKPp2HRu3AAAF
[2026-05-25T21:14:42.794] [DEBUG] debug-file - watch worker: worker id should be larger than 0. Nothing will be sent to any worker thread.
[2026-05-25T21:14:42.797] [DEBUG] debug-file - Workers' log level updated to INFO
[2026-05-25T21:14:42.800] [DEBUG] debug-file - Hvigor init with startParameters:{
  hvigorfileTypeCheck: false,
  parallelExecution: true,
  incrementalExecution: true,
  printStackTrace: false,
  daemon: true,
  analyze: 0,
  logLevel: Level { level: 20000, levelStr: 'INFO', colour: 'green' },
  optimizationStrategy: 'memory',
  hotCompile: undefined,
  hotReloadBuild: undefined,
  customizedParam: undefined
}
[2026-05-25T21:14:42.803] [DEBUG] debug-file - Cache service initialization finished in 3 ms 
[2026-05-25T21:14:42.804] [DEBUG] debug-file - hvigorfile, resolving D:\f\effect-kit-master\hvigorfile.ts
[2026-05-25T21:14:42.810] [DEBUG] debug-file - hvigorfile, require result:  { default: { plugins: [] } }
[2026-05-25T21:14:42.810] [DEBUG] debug-file - hvigorfile, binding system plugins null
[2026-05-25T21:14:42.811] [DEBUG] debug-file - Starting plugin build process
[2026-05-25T21:14:42.811] [DEBUG] debug-file - App plugin prepare start...
[2026-05-25T21:14:42.811] [DEBUG] debug-file - App plugin prepare end...
[2026-05-25T21:14:42.811] [DEBUG] debug-file - App plugin creating...
[2026-05-25T21:14:42.814] [DEBUG] debug-file - App plugin register hook start...
[2026-05-25T21:14:42.814] [DEBUG] debug-file - App plugin register hook end...
[2026-05-25T21:14:42.814] [DEBUG] debug-file - Plugin build process completed
[2026-05-25T21:14:42.815] [DEBUG] debug-file - Start initialize project's product build option map with build mode debug.
[2026-05-25T21:14:42.815] [DEBUG] debug-file - Picking option from product 'default' with build mode 'debug'.
[2026-05-25T21:14:42.815] [DEBUG] debug-file - Product 'default' build option initialized
[2026-05-25T21:14:42.815] [DEBUG] debug-file - End initialize project's product build option map with build mode 'debug'.
[2026-05-25T21:14:42.815] [DEBUG] debug-file - Obtain build option for product 'default'in this build.
[2026-05-25T21:14:42.816] [DEBUG] debug-file - not found resModel json file in : D:\f\effect-kit-master\entry\src\ohosTest\module.json5
[2026-05-25T21:14:42.818] [DEBUG] debug-file - No signingConfig found, initRemoteHspCache failed.
[2026-05-25T21:14:42.820] [DEBUG] debug-file - Start recording SDK configuration permission data.
[2026-05-25T21:14:42.847] [DEBUG] debug-file - Sdk init in 29 ms 
[2026-05-25T21:14:42.851] [DEBUG] debug-file - Project task initialization takes 4 ms 
[2026-05-25T21:14:42.851] [DEBUG] debug-file - hvigorfile, begin to bind custom plugins...
[2026-05-25T21:14:42.851] [DEBUG] debug-file - hvigorfile, no custom plugins were found in D:\f\effect-kit-master\hvigorfile.ts
[2026-05-25T21:14:42.851] [DEBUG] debug-file - hvigorfile, resolve finished D:\f\effect-kit-master\hvigorfile.ts
[2026-05-25T21:14:42.851] [DEBUG] debug-file - hvigorfile, resolving D:\f\effect-kit-master\entry\hvigorfile.ts
[2026-05-25T21:14:42.855] [DEBUG] debug-file - hvigorfile, require result:  { default: { plugins: [] } }
[2026-05-25T21:14:42.855] [DEBUG] debug-file - hvigorfile, binding system plugins null
[2026-05-25T21:14:42.855] [DEBUG] debug-file - Starting plugin build process
[2026-05-25T21:14:42.855] [DEBUG] debug-file - Hap plugin creating...
[2026-05-25T21:14:42.856] [DEBUG] debug-file - failed to load cangjie to dynamically generate schemas: Error: Cannot find module '@ohos/cangjie-build-support/index'
Require stack:
- C:\Program Files\Huawei\DevEco Studio\tools\hvigor\hvigor-ohos-plugin\src\plugin\hooks\cangjie-register.js
- C:\Program Files\Huawei\DevEco Studio\tools\hvigor\hvigor-ohos-plugin\src\plugin\strategy\stage-init-strategy.js
- C:\Program Files\Huawei\DevEco Studio\tools\hvigor\hvigor-ohos-plugin\src\plugin\builder\abstract-plugin-builder.js
- C:\Program Files\Huawei\DevEco Studio\tools\hvigor\hvigor-ohos-plugin\src\plugin\builder\app-plugin-builder.js
- C:\Program Files\Huawei\DevEco Studio\tools\hvigor\hvigor-ohos-plugin\src\plugin\factory\plugin-factory.js
- C:\Program Files\Huawei\DevEco Studio\tools\hvigor\hvigor-ohos-plugin\index.js
- D:\f\effect-kit-master\hvigorfile.ts
- C:\Program Files\Huawei\DevEco Studio\tools\hvigor\hvigor\src\base\internal\lifecycle\configuration.js
- C:\Program Files\Huawei\DevEco Studio\tools\hvigor\hvigor\src\base\boot\index.js
- C:\Program Files\Huawei\DevEco Studio\tools\hvigor\hvigor\src\base\daemon\cluster\worker-process-lifecycle.js
- C:\Program Files\Huawei\DevEco Studio\tools\hvigor\hvigor\src\base\daemon\process\daemon-process-boot-script.js
[2026-05-25T21:14:42.858] [DEBUG] debug-file - Start initialize module-target build option map, moduleName=effectkitsample, buildMode=debug
[2026-05-25T21:14:42.859] [DEBUG] debug-file - Target 'default' config initialized
[2026-05-25T21:14:42.859] [DEBUG] debug-file - Target 'ohosTest' config initialized
[2026-05-25T21:14:42.859] [DEBUG] debug-file - Module 'effectkitsample' target 'default' build option initialized
[2026-05-25T21:14:42.859] [DEBUG] debug-file - Module 'effectkitsample' target 'ohosTest' build option initialized
[2026-05-25T21:14:42.859] [DEBUG] debug-file - End initialize module-target build option map, moduleName=effectkitsample
[2026-05-25T21:14:42.859] [DEBUG] debug-file - Start initialize module-target build option map, moduleName=effectkitsample, buildMode=release
[2026-05-25T21:14:42.859] [DEBUG] debug-file - Target 'default' config initialized
[2026-05-25T21:14:42.859] [DEBUG] debug-file - Target 'ohosTest' config initialized
[2026-05-25T21:14:42.859] [DEBUG] debug-file - Module 'effectkitsample' target 'default' build option initialized
[2026-05-25T21:14:42.859] [DEBUG] debug-file - Module 'effectkitsample' target 'ohosTest' build option initialized
[2026-05-25T21:14:42.859] [DEBUG] debug-file - End initialize module-target build option map, moduleName=effectkitsample
[2026-05-25T21:14:42.859] [DEBUG] debug-file - Start initialize module-target build option map, moduleName=effectkitsample, buildMode=debug
[2026-05-25T21:14:42.859] [DEBUG] debug-file - Target 'default' config initialized
[2026-05-25T21:14:42.859] [DEBUG] debug-file - Target 'ohosTest' config initialized
[2026-05-25T21:14:42.859] [DEBUG] debug-file - Module 'effectkitsample' target 'default' build option initialized
[2026-05-25T21:14:42.860] [DEBUG] debug-file - Module 'effectkitsample' target 'ohosTest' build option initialized
[2026-05-25T21:14:42.860] [DEBUG] debug-file - End initialize module-target build option map, moduleName=effectkitsample
[2026-05-25T21:14:42.860] [DEBUG] debug-file - Obtain build option for module 'effectkitsample' target 'default'in this build.
[2026-05-25T21:14:42.861] [DEBUG] debug-file - Module effectkitsample task initialization takes 1 ms 
[2026-05-25T21:14:42.861] [DEBUG] debug-file - Hap plugin register hook start...
[2026-05-25T21:14:42.862] [DEBUG] debug-file - Hap plugin register hook end...
[2026-05-25T21:14:42.862] [DEBUG] debug-file - Plugin build process completed
[2026-05-25T21:14:42.862] [DEBUG] debug-file - hvigorfile, begin to bind custom plugins...
[2026-05-25T21:14:42.862] [DEBUG] debug-file - hvigorfile, no custom plugins were found in D:\f\effect-kit-master\entry\hvigorfile.ts
[2026-05-25T21:14:42.862] [DEBUG] debug-file - hvigorfile, resolve finished D:\f\effect-kit-master\entry\hvigorfile.ts
[2026-05-25T21:14:42.925] [DEBUG] debug-file - hvigorfile, resolve hvigorfile dependencies in 62 ms 
[2026-05-25T21:14:42.925] [DEBUG] debug-file - project has submodules:effectkitsample
[2026-05-25T21:14:42.926] [DEBUG] debug-file - start to load updatedOhPackageInfo to the disk
[2026-05-25T21:14:42.927] [DEBUG] debug-file - load to the disk finished
[2026-05-25T21:14:42.928] [DEBUG] debug-file - Start to initialize dependency information.
[2026-05-25T21:14:42.928] [DEBUG] debug-file - Module effect-kit-master Collected Dependency: 
[2026-05-25T21:14:42.928] [DEBUG] debug-file - Module effect-kit-master's total dependency: 0
[2026-05-25T21:14:42.928] [DEBUG] debug-file - Start to initialize dependency information.
[2026-05-25T21:14:42.929] [DEBUG] debug-file - Module effectkitsample Collected Dependency: 
[2026-05-25T21:14:42.929] [DEBUG] debug-file - Module effectkitsample's total dependency: 0
[2026-05-25T21:14:42.931] [DEBUG] debug-file - Configuration phase cost:128 ms 
[2026-05-25T21:14:42.932] [DEBUG] debug-file - Configuration task cost before running: 135 ms 
[2026-05-25T21:14:42.934] [DEBUG] debug-file - Executing task :effectkitsample:default@PreBuild
[2026-05-25T21:14:42.935] [DEBUG] debug-file - Task 'effectkitsample:default@PreBuild' cost while wrapping incremental declarations: 1 ms 
[2026-05-25T21:14:42.939] [DEBUG] debug-file - Incremental task effectkitsample:default@PreBuild pre-execution cost: 3 ms .
[2026-05-25T21:14:42.939] [DEBUG] debug-file - effectkitsample : default@PreBuild cost memory 0.2752227783203125
[2026-05-25T21:14:42.940] [INFO] debug-file - UP-TO-DATE :effectkitsample:default@PreBuild...  
[2026-05-25T21:14:42.941] [DEBUG] debug-file - Executing task :effectkitsample:default@CreateModuleInfo
[2026-05-25T21:14:42.941] [DEBUG] debug-file - Task 'effectkitsample:default@CreateModuleInfo' cost while wrapping incremental declarations: 1 ms 
[2026-05-25T21:14:42.941] [DEBUG] debug-file - effectkitsample : default@CreateModuleInfo cost memory 0.04157257080078125
[2026-05-25T21:14:42.941] [DEBUG] debug-file - runTaskFromQueue task cost before running: 144 ms 
[2026-05-25T21:14:42.941] [INFO] debug-file - Finished :effectkitsample:default@CreateModuleInfo... after 1 ms 
[2026-05-25T21:14:42.942] [DEBUG] debug-file - Executing task :effectkitsample:default@GenerateMetadata
[2026-05-25T21:14:42.943] [DEBUG] debug-file - Task 'effectkitsample:default@GenerateMetadata' cost while wrapping incremental declarations: 1 ms 
[2026-05-25T21:14:42.943] [DEBUG] debug-file - Incremental task effectkitsample:default@GenerateMetadata pre-execution cost: 1 ms .
[2026-05-25T21:14:42.943] [DEBUG] debug-file - effectkitsample : default@GenerateMetadata cost memory 0.0802001953125
[2026-05-25T21:14:42.943] [INFO] debug-file - UP-TO-DATE :effectkitsample:default@GenerateMetadata...  
[2026-05-25T21:14:42.944] [DEBUG] debug-file - Executing task :effectkitsample:default@ConfigureCmake
[2026-05-25T21:14:42.944] [DEBUG] debug-file - effectkitsample : default@ConfigureCmake cost memory 0.01451873779296875
[2026-05-25T21:14:42.944] [DEBUG] debug-file - runTaskFromQueue task cost before running: 147 ms 
[2026-05-25T21:14:42.944] [INFO] debug-file - Finished :effectkitsample:default@ConfigureCmake... after 1 ms 
[2026-05-25T21:14:42.945] [DEBUG] debug-file - Executing task :effectkitsample:default@MergeProfile
[2026-05-25T21:14:42.945] [DEBUG] debug-file - Task 'effectkitsample:default@MergeProfile' cost while wrapping incremental declarations: 1 ms 
[2026-05-25T21:14:42.946] [DEBUG] debug-file - Incremental task effectkitsample:default@MergeProfile pre-execution cost: 1 ms .
[2026-05-25T21:14:42.946] [DEBUG] debug-file - effectkitsample : default@MergeProfile cost memory 0.116363525390625
[2026-05-25T21:14:42.946] [INFO] debug-file - UP-TO-DATE :effectkitsample:default@MergeProfile...  
[2026-05-25T21:14:42.947] [DEBUG] debug-file - Executing task :effectkitsample:default@CreateBuildProfile
[2026-05-25T21:14:42.947] [DEBUG] debug-file - Task 'effectkitsample:default@CreateBuildProfile' cost while wrapping incremental declarations: 1 ms 
[2026-05-25T21:14:42.948] [DEBUG] debug-file - Incremental task effectkitsample:default@CreateBuildProfile pre-execution cost: 1 ms .
[2026-05-25T21:14:42.948] [DEBUG] debug-file - effectkitsample : default@CreateBuildProfile cost memory 0.097686767578125
[2026-05-25T21:14:42.949] [INFO] debug-file - UP-TO-DATE :effectkitsample:default@CreateBuildProfile...  
[2026-05-25T21:14:42.949] [DEBUG] debug-file - Executing task :effectkitsample:default@PreCheckSyscap
[2026-05-25T21:14:42.949] [DEBUG] debug-file - effectkitsample : default@PreCheckSyscap cost memory 0.014739990234375
[2026-05-25T21:14:42.949] [DEBUG] debug-file - runTaskFromQueue task cost before running: 153 ms 
[2026-05-25T21:14:42.950] [INFO] debug-file - Finished :effectkitsample:default@PreCheckSyscap... after 1 ms 
[2026-05-25T21:14:42.950] [DEBUG] debug-file - Executing task :effectkitsample:default@GeneratePkgContextInfo
[2026-05-25T21:14:42.952] [DEBUG] debug-file - Task 'effectkitsample:default@GeneratePkgContextInfo' cost while wrapping incremental declarations: 1 ms 
[2026-05-25T21:14:42.952] [DEBUG] debug-file - effectkitsample : default@GeneratePkgContextInfo cost memory 0.16655731201171875
[2026-05-25T21:14:42.953] [DEBUG] debug-file - runTaskFromQueue task cost before running: 156 ms 
[2026-05-25T21:14:42.954] [INFO] debug-file - Finished :effectkitsample:default@GeneratePkgContextInfo... after 3 ms 
[2026-05-25T21:14:42.955] [DEBUG] debug-file - Executing task :effectkitsample:default@GeneratePkgSdkInfo
[2026-05-25T21:14:42.956] [DEBUG] debug-file - Task 'effectkitsample:default@GeneratePkgSdkInfo' cost while wrapping incremental declarations: 1 ms 
[2026-05-25T21:14:42.956] [DEBUG] debug-file - Incremental task effectkitsample:default@GeneratePkgSdkInfo pre-execution cost: 1 ms .
[2026-05-25T21:14:42.956] [DEBUG] debug-file - effectkitsample : default@GeneratePkgSdkInfo cost memory 0.11727142333984375
[2026-05-25T21:14:42.956] [INFO] debug-file - UP-TO-DATE :effectkitsample:default@GeneratePkgSdkInfo...  
[2026-05-25T21:14:42.958] [DEBUG] debug-file - Executing task :effectkitsample:default@ProcessIntegratedHsp
[2026-05-25T21:14:42.958] [DEBUG] debug-file - effectkitsample:default@ProcessIntegratedHsp is not up-to-date, since the output file 'D:\f\effect-kit-master\build\cache\default\integrated_hsp\integratedHspCache.json' does not exist.
[2026-05-25T21:14:42.958] [DEBUG] debug-file - Incremental task effectkitsample:default@ProcessIntegratedHsp pre-execution cost: 1 ms .
[2026-05-25T21:14:42.958] [DEBUG] debug-file - effectkitsample : default@ProcessIntegratedHsp cost memory 0.05538177490234375
[2026-05-25T21:14:42.959] [DEBUG] debug-file - runTaskFromQueue task cost before running: 162 ms 
[2026-05-25T21:14:42.959] [INFO] debug-file - Finished :effectkitsample:default@ProcessIntegratedHsp... after 1 ms 
[2026-05-25T21:14:42.959] [DEBUG] debug-file - Executing task :effectkitsample:default@BuildNativeWithCmake
[2026-05-25T21:14:42.960] [DEBUG] debug-file - effectkitsample : default@BuildNativeWithCmake cost memory 0.0145263671875
[2026-05-25T21:14:42.960] [DEBUG] debug-file - runTaskFromQueue task cost before running: 163 ms 
[2026-05-25T21:14:42.960] [INFO] debug-file - Finished :effectkitsample:default@BuildNativeWithCmake... after 1 ms 
[2026-05-25T21:14:42.961] [DEBUG] debug-file - Executing task :effectkitsample:default@MakePackInfo
[2026-05-25T21:14:42.962] [DEBUG] debug-file - Incremental task effectkitsample:default@MakePackInfo pre-execution cost: 1 ms .
[2026-05-25T21:14:42.962] [DEBUG] debug-file - effectkitsample : default@MakePackInfo cost memory 0.25807952880859375
[2026-05-25T21:14:42.962] [INFO] debug-file - UP-TO-DATE :effectkitsample:default@MakePackInfo...  
[2026-05-25T21:14:42.963] [DEBUG] debug-file - Executing task :effectkitsample:default@SyscapTransform
[2026-05-25T21:14:42.964] [DEBUG] debug-file - File: 'D:\f\effect-kit-master\entry\src\main\syscap.json' from 'sysCapJsonPath' is not exists, just ignore.
[2026-05-25T21:14:42.964] [DEBUG] debug-file - Task 'effectkitsample:default@SyscapTransform' cost while wrapping incremental declarations: 1 ms 
[2026-05-25T21:14:42.965] [DEBUG] debug-file - effectkitsample:default@SyscapTransform is not up-to-date, since the output file 'D:\f\effect-kit-master\entry\build\default\intermediates\syscap\default\rpcid.sc' does not exist.
[2026-05-25T21:14:42.965] [DEBUG] debug-file - Incremental task effectkitsample:default@SyscapTransform pre-execution cost: 2 ms .
[2026-05-25T21:14:42.965] [DEBUG] debug-file - effectkitsample : default@SyscapTransform cost memory 0.1389617919921875
[2026-05-25T21:14:42.965] [DEBUG] debug-file - runTaskFromQueue task cost before running: 168 ms 
[2026-05-25T21:14:42.966] [INFO] debug-file - Finished :effectkitsample:default@SyscapTransform... after 3 ms 
[2026-05-25T21:14:42.966] [DEBUG] debug-file - Executing task :effectkitsample:default@ProcessProfile
[2026-05-25T21:14:42.967] [DEBUG] debug-file - Task 'effectkitsample:default@ProcessProfile' cost while wrapping incremental declarations: 1 ms 
[2026-05-25T21:14:42.968] [DEBUG] debug-file - Incremental task effectkitsample:default@ProcessProfile pre-execution cost: 1 ms .
[2026-05-25T21:14:42.968] [DEBUG] debug-file - effectkitsample : default@ProcessProfile cost memory 0.11927032470703125
[2026-05-25T21:14:42.968] [INFO] debug-file - UP-TO-DATE :effectkitsample:default@ProcessProfile...  
[2026-05-25T21:14:42.969] [DEBUG] debug-file - Executing task :effectkitsample:default@ProcessRouterMap
[2026-05-25T21:14:42.970] [DEBUG] debug-file - Incremental task effectkitsample:default@ProcessRouterMap pre-execution cost: 1 ms .
[2026-05-25T21:14:42.970] [DEBUG] debug-file - effectkitsample : default@ProcessRouterMap cost memory 0.11739349365234375
[2026-05-25T21:14:42.970] [INFO] debug-file - UP-TO-DATE :effectkitsample:default@ProcessRouterMap...  
[2026-05-25T21:14:42.971] [DEBUG] debug-file - Executing task :effectkitsample:default@ProcessShareConfig
[2026-05-25T21:14:42.972] [DEBUG] debug-file - Incremental task effectkitsample:default@ProcessShareConfig pre-execution cost: 1 ms .
[2026-05-25T21:14:42.972] [DEBUG] debug-file - effectkitsample : default@ProcessShareConfig cost memory 0.09571075439453125
[2026-05-25T21:14:42.973] [INFO] debug-file - UP-TO-DATE :effectkitsample:default@ProcessShareConfig...  
[2026-05-25T21:14:42.973] [DEBUG] debug-file - Executing task :effectkitsample:default@ProcessStartupConfig
[2026-05-25T21:14:42.973] [DEBUG] debug-file - Task 'effectkitsample:default@ProcessStartupConfig' cost while wrapping incremental declarations: 1 ms 
[2026-05-25T21:14:42.974] [DEBUG] debug-file - effectkitsample:default@ProcessStartupConfig is not up-to-date, since the output file 'D:\f\effect-kit-master\entry\build\default\intermediates\startup\default\startup_config.json' does not exist.
[2026-05-25T21:14:42.974] [DEBUG] debug-file - Incremental task effectkitsample:default@ProcessStartupConfig pre-execution cost: 1 ms .
[2026-05-25T21:14:42.974] [DEBUG] debug-file - effectkitsample : default@ProcessStartupConfig cost memory 0.08914947509765625
[2026-05-25T21:14:42.974] [DEBUG] debug-file - runTaskFromQueue task cost before running: 177 ms 
[2026-05-25T21:14:42.975] [INFO] debug-file - Finished :effectkitsample:default@ProcessStartupConfig... after 2 ms 
[2026-05-25T21:14:42.975] [DEBUG] debug-file - Executing task :effectkitsample:default@BuildNativeWithNinja
[2026-05-25T21:14:42.976] [DEBUG] debug-file - effectkitsample : default@BuildNativeWithNinja cost memory 0.01995086669921875
[2026-05-25T21:14:42.976] [DEBUG] debug-file - runTaskFromQueue task cost before running: 179 ms 
[2026-05-25T21:14:42.976] [INFO] debug-file - Finished :effectkitsample:default@BuildNativeWithNinja... after 1 ms 
[2026-05-25T21:14:42.977] [DEBUG] debug-file - restool module names: effectkitsample; moduleName=effectkitsample, taskName=default@ProcessResource
[2026-05-25T21:14:42.979] [DEBUG] debug-file - Executing task :effectkitsample:default@ProcessResource
[2026-05-25T21:14:42.979] [DEBUG] debug-file - Task 'effectkitsample:default@ProcessResource' cost while wrapping incremental declarations: 1 ms 
[2026-05-25T21:14:42.980] [DEBUG] debug-file - Incremental task effectkitsample:default@ProcessResource pre-execution cost: 1 ms .
[2026-05-25T21:14:42.980] [DEBUG] debug-file - effectkitsample : default@ProcessResource cost memory 0.13199615478515625
[2026-05-25T21:14:42.981] [INFO] debug-file - UP-TO-DATE :effectkitsample:default@ProcessResource...  
[2026-05-25T21:14:42.983] [DEBUG] debug-file - Executing task :effectkitsample:default@GenerateLoaderJson
[2026-05-25T21:14:42.983] [DEBUG] debug-file - Task 'effectkitsample:default@GenerateLoaderJson' cost while wrapping incremental declarations: 1 ms 
[2026-05-25T21:14:42.988] [DEBUG] debug-file - Incremental task effectkitsample:default@GenerateLoaderJson pre-execution cost: 3 ms .
[2026-05-25T21:14:42.988] [DEBUG] debug-file - effectkitsample : default@GenerateLoaderJson cost memory 0.406829833984375
[2026-05-25T21:14:42.990] [INFO] debug-file - UP-TO-DATE :effectkitsample:default@GenerateLoaderJson...  
[2026-05-25T21:14:42.991] [DEBUG] debug-file - Executing task :effectkitsample:default@ProcessLibs
[2026-05-25T21:14:42.992] [DEBUG] debug-file - Incremental task effectkitsample:default@ProcessLibs pre-execution cost: 1 ms .
[2026-05-25T21:14:42.992] [DEBUG] debug-file - effectkitsample : default@ProcessLibs cost memory 0.0906524658203125
[2026-05-25T21:14:42.993] [INFO] debug-file - UP-TO-DATE :effectkitsample:default@ProcessLibs...  
[2026-05-25T21:14:42.994] [DEBUG] debug-file - restool module names: effectkitsample; moduleName=effectkitsample, taskName=default@CompileResource
[2026-05-25T21:14:42.994] [DEBUG] debug-file - Executing task :effectkitsample:default@CompileResource
[2026-05-25T21:14:43.001] [DEBUG] debug-file - Incremental task effectkitsample:default@CompileResource pre-execution cost: 7 ms .
[2026-05-25T21:14:43.002] [DEBUG] debug-file - effectkitsample : default@CompileResource cost memory 0.6781082153320312
[2026-05-25T21:14:43.002] [INFO] debug-file - UP-TO-DATE :effectkitsample:default@CompileResource...  
[2026-05-25T21:14:43.003] [DEBUG] debug-file - Executing task :effectkitsample:default@DoNativeStrip
[2026-05-25T21:14:43.003] [DEBUG] debug-file - File: 'D:\f\effect-kit-master\entry\build\default\intermediates\binxo\default' from 'doBinxoNativeLibs' is not exists, just ignore.
[2026-05-25T21:14:43.003] [DEBUG] debug-file - Task 'effectkitsample:default@DoNativeStrip' cost while wrapping incremental declarations: 1 ms 
[2026-05-25T21:14:43.004] [DEBUG] debug-file - Incremental task effectkitsample:default@DoNativeStrip pre-execution cost: 1 ms .
[2026-05-25T21:14:43.004] [DEBUG] debug-file - effectkitsample : default@DoNativeStrip cost memory 0.08988189697265625
[2026-05-25T21:14:43.004] [INFO] debug-file - UP-TO-DATE :effectkitsample:default@DoNativeStrip...  
[2026-05-25T21:14:43.005] [DEBUG] debug-file - Executing task :effectkitsample:default@CompileArkTS
[2026-05-25T21:14:43.005] [DEBUG] debug-file - obfuscationOptions: undefined
[2026-05-25T21:14:43.006] [DEBUG] debug-file - Task 'effectkitsample:default@CompileArkTS' cost while wrapping incremental declarations: 1 ms 
[2026-05-25T21:14:43.016] [DEBUG] debug-file - build config:
[2026-05-25T21:14:43.017] [DEBUG] debug-file - {
  moduleType: 'feature',
  perf: 0,
  targetName: '.default',
  packageManagerType: 'ohpm',
  localPropertiesPath: 'D:\\f\\effect-kit-master\\local.properties',
  isPreview: false,
  isOhosTest: false,
  isLocalTest: false,
  buildMode: 'Debug',
  hotReloadBuild: undefined,
  watchMode: 'false',
  aceProfilePath: 'D:\\f\\effect-kit-master\\entry\\build\\default\\intermediates\\res\\default\\resources\\base\\profile',
  etsLoaderPath: 'C:\\Program Files\\Huawei\\DevEco Studio\\sdk\\default\\openharmony\\ets\\build-tools\\ets-loader',
  modulePath: 'D:\\f\\effect-kit-master\\entry',
  testFrameworkPar: {
    testMode: undefined,
    coveragePathFilter: undefined,
    coverageMode: undefined
  },
  needCoverageInsert: false,
  debugLine: false,
  projectTopDir: 'D:\\f\\effect-kit-master',
  compileSdkVersion: 23,
  compatibleSdkVersion: 22,
  originCompatibleSdkVersion: '6.0.2(22)',
  compatibleSdkVersionStage: undefined,
  bundleName: 'c***t',
  etsLoaderVersion: '6.1.0.105',
  etsLoaderReleaseType: 'Release',
  aotCompileMode: 'type',
  apPath: 'D:\\f\\effect-kit-master\\entry\\modules.ap',
  entryModuleName: 'effectkitsample',
  entryModuleVersion: '1.0.0',
  entryPackageName: 'effectkitsample',
  allModuleNameHash: '5c38a6dc4b128073a8d30b5210942b8e763f8018585427940248e37e7c759347',
  externalApiPaths: [
    'C:\\Program Files\\Huawei\\DevEco Studio\\sdk\\default\\hms\\ets'
  ],
  compilerTypes: [],
  isCrossplatform: false,
  hvigorPluginFile: undefined,
  compilePluginPath: undefined,
  buildGeneratedProfilePath: 'D:\\f\\effect-kit-master\\entry\\build\\default\\generated\\profile\\default',
  bundleType: 'app',
  arkTSVersion: undefined,
  apiVersion: 23,
  needCompleteSourcesMap: false,
  isFaMode: false,
  buildDir: 'D:\\f\\effect-kit-master\\entry\\build',
  deviceTypes: [ 'phone', 'tablet', '2in1' ],
  pkgContextInfo: undefined,
  ohPackagePathMap: {},
  dependencyAliasMap: {},
  permission: { requestPermissions: undefined, definePermissions: undefined },
  useGetCurrentBundleName: false,
  projectArkOption: undefined,
  sourceMapDir: undefined,
  branchElimination: false,
  transformLib: undefined,
  tsImportSendable: false,
  resolveConflictMode: true,
  depName2RootPath: {},
  depName2DepInfo: {},
  depName2OhExports: {},
  rootPathSet: [ 'D:\\f\\effect-kit-master' ],
  useNativeResolver: true,
  shouldEmitJs: true,
  useTscResolve: false,
  singleFileEmit: false,
  userProjectConfig: {
    autoLazyImport: false,
    allowEmptyBundleName: false,
    reExportCheckMode: 'noCheck',
    executionMode: 'memory',
    usePathPlaceholder: false,
    writeRollupCache: true,
    isExpandImportEnabled: false,
    expandImportExclude: '',
    lazyImportExclude: '',
    lazyImportInclude: '',
    ignoreCrossplatformCheck: false,
    isHarDeduplicateEnabled: false,
    skipOhModulesLint: false,
    enableStrictCheckOHModule: false,
    disableSendableCheckRules: [],
    useDeclarationFileSignature: false,
    customizedOptions: undefined,
    integratedHsp: false,
    isPreloadSoEnabled: false
  },
  executionMode: 'memory',
  arkCompileCachePath: 'D:\\f\\effect-kit-master\\entry\\build\\default\\cache\\default\\default@CompileArkTS\\esmodule',
  autoLazyFilter: undefined,
  isHarDeduplicateEnabled: false,
  intermediateHarDuplicateDirPath: 'D:\\f\\effect-kit-master\\entry\\build\\default\\intermediates\\har_duplicate\\default',
  autoLazyImport: false,
  allowEmptyBundleName: false,
  reExportCheckMode: 'noCheck',
  usePathPlaceholder: false,
  writeRollupCache: true,
  isExpandImportEnabled: false,
  expandImportExclude: '',
  lazyImportExclude: '',
  lazyImportInclude: '',
  ignoreCrossplatformCheck: false,
  skipOhModulesLint: false,
  enableStrictCheckOHModule: false,
  disableSendableCheckRules: [],
  useDeclarationFileSignature: false,
  customizedOptions: undefined,
  integratedHsp: false,
  isPreloadSoEnabled: false,
  strictMode: undefined,
  useNormalizedOHMUrl: false,
  caseSensitiveCheck: false,
  aceModuleJsonPath: 'D:\\f\\effect-kit-master\\entry\\build\\default\\intermediates\\res\\default\\ark_module.json',
  appResource: 'D:\\f\\effect-kit-master\\entry\\build\\default\\intermediates\\res\\default\\ResourceTable.txt',
  rawFileResource: 'D:\\f\\effect-kit-master\\entry\\build\\default\\intermediates\\res\\default\\resources\\rawfile',
  resourceTableHash: 'f81fa096d91856514327cffc858a312a97361b9bf373544d9f3b7a66145cd118',
  runtimeOS: 'HarmonyOS',
  sdkInfo: 'false:23:6.1.0.105:Release',
  aceModuleRoot: 'D:\\f\\effect-kit-master\\entry\\src\\main\\ets',
  compileMode: 'esmodule',
  aceSuperVisualPath: 'D:\\f\\effect-kit-master\\entry\\src\\main\\supervisual',
  aceBuildJson: 'D:\\f\\effect-kit-master\\entry\\build\\default\\intermediates\\loader\\default\\loader.json',
  cachePath: 'D:\\f\\effect-kit-master\\entry\\build\\default\\cache\\default\\default@CompileArkTS\\esmodule\\debug',
  aceModuleBuild: 'D:\\f\\effect-kit-master\\entry\\build\\default\\intermediates\\loader_out\\default\\ets',
  supportChunks: true,
  declaredFilesPath: undefined,
  shouldCollectDirectImportees: false,
  isByteCodeHarOptimize: false,
  expandImportPath: undefined,
  resourceTableTs: 'D:\\f\\effect-kit-master\\entry\\build\\default\\generated\\r\\default\\ResourceTable.ts',
  moduleMetaInfoFiles: [
    {
      filePath: 'D:\\f\\effect-kit-master\\entry\\build\\default\\generated\\r\\default\\ResourceTable.ts',
      ohmurl: 'com.example.effectkit/effectkitsample/build/generated/r/ResourceTable'
    }
  ],
  pkgNameToPkgBriefInfo: {
    effectkitsample: {
      pkgRoot: 'D:\\f\\effect-kit-master\\entry',
      originalSourceRoots: undefined,
      sourceRoots: [Array],
      pkgName: 'effectkitsample'
    }
  },
  projectModel: {
    'D:\\f\\effect-kit-master\\entry\\src\\main': {
      moduleName: 'effectkitsample',
      modulePkgPath: 'D:\\f\\effect-kit-master\\entry',
      belongProjectPath: 'D:\\f\\effect-kit-master'
    },
    'D:\\f\\effect-kit-master\\entry\\.test\\default\\intermediates\\src\\ohosTest\\ets': {
      moduleName: 'effectkitsample',
      modulePkgPath: 'D:\\f\\effect-kit-master\\entry',
      belongProjectPath: 'D:\\f\\effect-kit-master'
    },
    'D:\\f\\effect-kit-master\\entry\\src\\ohosTest': {
      moduleName: 'effectkitsample',
      modulePkgPath: 'D:\\f\\effect-kit-master\\entry',
      belongProjectPath: 'D:\\f\\effect-kit-master'
    },
    'D:\\f\\effect-kit-master\\entry': {
      moduleName: 'effectkitsample',
      modulePkgPath: 'D:\\f\\effect-kit-master\\entry',
      belongProjectPath: 'D:\\f\\effect-kit-master'
    },
    'D:\\f\\effect-kit-master': {
      moduleName: 'effect-kit-master',
      modulePkgPath: 'D:\\f\\effect-kit-master',
      belongProjectPath: 'D:\\f\\effect-kit-master'
    }
  },
  pkgJsonFileHash: 'c8e17a09ec98390e6b0222f7dd883e2bf900288ca532903b52fe9328e0e74185',
  allModulePaths: [ 'D:\\f\\effect-kit-master\\entry' ],
  routerMap: {},
  obfuscationOptions: undefined,
  byteCodeHarToDependencyKeys: undefined,
  compileBlockPkg: [],
  mockParams: {
    decorator: '@MockSetup',
    packageName: '@ohos/hamock',
    etsSourceRootPath: 'src/main/ets',
    mockConfigPath: undefined,
    mockConfigKey2ModuleInfo: {},
    source2ModuleIdMap: {}
  },
  copyCodeResourceEnable: true,
  copyCodeResourceExcludes: [],
  copyCodeResourceIncludes: undefined,
  uiTransformOptimization: false,
  sdkPath: 'C:/Program Files/Huawei/DevEco Studio/sdk',
  needPreloadSoFileSet: {},
  preloadSoFilePath: 'D:\\f\\effect-kit-master\\entry\\build\\default\\intermediates\\preload\\default\\preload.json',
  useSourceHash: false,
  localModuleParamMap: {},
  otherPaths: {
    'effectkitsample/*': [
      '..\\*',
      '..\\..\\..\\build\\default\\generated\\profile\\default\\*'
    ]
  },
  collectImportersConfig: undefined
}
[2026-05-25T21:14:43.017] [DEBUG] debug-file - Compile arkts with external api path: C:\Program Files\Huawei\DevEco Studio\sdk\default\hms\ets
[2026-05-25T21:14:43.018] [DEBUG] debug-file - default@CompileArkTS work[6] is submitted.
[2026-05-25T21:14:43.018] [DEBUG] debug-file - default@CompileArkTS work[6] is pushed to ready queue.
[2026-05-25T21:14:43.018] [DEBUG] debug-file - A work dispatched to worker[23] failed because unable to get work from ready queue.
[2026-05-25T21:14:43.018] [DEBUG] debug-file - A work dispatched to worker[22] failed because unable to get work from ready queue.
[2026-05-25T21:14:43.018] [DEBUG] debug-file - A work dispatched to worker[21] failed because unable to get work from ready queue.
[2026-05-25T21:14:43.018] [DEBUG] debug-file - A work dispatched to worker[20] failed because unable to get work from ready queue.
[2026-05-25T21:14:43.018] [DEBUG] debug-file - A work dispatched to worker[19] failed because unable to get work from ready queue.
[2026-05-25T21:14:43.018] [DEBUG] debug-file - A work dispatched to worker[18] failed because unable to get work from ready queue.
[2026-05-25T21:14:43.019] [DEBUG] debug-file - A work dispatched to worker[17] failed because unable to get work from ready queue.
[2026-05-25T21:14:43.019] [DEBUG] debug-file - A work dispatched to worker[16] failed because unable to get work from ready queue.
[2026-05-25T21:14:43.019] [DEBUG] debug-file - A work dispatched to worker[15] failed because unable to get work from ready queue.
[2026-05-25T21:14:43.019] [DEBUG] debug-file - A work dispatched to worker[14] failed because unable to get work from ready queue.
[2026-05-25T21:14:43.019] [DEBUG] debug-file - A work dispatched to worker[13] failed because unable to get work from ready queue.
[2026-05-25T21:14:43.019] [DEBUG] debug-file - A work dispatched to worker[12] failed because unable to get work from ready queue.
[2026-05-25T21:14:43.019] [DEBUG] debug-file - A work dispatched to worker[11] failed because unable to get work from ready queue.
[2026-05-25T21:14:43.019] [DEBUG] debug-file - A work dispatched to worker[10] failed because unable to get work from ready queue.
[2026-05-25T21:14:43.019] [DEBUG] debug-file - A work dispatched to worker[9] failed because unable to get work from ready queue.
[2026-05-25T21:14:43.019] [DEBUG] debug-file - A work dispatched to worker[8] failed because unable to get work from ready queue.
[2026-05-25T21:14:43.019] [DEBUG] debug-file - A work dispatched to worker[7] failed because unable to get work from ready queue.
[2026-05-25T21:14:43.019] [DEBUG] debug-file - A work dispatched to worker[6] failed because unable to get work from ready queue.
[2026-05-25T21:14:43.019] [DEBUG] debug-file - A work dispatched to worker[5] failed because unable to get work from ready queue.
[2026-05-25T21:14:43.019] [DEBUG] debug-file - default@CompileArkTS work[6] has been dispatched to worker[4].
[2026-05-25T21:14:43.019] [DEBUG] debug-file - default@CompileArkTS work[6] is dispatched.
[2026-05-25T21:14:43.019] [DEBUG] debug-file - CopyResources startTime: 14765622114000
[2026-05-25T21:14:43.020] [DEBUG] debug-file - default@CompileArkTS work[7] is submitted.
[2026-05-25T21:14:43.020] [DEBUG] debug-file - default@CompileArkTS work[7] is pushed to ready queue.
[2026-05-25T21:14:43.020] [DEBUG] debug-file - A work dispatched to worker[23] failed because unable to get work from ready queue.
[2026-05-25T21:14:43.021] [DEBUG] debug-file - Create  resident worker with id: 22.
[2026-05-25T21:14:43.022] [DEBUG] debug-file - default@CompileArkTS work[7] has been dispatched to worker[22].
[2026-05-25T21:14:43.022] [DEBUG] debug-file - default@CompileArkTS work[7] is dispatched.
[2026-05-25T21:14:43.022] [DEBUG] debug-file - effectkitsample : default@CompileArkTS cost memory -3.8949203491210938
[2026-05-25T21:14:43.023] [DEBUG] debug-file - Executing task :effectkitsample:default@BuildJS
[2026-05-25T21:14:43.023] [DEBUG] debug-file - Task 'effectkitsample:default@BuildJS' cost while wrapping incremental declarations: 1 ms 
[2026-05-25T21:14:43.025] [DEBUG] debug-file - effectkitsample : default@BuildJS cost memory 0.1401214599609375
[2026-05-25T21:14:43.025] [DEBUG] debug-file - runTaskFromQueue task cost before running: 228 ms 
[2026-05-25T21:14:43.025] [INFO] debug-file - Finished :effectkitsample:default@BuildJS... after 2 ms 
[2026-05-25T21:14:43.026] [DEBUG] debug-file - Executing task :effectkitsample:default@CacheNativeLibs
[2026-05-25T21:14:43.026] [DEBUG] debug-file - File: 'D:\f\effect-kit-master\entry\build\default\intermediates\binxo\default' from 'cacheBinxoNativeLibs' is not exists, just ignore.
[2026-05-25T21:14:43.026] [DEBUG] debug-file - Task 'effectkitsample:default@CacheNativeLibs' cost while wrapping incremental declarations: 1 ms 
[2026-05-25T21:14:43.027] [DEBUG] debug-file - Incremental task effectkitsample:default@CacheNativeLibs pre-execution cost: 1 ms .
[2026-05-25T21:14:43.027] [DEBUG] debug-file - effectkitsample : default@CacheNativeLibs cost memory 0.11310577392578125
[2026-05-25T21:14:43.027] [INFO] debug-file - UP-TO-DATE :effectkitsample:default@CacheNativeLibs...  
[2026-05-25T21:14:43.818] [DEBUG] debug-file - worker[22] has one work done.
[2026-05-25T21:14:43.818] [DEBUG] debug-file - CopyResources is end, endTime: 14766421009600
[2026-05-25T21:14:43.818] [DEBUG] debug-file - default@CompileArkTS work[7] done.
[2026-05-25T21:14:43.819] [DEBUG] debug-file - A work dispatched to worker[22] failed because unable to get work from ready queue.
[2026-05-25T21:14:44.087] [DEBUG] debug-file - Ark compile task finished.finished time is 14766689313800
[2026-05-25T21:14:44.087] [DEBUG] debug-file - worker[4] has one work done.
[2026-05-25T21:14:44.088] [DEBUG] debug-file - default@CompileArkTS work[6] done.
[2026-05-25T21:14:44.088] [DEBUG] debug-file - A work dispatched to worker[4] failed because unable to get work from ready queue.
[2026-05-25T21:14:44.090] [INFO] debug-file - Finished :effectkitsample:default@CompileArkTS... after 1 s 82 ms 
[2026-05-25T21:14:44.091] [DEBUG] debug-file - Executing task :effectkitsample:default@GeneratePkgModuleJson
[2026-05-25T21:14:44.091] [DEBUG] debug-file - File: 'D:\f\effect-kit-master\entry\build\default\intermediates\preload\default\preload.json' from 'preloadSoJsonPath' is not exists, just ignore.
[2026-05-25T21:14:44.091] [DEBUG] debug-file - Error occurs while handling @Input 'shouldDeduplicateHar': The "data" argument must be of type string or an instance of Buffer, TypedArray, or DataView. Received undefined
[2026-05-25T21:14:44.091] [DEBUG] debug-file - Task 'effectkitsample:default@GeneratePkgModuleJson' cost while wrapping incremental declarations: 1 ms 
[2026-05-25T21:14:44.092] [DEBUG] debug-file - Incremental task effectkitsample:default@GeneratePkgModuleJson pre-execution cost: 1 ms .
[2026-05-25T21:14:44.092] [DEBUG] debug-file - effectkitsample : default@GeneratePkgModuleJson cost memory 0.09952545166015625
[2026-05-25T21:14:44.093] [INFO] debug-file - UP-TO-DATE :effectkitsample:default@GeneratePkgModuleJson...  
[2026-05-25T21:14:44.093] [DEBUG] debug-file - Executing task :effectkitsample:default@ProcessCompiledResources
[2026-05-25T21:14:44.094] [DEBUG] debug-file - File: 'D:\f\effect-kit-master\entry\build\default\intermediates\preload\default\preload.json' from 'preloadSoJsonPath' is not exists, just ignore.
[2026-05-25T21:14:44.094] [DEBUG] debug-file - Task 'effectkitsample:default@ProcessCompiledResources' cost while wrapping incremental declarations: 1 ms 
[2026-05-25T21:14:44.094] [DEBUG] debug-file - effectkitsample : default@ProcessCompiledResources cost memory 0.0566253662109375
[2026-05-25T21:14:44.094] [DEBUG] debug-file - runTaskFromQueue task cost before running: 1 s 297 ms 
[2026-05-25T21:14:44.094] [INFO] debug-file - Finished :effectkitsample:default@ProcessCompiledResources... after 1 ms 
[2026-05-25T21:14:44.095] [DEBUG] debug-file - Executing task :effectkitsample:default@PackageHap
[2026-05-25T21:14:44.099] [DEBUG] debug-file - effectkitsample:default@PackageHap is not up-to-date, since the input file 'D:\f\effect-kit-master\entry\build\default\intermediates\loader_out\default\ets' has been changed.
[2026-05-25T21:14:44.100] [DEBUG] debug-file - Incremental task effectkitsample:default@PackageHap pre-execution cost: 4 ms .
[2026-05-25T21:14:44.100] [DEBUG] debug-file - Use tool [C:\Program Files\Huawei\DevEco Studio\sdk\default\openharmony\toolchains\lib\app_packing_tool.jar]
 [
  'java',
  '-Dfile.encoding=GBK',
  '-jar',
  'C:\\Program Files\\Huawei\\DevEco Studio\\sdk\\default\\openharmony\\toolchains\\lib\\app_packing_tool.jar',
  '--mode',
  'hap',
  '--force',
  'true',
  '--lib-path',
  'D:\\f\\effect-kit-master\\entry\\build\\default\\intermediates\\stripped_native_libs\\default',
  '--json-path',
  'D:\\f\\effect-kit-master\\entry\\build\\default\\intermediates\\package\\default\\module.json',
  '--resources-path',
  'D:\\f\\effect-kit-master\\entry\\build\\default\\intermediates\\res\\default\\resources',
  '--index-path',
  'D:\\f\\effect-kit-master\\entry\\build\\default\\intermediates\\res\\default\\resources.index',
  '--pack-info-path',
  'D:\\f\\effect-kit-master\\entry\\build\\default\\outputs\\default\\pack.info',
  '--out-path',
  'D:\\f\\effect-kit-master\\entry\\build\\default\\outputs\\default\\effectkitsample-default-unsigned.hap',
  '--ets-path',
  'D:\\f\\effect-kit-master\\entry\\build\\default\\intermediates\\loader_out\\default\\ets',
  '--pkg-sdk-info-path',
  'D:\\f\\effect-kit-master\\entry\\build\\default\\intermediates\\loader\\default\\pkgSdkInfo.json'
]
[2026-05-25T21:14:44.101] [DEBUG] debug-file - default@PackageHap work[8] is submitted.
[2026-05-25T21:14:44.101] [DEBUG] debug-file - default@PackageHap work[8] is pushed to ready queue.
[2026-05-25T21:14:44.101] [DEBUG] debug-file - A work dispatched to worker[23] failed because unable to get work from ready queue.
[2026-05-25T21:14:44.101] [DEBUG] debug-file - default@PackageHap work[8] has been dispatched to worker[22].
[2026-05-25T21:14:44.101] [DEBUG] debug-file - default@PackageHap work[8] is dispatched.
[2026-05-25T21:14:44.103] [DEBUG] debug-file - effectkitsample : default@PackageHap cost memory 0.7080841064453125
[2026-05-25T21:14:44.299] [DEBUG] debug-file - current process  memoryUsage: {
  rss: 491147264,
  heapTotal: 81821696,
  heapUsed: 54857280,
  external: 2415198,
  arrayBuffers: 173521
} os memoryUsage :14.12630844116211
[2026-05-25T21:14:44.749] [DEBUG] debug-file - worker[22] has one work done.
[2026-05-25T21:14:44.749] [DEBUG] debug-file - default@PackageHap work[8] done.
[2026-05-25T21:14:44.749] [DEBUG] debug-file - A work dispatched to worker[22] failed because unable to get work from ready queue.
[2026-05-25T21:14:44.750] [INFO] debug-file - Finished :effectkitsample:default@PackageHap... after 460 ms 
[2026-05-25T21:14:44.751] [DEBUG] debug-file - Executing task :effectkitsample:default@PackingCheck
[2026-05-25T21:14:44.754] [DEBUG] debug-file - effectkitsample : default@PackingCheck cost memory 0.43708038330078125
[2026-05-25T21:14:44.755] [DEBUG] debug-file - runTaskFromQueue task cost before running: 1 s 958 ms 
[2026-05-25T21:14:44.755] [INFO] debug-file - Finished :effectkitsample:default@PackingCheck... after 4 ms 
[2026-05-25T21:14:44.756] [DEBUG] debug-file - Executing task :effectkitsample:default@SignHap
[2026-05-25T21:14:44.756] [WARN] debug-file - Will skip sign 'hos_hap'. No signingConfigs profile is configured in current project.
             If needed, configure the signingConfigs in D:\f\effect-kit-master\build-profile.json5.
[2026-05-25T21:14:44.757] [DEBUG] debug-file - effectkitsample:default@SignHap is not up-to-date, since the input file 'D:\f\effect-kit-master\entry\build\default\outputs\default\effectkitsample-default-unsigned.hap' has been changed.
[2026-05-25T21:14:44.757] [DEBUG] debug-file - Incremental task effectkitsample:default@SignHap pre-execution cost: 1 ms .
[2026-05-25T21:14:44.757] [DEBUG] debug-file - effectkitsample : default@SignHap cost memory 0.08751678466796875
[2026-05-25T21:14:44.757] [DEBUG] debug-file - runTaskFromQueue task cost before running: 1 s 960 ms 
[2026-05-25T21:14:44.757] [INFO] debug-file - Finished :effectkitsample:default@SignHap... after 2 ms 
[2026-05-25T21:14:44.758] [DEBUG] debug-file - Executing task :effectkitsample:default@CollectDebugSymbol
[2026-05-25T21:14:44.759] [DEBUG] debug-file - effectkitsample : default@CollectDebugSymbol cost memory 0.080963134765625
[2026-05-25T21:14:44.759] [DEBUG] debug-file - runTaskFromQueue task cost before running: 1 s 962 ms 
[2026-05-25T21:14:44.759] [INFO] debug-file - Finished :effectkitsample:default@CollectDebugSymbol... after 1 ms 
[2026-05-25T21:14:44.759] [DEBUG] debug-file - Executing task :effectkitsample:assembleHap
[2026-05-25T21:14:44.759] [DEBUG] debug-file - effectkitsample : assembleHap cost memory 0.01276397705078125
[2026-05-25T21:14:44.759] [DEBUG] debug-file - runTaskFromQueue task cost before running: 1 s 962 ms 
[2026-05-25T21:14:44.759] [INFO] debug-file - Finished :effectkitsample:assembleHap... after 1 ms 
[2026-05-25T21:14:44.768] [INFO] debug-file - BUILD SUCCESSFUL in 1 s 970 ms 
[2026-05-25T21:14:44.769] [DEBUG] debug-file - There is no need to refresh cache, since the incremental task effectkitsample:default@PreBuild is up-to-date.
[2026-05-25T21:14:44.769] [DEBUG] debug-file - Update task effectkitsample:default@CreateModuleInfo output file:D:\f\effect-kit-master\entry\build\default\generated\profile\default\ModuleInfo.ts cache.
[2026-05-25T21:14:44.769] [DEBUG] debug-file - Incremental task effectkitsample:default@CreateModuleInfo post-execution cost:1 ms .
[2026-05-25T21:14:44.769] [DEBUG] debug-file - There is no need to refresh cache, since the incremental task effectkitsample:default@GenerateMetadata is up-to-date.
[2026-05-25T21:14:44.769] [DEBUG] debug-file - There is no need to refresh cache, since the incremental task effectkitsample:default@MergeProfile is up-to-date.
[2026-05-25T21:14:44.769] [DEBUG] debug-file - There is no need to refresh cache, since the incremental task effectkitsample:default@CreateBuildProfile is up-to-date.
[2026-05-25T21:14:44.769] [DEBUG] debug-file - Update task effectkitsample:default@GeneratePkgContextInfo output file:D:\f\effect-kit-master\entry\build\default\intermediates\loader\default\pkgContextInfo.json cache.
[2026-05-25T21:14:44.769] [DEBUG] debug-file - Incremental task effectkitsample:default@GeneratePkgContextInfo post-execution cost:1 ms .
[2026-05-25T21:14:44.769] [DEBUG] debug-file - There is no need to refresh cache, since the incremental task effectkitsample:default@GeneratePkgSdkInfo is up-to-date.
[2026-05-25T21:14:44.769] [DEBUG] debug-file - Update task effectkitsample:default@ProcessIntegratedHsp output file:D:\f\effect-kit-master\build\cache\default\integrated_hsp\integratedHspCache.json cache.
[2026-05-25T21:14:44.769] [DEBUG] debug-file - Incremental task effectkitsample:default@ProcessIntegratedHsp post-execution cost:1 ms .
[2026-05-25T21:14:44.769] [DEBUG] debug-file - There is no need to refresh cache, since the incremental task effectkitsample:default@MakePackInfo is up-to-date.
[2026-05-25T21:14:44.769] [DEBUG] debug-file - Update task effectkitsample:default@SyscapTransform input file:C:\Program Files\Huawei\DevEco Studio\sdk\default\openharmony\toolchains\syscap_tool.exe cache by regenerate.
[2026-05-25T21:14:44.770] [DEBUG] debug-file - Update task effectkitsample:default@SyscapTransform input file:C:\Program Files\Huawei\DevEco Studio\sdk\default\openharmony\ets\api\device-define cache by regenerate.
[2026-05-25T21:14:44.770] [DEBUG] debug-file - Update task effectkitsample:default@SyscapTransform output file:D:\f\effect-kit-master\entry\build\default\intermediates\syscap\default\rpcid.sc cache.
[2026-05-25T21:14:44.771] [DEBUG] debug-file - Incremental task effectkitsample:default@SyscapTransform post-execution cost:2 ms .
[2026-05-25T21:14:44.771] [DEBUG] debug-file - There is no need to refresh cache, since the incremental task effectkitsample:default@ProcessProfile is up-to-date.
[2026-05-25T21:14:44.771] [DEBUG] debug-file - There is no need to refresh cache, since the incremental task effectkitsample:default@ProcessRouterMap is up-to-date.
[2026-05-25T21:14:44.771] [DEBUG] debug-file - There is no need to refresh cache, since the incremental task effectkitsample:default@ProcessShareConfig is up-to-date.
[2026-05-25T21:14:44.771] [DEBUG] debug-file - Update task effectkitsample:default@ProcessStartupConfig output file:D:\f\effect-kit-master\entry\build\default\intermediates\startup\default\startup_config.json cache.
[2026-05-25T21:14:44.771] [DEBUG] debug-file - Incremental task effectkitsample:default@ProcessStartupConfig post-execution cost:1 ms .
[2026-05-25T21:14:44.771] [DEBUG] debug-file - There is no need to refresh cache, since the incremental task effectkitsample:default@ProcessResource is up-to-date.
[2026-05-25T21:14:44.771] [DEBUG] debug-file - There is no need to refresh cache, since the incremental task effectkitsample:default@GenerateLoaderJson is up-to-date.
[2026-05-25T21:14:44.771] [DEBUG] debug-file - There is no need to refresh cache, since the incremental task effectkitsample:default@ProcessLibs is up-to-date.
[2026-05-25T21:14:44.771] [DEBUG] debug-file - There is no need to refresh cache, since the incremental task effectkitsample:default@CompileResource is up-to-date.
[2026-05-25T21:14:44.771] [DEBUG] debug-file - There is no need to refresh cache, since the incremental task effectkitsample:default@DoNativeStrip is up-to-date.
[2026-05-25T21:14:44.773] [DEBUG] debug-file - Update task effectkitsample:default@CompileArkTS input file:D:\f\effect-kit-master\entry\build\default\intermediates\loader\default cache by regenerate.
[2026-05-25T21:14:44.773] [DEBUG] debug-file - Update task effectkitsample:default@CompileArkTS input file:D:\f\effect-kit-master\entry\build\default\intermediates\res\default\ResourceTable.txt cache by regenerate.
[2026-05-25T21:14:44.773] [DEBUG] debug-file - Update task effectkitsample:default@CompileArkTS input file:D:\f\effect-kit-master\entry\build\default\intermediates\res\default\ark_module.json cache by regenerate.
[2026-05-25T21:14:44.773] [DEBUG] debug-file - Update task effectkitsample:default@CompileArkTS input file:D:\f\effect-kit-master\entry\build\default\intermediates\res\default\resources\base\profile cache by regenerate.
[2026-05-25T21:14:44.773] [DEBUG] debug-file - Update task effectkitsample:default@CompileArkTS input file:D:\f\effect-kit-master\entry\src\main\ets cache by regenerate.
[2026-05-25T21:14:44.774] [DEBUG] debug-file - Update task effectkitsample:default@CompileArkTS input file:D:\f\effect-kit-master\entry\build\default\generated\profile\default\BuildProfile.ets cache by regenerate.
[2026-05-25T21:14:44.775] [DEBUG] debug-file - Update task effectkitsample:default@CompileArkTS output file:D:\f\effect-kit-master\entry\build\default\intermediates\loader_out\default\ets cache.
[2026-05-25T21:14:44.775] [DEBUG] debug-file - Incremental task effectkitsample:default@CompileArkTS post-execution cost:4 ms .
[2026-05-25T21:14:44.776] [DEBUG] debug-file - Update task effectkitsample:default@BuildJS input file:D:\f\effect-kit-master\entry\build\default\intermediates\loader\default cache by regenerate.
[2026-05-25T21:14:44.776] [DEBUG] debug-file - Update task effectkitsample:default@BuildJS input file:D:\f\effect-kit-master\entry\build\default\intermediates\res\default\ResourceTable.txt cache by regenerate.
[2026-05-25T21:14:44.776] [DEBUG] debug-file - Update task effectkitsample:default@BuildJS input file:D:\f\effect-kit-master\entry\build\default\intermediates\res\default\ark_module.json cache by regenerate.
[2026-05-25T21:14:44.776] [DEBUG] debug-file - Update task effectkitsample:default@BuildJS input file:D:\f\effect-kit-master\entry\build\default\intermediates\res\default\resources\base\profile cache by regenerate.
[2026-05-25T21:14:44.776] [DEBUG] debug-file - Update task effectkitsample:default@BuildJS output file:D:\f\effect-kit-master\entry\build\default\intermediates\loader_out\default\js cache.
[2026-05-25T21:14:44.777] [DEBUG] debug-file - Incremental task effectkitsample:default@BuildJS post-execution cost:2 ms .
[2026-05-25T21:14:44.777] [DEBUG] debug-file - There is no need to refresh cache, since the incremental task effectkitsample:default@CacheNativeLibs is up-to-date.
[2026-05-25T21:14:44.777] [DEBUG] debug-file - There is no need to refresh cache, since the incremental task effectkitsample:default@GeneratePkgModuleJson is up-to-date.
[2026-05-25T21:14:44.777] [DEBUG] debug-file - Incremental task effectkitsample:default@ProcessCompiledResources post-execution cost:1 ms .
[2026-05-25T21:14:44.777] [DEBUG] debug-file - Update task effectkitsample:default@PackageHap input file:D:\f\effect-kit-master\entry\build\default\intermediates\stripped_native_libs\default cache by regenerate.
[2026-05-25T21:14:44.777] [DEBUG] debug-file - Update task effectkitsample:default@PackageHap input file:D:\f\effect-kit-master\entry\build\default\intermediates\res\default\module.json cache by regenerate.
[2026-05-25T21:14:44.777] [DEBUG] debug-file - Update task effectkitsample:default@PackageHap input file:D:\f\effect-kit-master\entry\build\default\intermediates\res\default\resources cache by regenerate.
[2026-05-25T21:14:44.778] [DEBUG] debug-file - Update task effectkitsample:default@PackageHap input file:D:\f\effect-kit-master\entry\build\default\intermediates\res\default\resources.index cache by regenerate.
[2026-05-25T21:14:44.779] [DEBUG] debug-file - Update task effectkitsample:default@PackageHap input file:D:\f\effect-kit-master\entry\build\default\outputs\default\pack.info cache by regenerate.
[2026-05-25T21:14:44.779] [DEBUG] debug-file - Update task effectkitsample:default@PackageHap input file:D:\f\effect-kit-master\entry\build\default\intermediates\loader_out\default\ets cache from map.
[2026-05-25T21:14:44.779] [DEBUG] debug-file - Update task effectkitsample:default@PackageHap input file:D:\f\effect-kit-master\entry\build\default\intermediates\loader\default\pkgSdkInfo.json cache by regenerate.
[2026-05-25T21:14:44.779] [DEBUG] debug-file - Update task effectkitsample:default@PackageHap input file:D:\f\effect-kit-master\entry\build\default\intermediates\loader_out\default\ets\sourceMaps.map cache by regenerate.
[2026-05-25T21:14:44.779] [DEBUG] debug-file - Update task effectkitsample:default@PackageHap input file:D:\f\effect-kit-master\entry\build\default\generated\profile\default\BuildProfile.ets cache by regenerate.
[2026-05-25T21:14:44.780] [DEBUG] debug-file - Update task effectkitsample:default@PackageHap output file:D:\f\effect-kit-master\entry\build\default\outputs\default\effectkitsample-default-unsigned.hap cache.
[2026-05-25T21:14:44.781] [DEBUG] debug-file - Update task effectkitsample:default@PackageHap output file:D:\f\effect-kit-master\entry\build\default\intermediates\source_map\default\sourceMaps.map cache.
[2026-05-25T21:14:44.781] [DEBUG] debug-file - Update task effectkitsample:default@PackageHap output file:D:\f\effect-kit-master\entry\build\default\outputs\default\mapping\sourceMaps.map cache.
[2026-05-25T21:14:44.781] [DEBUG] debug-file - Incremental task effectkitsample:default@PackageHap post-execution cost:5 ms .
[2026-05-25T21:14:44.781] [DEBUG] debug-file - Update task effectkitsample:default@SignHap input file:D:\f\effect-kit-master\entry\build\default\outputs\default\effectkitsample-default-unsigned.hap cache from map.
[2026-05-25T21:14:44.781] [DEBUG] debug-file - Update task effectkitsample:default@SignHap output file:D:\f\effect-kit-master\entry\build\default\outputs\default\effectkitsample-default-signed.hap cache.
[2026-05-25T21:14:44.781] [DEBUG] debug-file - Incremental task effectkitsample:default@SignHap post-execution cost:1 ms .
[2026-05-25T21:14:44.781] [DEBUG] debug-file - Update task effectkitsample:default@CollectDebugSymbol input file:D:\f\effect-kit-master\entry\build\default\intermediates\loader_out\default\ets\sourceMaps.map cache by regenerate.
[2026-05-25T21:14:44.781] [DEBUG] debug-file - Update task effectkitsample:default@CollectDebugSymbol input file:D:\f\effect-kit-master\entry\build\default\intermediates\libs\default cache by regenerate.
[2026-05-25T21:14:44.782] [DEBUG] debug-file - Update task effectkitsample:default@CollectDebugSymbol output file:D:\f\effect-kit-master\entry\build\default\outputs\default\symbol cache.
[2026-05-25T21:14:44.782] [DEBUG] debug-file - Incremental task effectkitsample:default@CollectDebugSymbol post-execution cost:1 ms .
[2026-05-25T21:14:44.797] [DEBUG] debug-file - Cleanup worker 22.
[2026-05-25T21:14:44.797] [DEBUG] debug-file - Worker 22 has been cleaned up.
[2026-05-25T21:14:44.797] [DEBUG] debug-file - Current idle worker size: 1.
[2026-05-25T21:14:44.797] [DEBUG] debug-file - Current resident worker size: 2.
[2026-05-25T21:14:44.798] [DEBUG] debug-file - hvigor build process will be closed.
[2026-05-25T21:14:44.803] [DEBUG] debug-file - session manager: send message to worker process.
[2026-05-25T21:14:44.804] [DEBUG] debug-file - session manager: send message to worker process.
[2026-05-25T21:14:44.804] [DEBUG] debug-file - watch worker: worker id should be larger than 0. Nothing will be sent to any worker thread.
[2026-05-25T21:14:44.804] [DEBUG] debug-file - watch worker: worker id should be larger than 0. Nothing will be sent to any worker thread.
[2026-05-25T21:14:44.805] [DEBUG] debug-file - worker[22] exits with exit code 1.
[2026-05-25T21:16:13.118] [DEBUG] debug-file - session manager: set active socket. socketId=N9mLCCoR61a5emDlAAAH
[2026-05-25T21:16:13.125] [DEBUG] debug-file - watch worker: worker id should be larger than 0. Nothing will be sent to any worker thread.
[2026-05-25T21:16:13.129] [DEBUG] debug-file - Workers' log level updated to INFO
[2026-05-25T21:16:13.134] [DEBUG] debug-file - Hvigor init with startParameters:{
  hvigorfileTypeCheck: false,
  parallelExecution: true,
  incrementalExecution: true,
  printStackTrace: false,
  daemon: true,
  analyze: 0,
  logLevel: Level { level: 20000, levelStr: 'INFO', colour: 'green' },
  optimizationStrategy: 'memory',
  hotCompile: undefined,
  hotReloadBuild: undefined,
  customizedParam: undefined
}
[2026-05-25T21:16:13.137] [DEBUG] debug-file - Cache service initialization finished in 3 ms 
[2026-05-25T21:16:13.138] [DEBUG] debug-file - hvigorfile, resolving D:\f\effect-kit-master\hvigorfile.ts
[2026-05-25T21:16:13.194] [DEBUG] debug-file - hvigorfile, require result:  { default: { plugins: [] } }
[2026-05-25T21:16:13.194] [DEBUG] debug-file - hvigorfile, binding system plugins null
[2026-05-25T21:16:13.194] [DEBUG] debug-file - Starting plugin build process
[2026-05-25T21:16:13.194] [DEBUG] debug-file - App plugin prepare start...
[2026-05-25T21:16:13.194] [DEBUG] debug-file - App plugin prepare end...
[2026-05-25T21:16:13.194] [DEBUG] debug-file - App plugin creating...
[2026-05-25T21:16:13.206] [DEBUG] debug-file - App plugin register hook start...
[2026-05-25T21:16:13.206] [DEBUG] debug-file - App plugin register hook end...
[2026-05-25T21:16:13.206] [DEBUG] debug-file - Plugin build process completed
[2026-05-25T21:16:13.206] [DEBUG] debug-file - Start initialize project's product build option map with build mode debug.
[2026-05-25T21:16:13.207] [DEBUG] debug-file - Picking option from product 'default' with build mode 'debug'.
[2026-05-25T21:16:13.207] [DEBUG] debug-file - Product 'default' build option initialized
[2026-05-25T21:16:13.207] [DEBUG] debug-file - End initialize project's product build option map with build mode 'debug'.
[2026-05-25T21:16:13.207] [DEBUG] debug-file - Obtain build option for product 'default'in this build.
[2026-05-25T21:16:13.208] [DEBUG] debug-file - not found resModel json file in : D:\f\effect-kit-master\entry\src\ohosTest\module.json5
[2026-05-25T21:16:13.210] [DEBUG] debug-file - No signingConfig found, initRemoteHspCache failed.
[2026-05-25T21:16:13.214] [DEBUG] debug-file - Start recording SDK configuration permission data.
[2026-05-25T21:16:13.239] [DEBUG] debug-file - Sdk init in 29 ms 
[2026-05-25T21:16:13.242] [DEBUG] debug-file - Project task initialization takes 3 ms 
[2026-05-25T21:16:13.242] [DEBUG] debug-file - hvigorfile, begin to bind custom plugins...
[2026-05-25T21:16:13.242] [DEBUG] debug-file - hvigorfile, no custom plugins were found in D:\f\effect-kit-master\hvigorfile.ts
[2026-05-25T21:16:13.242] [DEBUG] debug-file - hvigorfile, resolve finished D:\f\effect-kit-master\hvigorfile.ts
[2026-05-25T21:16:13.243] [DEBUG] debug-file - hvigorfile, resolving D:\f\effect-kit-master\entry\hvigorfile.ts
[2026-05-25T21:16:13.245] [DEBUG] debug-file - hvigorfile, require result:  { default: { plugins: [] } }
[2026-05-25T21:16:13.245] [DEBUG] debug-file - hvigorfile, binding system plugins null
[2026-05-25T21:16:13.246] [DEBUG] debug-file - Starting plugin build process
[2026-05-25T21:16:13.246] [DEBUG] debug-file - Hap plugin creating...
[2026-05-25T21:16:13.247] [DEBUG] debug-file - failed to load cangjie to dynamically generate schemas: Error: Cannot find module '@ohos/cangjie-build-support/index'
Require stack:
- C:\Program Files\Huawei\DevEco Studio\tools\hvigor\hvigor-ohos-plugin\src\plugin\hooks\cangjie-register.js
- C:\Program Files\Huawei\DevEco Studio\tools\hvigor\hvigor-ohos-plugin\src\plugin\strategy\stage-init-strategy.js
- C:\Program Files\Huawei\DevEco Studio\tools\hvigor\hvigor-ohos-plugin\src\plugin\builder\abstract-plugin-builder.js
- C:\Program Files\Huawei\DevEco Studio\tools\hvigor\hvigor-ohos-plugin\src\plugin\builder\app-plugin-builder.js
- C:\Program Files\Huawei\DevEco Studio\tools\hvigor\hvigor-ohos-plugin\src\plugin\factory\plugin-factory.js
- C:\Program Files\Huawei\DevEco Studio\tools\hvigor\hvigor-ohos-plugin\index.js
- D:\f\effect-kit-master\hvigorfile.ts
- C:\Program Files\Huawei\DevEco Studio\tools\hvigor\hvigor\src\base\internal\lifecycle\configuration.js
- C:\Program Files\Huawei\DevEco Studio\tools\hvigor\hvigor\src\base\boot\index.js
- C:\Program Files\Huawei\DevEco Studio\tools\hvigor\hvigor\src\base\daemon\cluster\worker-process-lifecycle.js
- C:\Program Files\Huawei\DevEco Studio\tools\hvigor\hvigor\src\base\daemon\process\daemon-process-boot-script.js
[2026-05-25T21:16:13.252] [DEBUG] debug-file - Start initialize module-target build option map, moduleName=effectkitsample, buildMode=debug
[2026-05-25T21:16:13.253] [DEBUG] debug-file - Target 'default' config initialized
[2026-05-25T21:16:13.253] [DEBUG] debug-file - Target 'ohosTest' config initialized
[2026-05-25T21:16:13.253] [DEBUG] debug-file - Module 'effectkitsample' target 'default' build option initialized
[2026-05-25T21:16:13.253] [DEBUG] debug-file - Module 'effectkitsample' target 'ohosTest' build option initialized
[2026-05-25T21:16:13.253] [DEBUG] debug-file - End initialize module-target build option map, moduleName=effectkitsample
[2026-05-25T21:16:13.254] [DEBUG] debug-file - Start initialize module-target build option map, moduleName=effectkitsample, buildMode=release
[2026-05-25T21:16:13.254] [DEBUG] debug-file - Target 'default' config initialized
[2026-05-25T21:16:13.254] [DEBUG] debug-file - Target 'ohosTest' config initialized
[2026-05-25T21:16:13.254] [DEBUG] debug-file - Module 'effectkitsample' target 'default' build option initialized
[2026-05-25T21:16:13.254] [DEBUG] debug-file - Module 'effectkitsample' target 'ohosTest' build option initialized
[2026-05-25T21:16:13.254] [DEBUG] debug-file - End initialize module-target build option map, moduleName=effectkitsample
[2026-05-25T21:16:13.254] [DEBUG] debug-file - Start initialize module-target build option map, moduleName=effectkitsample, buildMode=debug
[2026-05-25T21:16:13.254] [DEBUG] debug-file - Target 'default' config initialized
[2026-05-25T21:16:13.254] [DEBUG] debug-file - Target 'ohosTest' config initialized
[2026-05-25T21:16:13.254] [DEBUG] debug-file - Module 'effectkitsample' target 'default' build option initialized
[2026-05-25T21:16:13.254] [DEBUG] debug-file - Module 'effectkitsample' target 'ohosTest' build option initialized
[2026-05-25T21:16:13.254] [DEBUG] debug-file - End initialize module-target build option map, moduleName=effectkitsample
[2026-05-25T21:16:13.254] [DEBUG] debug-file - Obtain build option for module 'effectkitsample' target 'default'in this build.
[2026-05-25T21:16:13.257] [DEBUG] debug-file - Module effectkitsample task initialization takes 2 ms 
[2026-05-25T21:16:13.257] [DEBUG] debug-file - Hap plugin register hook start...
[2026-05-25T21:16:13.257] [DEBUG] debug-file - Hap plugin register hook end...
[2026-05-25T21:16:13.257] [DEBUG] debug-file - Plugin build process completed
[2026-05-25T21:16:13.257] [DEBUG] debug-file - hvigorfile, begin to bind custom plugins...
[2026-05-25T21:16:13.257] [DEBUG] debug-file - hvigorfile, no custom plugins were found in D:\f\effect-kit-master\entry\hvigorfile.ts
[2026-05-25T21:16:13.257] [DEBUG] debug-file - hvigorfile, resolve finished D:\f\effect-kit-master\entry\hvigorfile.ts
[2026-05-25T21:16:13.299] [DEBUG] debug-file - hvigorfile, resolve hvigorfile dependencies in 42 ms 
[2026-05-25T21:16:13.299] [DEBUG] debug-file - project has submodules:effectkitsample
[2026-05-25T21:16:13.300] [DEBUG] debug-file - start to load updatedOhPackageInfo to the disk
[2026-05-25T21:16:13.302] [DEBUG] debug-file - load to the disk finished
[2026-05-25T21:16:13.302] [DEBUG] debug-file - Start to initialize dependency information.
[2026-05-25T21:16:13.303] [DEBUG] debug-file - Module effect-kit-master Collected Dependency: 
[2026-05-25T21:16:13.303] [DEBUG] debug-file - Module effect-kit-master's total dependency: 0
[2026-05-25T21:16:13.305] [DEBUG] debug-file - Start to initialize dependency information.
[2026-05-25T21:16:13.306] [DEBUG] debug-file - Module effectkitsample Collected Dependency: 
[2026-05-25T21:16:13.306] [DEBUG] debug-file - Module effectkitsample's total dependency: 0
[2026-05-25T21:16:13.308] [DEBUG] debug-file - Configuration phase cost:171 ms 
[2026-05-25T21:16:13.309] [DEBUG] debug-file - Configuration task cost before running: 179 ms 
[2026-05-25T21:16:13.312] [DEBUG] debug-file - Executing task :effectkitsample:default@PreBuild
[2026-05-25T21:16:13.312] [DEBUG] debug-file - Task 'effectkitsample:default@PreBuild' cost while wrapping incremental declarations: 1 ms 
[2026-05-25T21:16:13.315] [DEBUG] debug-file - effectkitsample:default@PreBuild is not up-to-date, since the task snapshots are different.
[2026-05-25T21:16:13.316] [DEBUG] debug-file - Incremental task effectkitsample:default@PreBuild pre-execution cost: 2 ms .
[2026-05-25T21:16:13.330] [DEBUG] debug-file - current product is not Atomic service.
[2026-05-25T21:16:13.330] [DEBUG] debug-file - Use tool [win32: JAVA_HOME, CLASSPATH]
 [
  { JAVA_HOME: 'C:\\Program Files\\Huawei\\DevEco Studio\\jbr' },
  { CLASSPATH: undefined }
]
[2026-05-25T21:16:13.330] [DEBUG] debug-file - Use tool [win32: NODE_HOME]
 [
  {
    NODE_HOME: 'C:\\Program Files\\Huawei\\DevEco Studio\\tools\\node'
  }
]
[2026-05-25T21:16:13.330] [DEBUG] debug-file - effectkitsample : default@PreBuild cost memory 1.1213760375976562
[2026-05-25T21:16:13.330] [DEBUG] debug-file - runTaskFromQueue task cost before running: 201 ms 
[2026-05-25T21:16:13.331] [INFO] debug-file - Finished :effectkitsample:default@PreBuild... after 19 ms 
[2026-05-25T21:16:13.332] [DEBUG] debug-file - Executing task :effectkitsample:default@CreateModuleInfo
[2026-05-25T21:16:13.332] [DEBUG] debug-file - Task 'effectkitsample:default@CreateModuleInfo' cost while wrapping incremental declarations: 1 ms 
[2026-05-25T21:16:13.332] [DEBUG] debug-file - effectkitsample : default@CreateModuleInfo cost memory 0.04209136962890625
[2026-05-25T21:16:13.332] [DEBUG] debug-file - runTaskFromQueue task cost before running: 203 ms 
[2026-05-25T21:16:13.332] [INFO] debug-file - Finished :effectkitsample:default@CreateModuleInfo... after 1 ms 
[2026-05-25T21:16:13.333] [DEBUG] debug-file - Executing task :effectkitsample:default@GenerateMetadata
[2026-05-25T21:16:13.334] [DEBUG] debug-file - Task 'effectkitsample:default@GenerateMetadata' cost while wrapping incremental declarations: 1 ms 
[2026-05-25T21:16:13.334] [DEBUG] debug-file - Incremental task effectkitsample:default@GenerateMetadata pre-execution cost: 1 ms .
[2026-05-25T21:16:13.334] [DEBUG] debug-file - effectkitsample : default@GenerateMetadata cost memory 0.079864501953125
[2026-05-25T21:16:13.334] [INFO] debug-file - UP-TO-DATE :effectkitsample:default@GenerateMetadata...  
[2026-05-25T21:16:13.335] [DEBUG] debug-file - Executing task :effectkitsample:default@ConfigureCmake
[2026-05-25T21:16:13.335] [DEBUG] debug-file - effectkitsample : default@ConfigureCmake cost memory 0.01451873779296875
[2026-05-25T21:16:13.335] [DEBUG] debug-file - runTaskFromQueue task cost before running: 205 ms 
[2026-05-25T21:16:13.335] [INFO] debug-file - Finished :effectkitsample:default@ConfigureCmake... after 1 ms 
[2026-05-25T21:16:13.336] [DEBUG] debug-file - Executing task :effectkitsample:default@MergeProfile
[2026-05-25T21:16:13.336] [DEBUG] debug-file - Task 'effectkitsample:default@MergeProfile' cost while wrapping incremental declarations: 1 ms 
[2026-05-25T21:16:13.337] [DEBUG] debug-file - Incremental task effectkitsample:default@MergeProfile pre-execution cost: 1 ms .
[2026-05-25T21:16:13.337] [DEBUG] debug-file - effectkitsample : default@MergeProfile cost memory 0.1163177490234375
[2026-05-25T21:16:13.338] [INFO] debug-file - UP-TO-DATE :effectkitsample:default@MergeProfile...  
[2026-05-25T21:16:13.338] [DEBUG] debug-file - Executing task :effectkitsample:default@CreateBuildProfile
[2026-05-25T21:16:13.339] [DEBUG] debug-file - Task 'effectkitsample:default@CreateBuildProfile' cost while wrapping incremental declarations: 1 ms 
[2026-05-25T21:16:13.339] [DEBUG] debug-file - Incremental task effectkitsample:default@CreateBuildProfile pre-execution cost: 1 ms .
[2026-05-25T21:16:13.339] [DEBUG] debug-file - effectkitsample : default@CreateBuildProfile cost memory 0.09786224365234375
[2026-05-25T21:16:13.339] [INFO] debug-file - UP-TO-DATE :effectkitsample:default@CreateBuildProfile...  
[2026-05-25T21:16:13.340] [DEBUG] debug-file - Executing task :effectkitsample:default@PreCheckSyscap
[2026-05-25T21:16:13.340] [DEBUG] debug-file - effectkitsample : default@PreCheckSyscap cost memory 0.014739990234375
[2026-05-25T21:16:13.340] [DEBUG] debug-file - runTaskFromQueue task cost before running: 210 ms 
[2026-05-25T21:16:13.340] [INFO] debug-file - Finished :effectkitsample:default@PreCheckSyscap... after 1 ms 
[2026-05-25T21:16:13.341] [DEBUG] debug-file - Executing task :effectkitsample:default@GeneratePkgContextInfo
[2026-05-25T21:16:13.343] [DEBUG] debug-file - Task 'effectkitsample:default@GeneratePkgContextInfo' cost while wrapping incremental declarations: 1 ms 
[2026-05-25T21:16:13.343] [DEBUG] debug-file - effectkitsample : default@GeneratePkgContextInfo cost memory 0.40799713134765625
[2026-05-25T21:16:13.343] [DEBUG] debug-file - runTaskFromQueue task cost before running: 214 ms 
[2026-05-25T21:16:13.343] [INFO] debug-file - Finished :effectkitsample:default@GeneratePkgContextInfo... after 3 ms 
[2026-05-25T21:16:13.344] [DEBUG] debug-file - Executing task :effectkitsample:default@GeneratePkgSdkInfo
[2026-05-25T21:16:13.345] [DEBUG] debug-file - Task 'effectkitsample:default@GeneratePkgSdkInfo' cost while wrapping incremental declarations: 1 ms 
[2026-05-25T21:16:13.345] [DEBUG] debug-file - Incremental task effectkitsample:default@GeneratePkgSdkInfo pre-execution cost: 1 ms .
[2026-05-25T21:16:13.345] [DEBUG] debug-file - effectkitsample : default@GeneratePkgSdkInfo cost memory 0.11733245849609375
[2026-05-25T21:16:13.345] [INFO] debug-file - UP-TO-DATE :effectkitsample:default@GeneratePkgSdkInfo...  
[2026-05-25T21:16:13.347] [DEBUG] debug-file - Executing task :effectkitsample:default@ProcessIntegratedHsp
[2026-05-25T21:16:13.347] [DEBUG] debug-file - effectkitsample:default@ProcessIntegratedHsp is not up-to-date, since the output file 'D:\f\effect-kit-master\build\cache\default\integrated_hsp\integratedHspCache.json' does not exist.
[2026-05-25T21:16:13.347] [DEBUG] debug-file - Incremental task effectkitsample:default@ProcessIntegratedHsp pre-execution cost: 1 ms .
[2026-05-25T21:16:13.347] [DEBUG] debug-file - effectkitsample : default@ProcessIntegratedHsp cost memory 0.0552520751953125
[2026-05-25T21:16:13.347] [DEBUG] debug-file - runTaskFromQueue task cost before running: 217 ms 
[2026-05-25T21:16:13.347] [INFO] debug-file - Finished :effectkitsample:default@ProcessIntegratedHsp... after 1 ms 
[2026-05-25T21:16:13.348] [DEBUG] debug-file - Executing task :effectkitsample:default@BuildNativeWithCmake
[2026-05-25T21:16:13.348] [DEBUG] debug-file - effectkitsample : default@BuildNativeWithCmake cost memory 0.0145263671875
[2026-05-25T21:16:13.348] [DEBUG] debug-file - runTaskFromQueue task cost before running: 218 ms 
[2026-05-25T21:16:13.348] [INFO] debug-file - Finished :effectkitsample:default@BuildNativeWithCmake... after 1 ms 
[2026-05-25T21:16:13.349] [DEBUG] debug-file - Executing task :effectkitsample:default@MakePackInfo
[2026-05-25T21:16:13.350] [DEBUG] debug-file - Incremental task effectkitsample:default@MakePackInfo pre-execution cost: 1 ms .
[2026-05-25T21:16:13.350] [DEBUG] debug-file - effectkitsample : default@MakePackInfo cost memory 0.09523773193359375
[2026-05-25T21:16:13.350] [INFO] debug-file - UP-TO-DATE :effectkitsample:default@MakePackInfo...  
[2026-05-25T21:16:13.350] [DEBUG] debug-file - Executing task :effectkitsample:default@SyscapTransform
[2026-05-25T21:16:13.350] [DEBUG] debug-file - File: 'D:\f\effect-kit-master\entry\src\main\syscap.json' from 'sysCapJsonPath' is not exists, just ignore.
[2026-05-25T21:16:13.351] [DEBUG] debug-file - Task 'effectkitsample:default@SyscapTransform' cost while wrapping incremental declarations: 1 ms 
[2026-05-25T21:16:13.352] [DEBUG] debug-file - effectkitsample:default@SyscapTransform is not up-to-date, since the output file 'D:\f\effect-kit-master\entry\build\default\intermediates\syscap\default\rpcid.sc' does not exist.
[2026-05-25T21:16:13.352] [DEBUG] debug-file - Incremental task effectkitsample:default@SyscapTransform pre-execution cost: 2 ms .
[2026-05-25T21:16:13.352] [DEBUG] debug-file - effectkitsample : default@SyscapTransform cost memory 0.138580322265625
[2026-05-25T21:16:13.352] [DEBUG] debug-file - runTaskFromQueue task cost before running: 223 ms 
[2026-05-25T21:16:13.353] [INFO] debug-file - Finished :effectkitsample:default@SyscapTransform... after 3 ms 
[2026-05-25T21:16:13.354] [DEBUG] debug-file - Executing task :effectkitsample:default@ProcessProfile
[2026-05-25T21:16:13.354] [DEBUG] debug-file - Task 'effectkitsample:default@ProcessProfile' cost while wrapping incremental declarations: 1 ms 
[2026-05-25T21:16:13.355] [DEBUG] debug-file - Incremental task effectkitsample:default@ProcessProfile pre-execution cost: 1 ms .
[2026-05-25T21:16:13.355] [DEBUG] debug-file - effectkitsample : default@ProcessProfile cost memory 0.121612548828125
[2026-05-25T21:16:13.355] [INFO] debug-file - UP-TO-DATE :effectkitsample:default@ProcessProfile...  
[2026-05-25T21:16:13.356] [DEBUG] debug-file - Executing task :effectkitsample:default@ProcessRouterMap
[2026-05-25T21:16:13.357] [DEBUG] debug-file - Incremental task effectkitsample:default@ProcessRouterMap pre-execution cost: 1 ms .
[2026-05-25T21:16:13.357] [DEBUG] debug-file - effectkitsample : default@ProcessRouterMap cost memory 0.117218017578125
[2026-05-25T21:16:13.358] [INFO] debug-file - UP-TO-DATE :effectkitsample:default@ProcessRouterMap...  
[2026-05-25T21:16:13.358] [DEBUG] debug-file - Executing task :effectkitsample:default@ProcessShareConfig
[2026-05-25T21:16:13.359] [DEBUG] debug-file - Incremental task effectkitsample:default@ProcessShareConfig pre-execution cost: 1 ms .
[2026-05-25T21:16:13.359] [DEBUG] debug-file - effectkitsample : default@ProcessShareConfig cost memory 0.0956573486328125
[2026-05-25T21:16:13.359] [INFO] debug-file - UP-TO-DATE :effectkitsample:default@ProcessShareConfig...  
[2026-05-25T21:16:13.360] [DEBUG] debug-file - Executing task :effectkitsample:default@ProcessStartupConfig
[2026-05-25T21:16:13.360] [DEBUG] debug-file - Task 'effectkitsample:default@ProcessStartupConfig' cost while wrapping incremental declarations: 1 ms 
[2026-05-25T21:16:13.360] [DEBUG] debug-file - effectkitsample:default@ProcessStartupConfig is not up-to-date, since the output file 'D:\f\effect-kit-master\entry\build\default\intermediates\startup\default\startup_config.json' does not exist.
[2026-05-25T21:16:13.360] [DEBUG] debug-file - Incremental task effectkitsample:default@ProcessStartupConfig pre-execution cost: 1 ms .
[2026-05-25T21:16:13.361] [DEBUG] debug-file - effectkitsample : default@ProcessStartupConfig cost memory 0.08872222900390625
[2026-05-25T21:16:13.361] [DEBUG] debug-file - runTaskFromQueue task cost before running: 231 ms 
[2026-05-25T21:16:13.361] [INFO] debug-file - Finished :effectkitsample:default@ProcessStartupConfig... after 1 ms 
[2026-05-25T21:16:13.361] [DEBUG] debug-file - Executing task :effectkitsample:default@BuildNativeWithNinja
[2026-05-25T21:16:13.362] [DEBUG] debug-file - effectkitsample : default@BuildNativeWithNinja cost memory 0.01995086669921875
[2026-05-25T21:16:13.362] [DEBUG] debug-file - runTaskFromQueue task cost before running: 232 ms 
[2026-05-25T21:16:13.362] [INFO] debug-file - Finished :effectkitsample:default@BuildNativeWithNinja... after 1 ms 
[2026-05-25T21:16:13.363] [DEBUG] debug-file - restool module names: effectkitsample; moduleName=effectkitsample, taskName=default@ProcessResource
[2026-05-25T21:16:13.364] [DEBUG] debug-file - Executing task :effectkitsample:default@ProcessResource
[2026-05-25T21:16:13.364] [DEBUG] debug-file - Task 'effectkitsample:default@ProcessResource' cost while wrapping incremental declarations: 1 ms 
[2026-05-25T21:16:13.365] [DEBUG] debug-file - Incremental task effectkitsample:default@ProcessResource pre-execution cost: 1 ms .
[2026-05-25T21:16:13.365] [DEBUG] debug-file - effectkitsample : default@ProcessResource cost memory 0.13182830810546875
[2026-05-25T21:16:13.366] [INFO] debug-file - UP-TO-DATE :effectkitsample:default@ProcessResource...  
[2026-05-25T21:16:13.367] [DEBUG] debug-file - Executing task :effectkitsample:default@GenerateLoaderJson
[2026-05-25T21:16:13.367] [DEBUG] debug-file - Task 'effectkitsample:default@GenerateLoaderJson' cost while wrapping incremental declarations: 1 ms 
[2026-05-25T21:16:13.374] [DEBUG] debug-file - Incremental task effectkitsample:default@GenerateLoaderJson pre-execution cost: 3 ms .
[2026-05-25T21:16:13.374] [DEBUG] debug-file - effectkitsample : default@GenerateLoaderJson cost memory -4.220390319824219
[2026-05-25T21:16:13.376] [INFO] debug-file - UP-TO-DATE :effectkitsample:default@GenerateLoaderJson...  
[2026-05-25T21:16:13.376] [DEBUG] debug-file - Executing task :effectkitsample:default@ProcessLibs
[2026-05-25T21:16:13.378] [DEBUG] debug-file - Incremental task effectkitsample:default@ProcessLibs pre-execution cost: 1 ms .
[2026-05-25T21:16:13.378] [DEBUG] debug-file - effectkitsample : default@ProcessLibs cost memory 0.09075164794921875
[2026-05-25T21:16:13.379] [INFO] debug-file - UP-TO-DATE :effectkitsample:default@ProcessLibs...  
[2026-05-25T21:16:13.380] [DEBUG] debug-file - restool module names: effectkitsample; moduleName=effectkitsample, taskName=default@CompileResource
[2026-05-25T21:16:13.380] [DEBUG] debug-file - Executing task :effectkitsample:default@CompileResource
[2026-05-25T21:16:13.393] [DEBUG] debug-file - Incremental task effectkitsample:default@CompileResource pre-execution cost: 12 ms .
[2026-05-25T21:16:13.393] [DEBUG] debug-file - effectkitsample : default@CompileResource cost memory -4.3720855712890625
[2026-05-25T21:16:13.394] [INFO] debug-file - UP-TO-DATE :effectkitsample:default@CompileResource...  
[2026-05-25T21:16:13.395] [DEBUG] debug-file - Executing task :effectkitsample:default@DoNativeStrip
[2026-05-25T21:16:13.395] [DEBUG] debug-file - File: 'D:\f\effect-kit-master\entry\build\default\intermediates\binxo\default' from 'doBinxoNativeLibs' is not exists, just ignore.
[2026-05-25T21:16:13.395] [DEBUG] debug-file - Task 'effectkitsample:default@DoNativeStrip' cost while wrapping incremental declarations: 1 ms 
[2026-05-25T21:16:13.396] [DEBUG] debug-file - Incremental task effectkitsample:default@DoNativeStrip pre-execution cost: 1 ms .
[2026-05-25T21:16:13.396] [DEBUG] debug-file - effectkitsample : default@DoNativeStrip cost memory 0.08986663818359375
[2026-05-25T21:16:13.396] [INFO] debug-file - UP-TO-DATE :effectkitsample:default@DoNativeStrip...  
[2026-05-25T21:16:13.397] [DEBUG] debug-file - Executing task :effectkitsample:default@CompileArkTS
[2026-05-25T21:16:13.397] [DEBUG] debug-file - obfuscationOptions: undefined
[2026-05-25T21:16:13.398] [DEBUG] debug-file - Task 'effectkitsample:default@CompileArkTS' cost while wrapping incremental declarations: 1 ms 
[2026-05-25T21:16:13.402] [DEBUG] debug-file - Incremental task effectkitsample:default@CompileArkTS pre-execution cost: 3 ms .
[2026-05-25T21:16:13.402] [DEBUG] debug-file - effectkitsample : default@CompileArkTS cost memory 0.6106414794921875
[2026-05-25T21:16:13.403] [INFO] debug-file - UP-TO-DATE :effectkitsample:default@CompileArkTS...  
[2026-05-25T21:16:13.403] [DEBUG] debug-file - Executing task :effectkitsample:default@BuildJS
[2026-05-25T21:16:13.404] [DEBUG] debug-file - Task 'effectkitsample:default@BuildJS' cost while wrapping incremental declarations: 1 ms 
[2026-05-25T21:16:13.405] [DEBUG] debug-file - effectkitsample : default@BuildJS cost memory 0.1426849365234375
[2026-05-25T21:16:13.405] [DEBUG] debug-file - runTaskFromQueue task cost before running: 275 ms 
[2026-05-25T21:16:13.405] [INFO] debug-file - Finished :effectkitsample:default@BuildJS... after 2 ms 
[2026-05-25T21:16:13.405] [DEBUG] debug-file - Executing task :effectkitsample:default@CacheNativeLibs
[2026-05-25T21:16:13.406] [DEBUG] debug-file - File: 'D:\f\effect-kit-master\entry\build\default\intermediates\binxo\default' from 'cacheBinxoNativeLibs' is not exists, just ignore.
[2026-05-25T21:16:13.406] [DEBUG] debug-file - Task 'effectkitsample:default@CacheNativeLibs' cost while wrapping incremental declarations: 1 ms 
[2026-05-25T21:16:13.406] [DEBUG] debug-file - Incremental task effectkitsample:default@CacheNativeLibs pre-execution cost: 1 ms .
[2026-05-25T21:16:13.406] [DEBUG] debug-file - effectkitsample : default@CacheNativeLibs cost memory 0.11553955078125
[2026-05-25T21:16:13.406] [INFO] debug-file - UP-TO-DATE :effectkitsample:default@CacheNativeLibs...  
[2026-05-25T21:16:13.407] [DEBUG] debug-file - Executing task :effectkitsample:default@GeneratePkgModuleJson
[2026-05-25T21:16:13.407] [DEBUG] debug-file - File: 'D:\f\effect-kit-master\entry\build\default\intermediates\preload\default\preload.json' from 'preloadSoJsonPath' is not exists, just ignore.
[2026-05-25T21:16:13.407] [DEBUG] debug-file - Error occurs while handling @Input 'shouldDeduplicateHar': The "data" argument must be of type string or an instance of Buffer, TypedArray, or DataView. Received undefined
[2026-05-25T21:16:13.408] [DEBUG] debug-file - Task 'effectkitsample:default@GeneratePkgModuleJson' cost while wrapping incremental declarations: 1 ms 
[2026-05-25T21:16:13.408] [DEBUG] debug-file - Incremental task effectkitsample:default@GeneratePkgModuleJson pre-execution cost: 1 ms .
[2026-05-25T21:16:13.408] [DEBUG] debug-file - effectkitsample : default@GeneratePkgModuleJson cost memory 0.100555419921875
[2026-05-25T21:16:13.408] [INFO] debug-file - UP-TO-DATE :effectkitsample:default@GeneratePkgModuleJson...  
[2026-05-25T21:16:13.408] [DEBUG] debug-file - Executing task :effectkitsample:default@ProcessCompiledResources
[2026-05-25T21:16:13.409] [DEBUG] debug-file - File: 'D:\f\effect-kit-master\entry\build\default\intermediates\preload\default\preload.json' from 'preloadSoJsonPath' is not exists, just ignore.
[2026-05-25T21:16:13.409] [DEBUG] debug-file - Task 'effectkitsample:default@ProcessCompiledResources' cost while wrapping incremental declarations: 1 ms 
[2026-05-25T21:16:13.409] [DEBUG] debug-file - effectkitsample : default@ProcessCompiledResources cost memory 0.056610107421875
[2026-05-25T21:16:13.409] [DEBUG] debug-file - runTaskFromQueue task cost before running: 279 ms 
[2026-05-25T21:16:13.409] [INFO] debug-file - Finished :effectkitsample:default@ProcessCompiledResources... after 1 ms 
[2026-05-25T21:16:13.410] [DEBUG] debug-file - Executing task :effectkitsample:default@PackageHap
[2026-05-25T21:16:13.414] [DEBUG] debug-file - Incremental task effectkitsample:default@PackageHap pre-execution cost: 4 ms .
[2026-05-25T21:16:13.414] [DEBUG] debug-file - effectkitsample : default@PackageHap cost memory 0.46880340576171875
[2026-05-25T21:16:13.414] [INFO] debug-file - UP-TO-DATE :effectkitsample:default@PackageHap...  
[2026-05-25T21:16:13.415] [DEBUG] debug-file - Executing task :effectkitsample:default@PackingCheck
[2026-05-25T21:16:13.418] [DEBUG] debug-file - effectkitsample : default@PackingCheck cost memory 0.429290771484375
[2026-05-25T21:16:13.418] [DEBUG] debug-file - runTaskFromQueue task cost before running: 288 ms 
[2026-05-25T21:16:13.418] [INFO] debug-file - Finished :effectkitsample:default@PackingCheck... after 3 ms 
[2026-05-25T21:16:13.419] [DEBUG] debug-file - Executing task :effectkitsample:default@SignHap
[2026-05-25T21:16:13.419] [WARN] debug-file - Will skip sign 'hos_hap'. No signingConfigs profile is configured in current project.
             If needed, configure the signingConfigs in D:\f\effect-kit-master\build-profile.json5.
[2026-05-25T21:16:13.420] [DEBUG] debug-file - effectkitsample:default@SignHap is not up-to-date, since the output file 'D:\f\effect-kit-master\entry\build\default\outputs\default\effectkitsample-default-signed.hap' does not exist.
[2026-05-25T21:16:13.420] [DEBUG] debug-file - Incremental task effectkitsample:default@SignHap pre-execution cost: 1 ms .
[2026-05-25T21:16:13.420] [DEBUG] debug-file - effectkitsample : default@SignHap cost memory 0.098052978515625
[2026-05-25T21:16:13.420] [DEBUG] debug-file - runTaskFromQueue task cost before running: 290 ms 
[2026-05-25T21:16:13.420] [INFO] debug-file - Finished :effectkitsample:default@SignHap... after 2 ms 
[2026-05-25T21:16:13.421] [DEBUG] debug-file - Executing task :effectkitsample:default@CollectDebugSymbol
[2026-05-25T21:16:13.422] [DEBUG] debug-file - effectkitsample : default@CollectDebugSymbol cost memory 0.0878448486328125
[2026-05-25T21:16:13.422] [DEBUG] debug-file - runTaskFromQueue task cost before running: 292 ms 
[2026-05-25T21:16:13.422] [INFO] debug-file - Finished :effectkitsample:default@CollectDebugSymbol... after 1 ms 
[2026-05-25T21:16:13.422] [DEBUG] debug-file - Executing task :effectkitsample:assembleHap
[2026-05-25T21:16:13.422] [DEBUG] debug-file - effectkitsample : assembleHap cost memory 0.01271820068359375
[2026-05-25T21:16:13.422] [DEBUG] debug-file - runTaskFromQueue task cost before running: 292 ms 
[2026-05-25T21:16:13.422] [INFO] debug-file - Finished :effectkitsample:assembleHap... after 1 ms 
[2026-05-25T21:16:13.430] [INFO] debug-file - BUILD SUCCESSFUL in 300 ms 
[2026-05-25T21:16:13.431] [DEBUG] debug-file - Update task effectkitsample:default@PreBuild input file:D:\f\effect-kit-master\AppScope\app.json5 cache by regenerate.
[2026-05-25T21:16:13.431] [DEBUG] debug-file - Update task effectkitsample:default@PreBuild input file:D:\f\effect-kit-master\entry\src\main\module.json5 cache by regenerate.
[2026-05-25T21:16:13.431] [DEBUG] debug-file - Update task effectkitsample:default@PreBuild input file:D:\f\effect-kit-master\build-profile.json5 cache by regenerate.
[2026-05-25T21:16:13.431] [DEBUG] debug-file - Update task effectkitsample:default@PreBuild input file:D:\f\effect-kit-master\entry\build-profile.json5 cache by regenerate.
[2026-05-25T21:16:13.431] [DEBUG] debug-file - Update task effectkitsample:default@PreBuild input file:D:\f\effect-kit-master\entry\src\main\resources\base\profile\main_pages.json cache by regenerate.
[2026-05-25T21:16:13.431] [DEBUG] debug-file - Update task effectkitsample:default@PreBuild input file:D:\f\effect-kit-master\hvigor\hvigor-config.json5 cache by regenerate.
[2026-05-25T21:16:13.431] [DEBUG] debug-file - Update task effectkitsample:default@PreBuild input file:D:\f\effect-kit-master\entry\oh-package.json5 cache by regenerate.
[2026-05-25T21:16:13.431] [DEBUG] debug-file - Update task effectkitsample:default@PreBuild input file:D:\f\effect-kit-master\oh-package.json5 cache by regenerate.
[2026-05-25T21:16:13.432] [DEBUG] debug-file - Incremental task effectkitsample:default@PreBuild post-execution cost:2 ms .
[2026-05-25T21:16:13.432] [DEBUG] debug-file - Update task effectkitsample:default@CreateModuleInfo output file:D:\f\effect-kit-master\entry\build\default\generated\profile\default\ModuleInfo.ts cache.
[2026-05-25T21:16:13.432] [DEBUG] debug-file - Incremental task effectkitsample:default@CreateModuleInfo post-execution cost:1 ms .
[2026-05-25T21:16:13.432] [DEBUG] debug-file - There is no need to refresh cache, since the incremental task effectkitsample:default@GenerateMetadata is up-to-date.
[2026-05-25T21:16:13.432] [DEBUG] debug-file - There is no need to refresh cache, since the incremental task effectkitsample:default@MergeProfile is up-to-date.
[2026-05-25T21:16:13.432] [DEBUG] debug-file - There is no need to refresh cache, since the incremental task effectkitsample:default@CreateBuildProfile is up-to-date.
[2026-05-25T21:16:13.432] [DEBUG] debug-file - Update task effectkitsample:default@GeneratePkgContextInfo output file:D:\f\effect-kit-master\entry\build\default\intermediates\loader\default\pkgContextInfo.json cache.
[2026-05-25T21:16:13.432] [DEBUG] debug-file - Incremental task effectkitsample:default@GeneratePkgContextInfo post-execution cost:1 ms .
[2026-05-25T21:16:13.432] [DEBUG] debug-file - There is no need to refresh cache, since the incremental task effectkitsample:default@GeneratePkgSdkInfo is up-to-date.
[2026-05-25T21:16:13.432] [DEBUG] debug-file - Update task effectkitsample:default@ProcessIntegratedHsp output file:D:\f\effect-kit-master\build\cache\default\integrated_hsp\integratedHspCache.json cache.
[2026-05-25T21:16:13.432] [DEBUG] debug-file - Incremental task effectkitsample:default@ProcessIntegratedHsp post-execution cost:1 ms .
[2026-05-25T21:16:13.432] [DEBUG] debug-file - There is no need to refresh cache, since the incremental task effectkitsample:default@MakePackInfo is up-to-date.
[2026-05-25T21:16:13.432] [DEBUG] debug-file - Update task effectkitsample:default@SyscapTransform input file:C:\Program Files\Huawei\DevEco Studio\sdk\default\openharmony\toolchains\syscap_tool.exe cache by regenerate.
[2026-05-25T21:16:13.432] [DEBUG] debug-file - Update task effectkitsample:default@SyscapTransform input file:C:\Program Files\Huawei\DevEco Studio\sdk\default\openharmony\ets\api\device-define cache by regenerate.
[2026-05-25T21:16:13.433] [DEBUG] debug-file - Update task effectkitsample:default@SyscapTransform output file:D:\f\effect-kit-master\entry\build\default\intermediates\syscap\default\rpcid.sc cache.
[2026-05-25T21:16:13.433] [DEBUG] debug-file - Incremental task effectkitsample:default@SyscapTransform post-execution cost:1 ms .
[2026-05-25T21:16:13.433] [DEBUG] debug-file - There is no need to refresh cache, since the incremental task effectkitsample:default@ProcessProfile is up-to-date.
[2026-05-25T21:16:13.433] [DEBUG] debug-file - There is no need to refresh cache, since the incremental task effectkitsample:default@ProcessRouterMap is up-to-date.
[2026-05-25T21:16:13.433] [DEBUG] debug-file - There is no need to refresh cache, since the incremental task effectkitsample:default@ProcessShareConfig is up-to-date.
[2026-05-25T21:16:13.433] [DEBUG] debug-file - Update task effectkitsample:default@ProcessStartupConfig output file:D:\f\effect-kit-master\entry\build\default\intermediates\startup\default\startup_config.json cache.
[2026-05-25T21:16:13.433] [DEBUG] debug-file - Incremental task effectkitsample:default@ProcessStartupConfig post-execution cost:1 ms .
[2026-05-25T21:16:13.433] [DEBUG] debug-file - There is no need to refresh cache, since the incremental task effectkitsample:default@ProcessResource is up-to-date.
[2026-05-25T21:16:13.433] [DEBUG] debug-file - There is no need to refresh cache, since the incremental task effectkitsample:default@GenerateLoaderJson is up-to-date.
[2026-05-25T21:16:13.433] [DEBUG] debug-file - There is no need to refresh cache, since the incremental task effectkitsample:default@ProcessLibs is up-to-date.
[2026-05-25T21:16:13.433] [DEBUG] debug-file - There is no need to refresh cache, since the incremental task effectkitsample:default@CompileResource is up-to-date.
[2026-05-25T21:16:13.433] [DEBUG] debug-file - There is no need to refresh cache, since the incremental task effectkitsample:default@DoNativeStrip is up-to-date.
[2026-05-25T21:16:13.433] [DEBUG] debug-file - There is no need to refresh cache, since the incremental task effectkitsample:default@CompileArkTS is up-to-date.
[2026-05-25T21:16:13.434] [DEBUG] debug-file - Update task effectkitsample:default@BuildJS input file:D:\f\effect-kit-master\entry\build\default\intermediates\loader\default cache by regenerate.
[2026-05-25T21:16:13.434] [DEBUG] debug-file - Update task effectkitsample:default@BuildJS input file:D:\f\effect-kit-master\entry\build\default\intermediates\res\default\ResourceTable.txt cache by regenerate.
[2026-05-25T21:16:13.434] [DEBUG] debug-file - Update task effectkitsample:default@BuildJS input file:D:\f\effect-kit-master\entry\build\default\intermediates\res\default\ark_module.json cache by regenerate.
[2026-05-25T21:16:13.434] [DEBUG] debug-file - Update task effectkitsample:default@BuildJS input file:D:\f\effect-kit-master\entry\build\default\intermediates\res\default\resources\base\profile cache by regenerate.
[2026-05-25T21:16:13.434] [DEBUG] debug-file - Update task effectkitsample:default@BuildJS output file:D:\f\effect-kit-master\entry\build\default\intermediates\loader_out\default\js cache.
[2026-05-25T21:16:13.434] [DEBUG] debug-file - Incremental task effectkitsample:default@BuildJS post-execution cost:2 ms .
[2026-05-25T21:16:13.435] [DEBUG] debug-file - There is no need to refresh cache, since the incremental task effectkitsample:default@CacheNativeLibs is up-to-date.
[2026-05-25T21:16:13.435] [DEBUG] debug-file - There is no need to refresh cache, since the incremental task effectkitsample:default@GeneratePkgModuleJson is up-to-date.
[2026-05-25T21:16:13.435] [DEBUG] debug-file - Incremental task effectkitsample:default@ProcessCompiledResources post-execution cost:1 ms .
[2026-05-25T21:16:13.435] [DEBUG] debug-file - There is no need to refresh cache, since the incremental task effectkitsample:default@PackageHap is up-to-date.
[2026-05-25T21:16:13.435] [DEBUG] debug-file - Update task effectkitsample:default@SignHap input file:D:\f\effect-kit-master\entry\build\default\outputs\default\effectkitsample-default-unsigned.hap cache by regenerate.
[2026-05-25T21:16:13.435] [DEBUG] debug-file - Update task effectkitsample:default@SignHap output file:D:\f\effect-kit-master\entry\build\default\outputs\default\effectkitsample-default-signed.hap cache.
[2026-05-25T21:16:13.435] [DEBUG] debug-file - Incremental task effectkitsample:default@SignHap post-execution cost:1 ms .
[2026-05-25T21:16:13.435] [DEBUG] debug-file - Update task effectkitsample:default@CollectDebugSymbol input file:D:\f\effect-kit-master\entry\build\default\intermediates\loader_out\default\ets\sourceMaps.map cache by regenerate.
[2026-05-25T21:16:13.435] [DEBUG] debug-file - Update task effectkitsample:default@CollectDebugSymbol input file:D:\f\effect-kit-master\entry\build\default\intermediates\libs\default cache by regenerate.
[2026-05-25T21:16:13.435] [DEBUG] debug-file - Update task effectkitsample:default@CollectDebugSymbol output file:D:\f\effect-kit-master\entry\build\default\outputs\default\symbol cache.
[2026-05-25T21:16:13.435] [DEBUG] debug-file - Incremental task effectkitsample:default@CollectDebugSymbol post-execution cost:1 ms .
[2026-05-25T21:16:13.450] [DEBUG] debug-file - hvigor build process will be closed.
[2026-05-25T21:16:13.456] [DEBUG] debug-file - session manager: send message to worker process.
[2026-05-25T21:16:13.456] [DEBUG] debug-file - session manager: send message to worker process.
[2026-05-25T21:16:13.474] [DEBUG] debug-file - watch worker: worker id should be larger than 0. Nothing will be sent to any worker thread.
[2026-05-25T21:16:13.474] [DEBUG] debug-file - watch worker: worker id should be larger than 0. Nothing will be sent to any worker thread.
[2026-05-25T21:27:48.537] [DEBUG] debug-file - env: daemon=true
[2026-05-25T21:27:48.487] [DEBUG] debug-file - env: nodejsVersion=v18.20.1
[2026-05-25T21:27:48.489] [DEBUG] debug-file - env: hvigor-config.json5 content = {
  modelVersion: '5.0.0',
  dependencies: {},
  execution: {},
  logging: {},
  debugging: {},
  nodeOptions: {}
}
[2026-05-25T21:27:49.119] [DEBUG] debug-file - session manager: set active socket. socketId=UOaH8HX0OVZ4acMsAAAJ
[2026-05-25T21:27:49.125] [DEBUG] debug-file - watch worker: worker id should be larger than 0. Nothing will be sent to any worker thread.
[2026-05-25T21:27:49.128] [DEBUG] debug-file - Workers' log level updated to INFO
[2026-05-25T21:27:49.131] [DEBUG] debug-file - Hvigor init with startParameters:{
  hvigorfileTypeCheck: false,
  parallelExecution: true,
  incrementalExecution: true,
  printStackTrace: false,
  daemon: true,
  analyze: 0,
  logLevel: Level { level: 20000, levelStr: 'INFO', colour: 'green' },
  optimizationStrategy: 'memory',
  hotCompile: undefined,
  hotReloadBuild: undefined,
  customizedParam: undefined
}
[2026-05-25T21:27:49.135] [DEBUG] debug-file - Cache service initialization finished in 4 ms 
[2026-05-25T21:27:49.135] [DEBUG] debug-file - hvigorfile, resolving D:\f\effect-kit-master\hvigorfile.ts
[2026-05-25T21:27:49.140] [DEBUG] debug-file - hvigorfile, require result:  { default: { plugins: [] } }
[2026-05-25T21:27:49.141] [DEBUG] debug-file - hvigorfile, binding system plugins null
[2026-05-25T21:27:49.141] [DEBUG] debug-file - Starting plugin build process
[2026-05-25T21:27:49.141] [DEBUG] debug-file - App plugin prepare start...
[2026-05-25T21:27:49.141] [DEBUG] debug-file - App plugin prepare end...
[2026-05-25T21:27:49.141] [DEBUG] debug-file - App plugin creating...
[2026-05-25T21:27:49.146] [DEBUG] debug-file - App plugin register hook start...
[2026-05-25T21:27:49.146] [DEBUG] debug-file - App plugin register hook end...
[2026-05-25T21:27:49.146] [DEBUG] debug-file - Plugin build process completed
[2026-05-25T21:27:49.146] [DEBUG] debug-file - Start initialize project's product build option map with build mode debug.
[2026-05-25T21:27:49.146] [DEBUG] debug-file - Picking option from product 'default' with build mode 'debug'.
[2026-05-25T21:27:49.146] [DEBUG] debug-file - Product 'default' build option initialized
[2026-05-25T21:27:49.146] [DEBUG] debug-file - End initialize project's product build option map with build mode 'debug'.
[2026-05-25T21:27:49.147] [DEBUG] debug-file - Obtain build option for product 'default'in this build.
[2026-05-25T21:27:49.147] [DEBUG] debug-file - not found resModel json file in : D:\f\effect-kit-master\entry\src\ohosTest\module.json5
[2026-05-25T21:27:49.148] [DEBUG] debug-file - No signingConfig found, initRemoteHspCache failed.
[2026-05-25T21:27:49.150] [DEBUG] debug-file - Start recording SDK configuration permission data.
[2026-05-25T21:27:49.174] [DEBUG] debug-file - Sdk init in 26 ms 
[2026-05-25T21:27:49.177] [DEBUG] debug-file - Project task initialization takes 2 ms 
[2026-05-25T21:27:49.177] [DEBUG] debug-file - hvigorfile, begin to bind custom plugins...
[2026-05-25T21:27:49.177] [DEBUG] debug-file - hvigorfile, no custom plugins were found in D:\f\effect-kit-master\hvigorfile.ts
[2026-05-25T21:27:49.177] [DEBUG] debug-file - hvigorfile, resolve finished D:\f\effect-kit-master\hvigorfile.ts
[2026-05-25T21:27:49.177] [DEBUG] debug-file - hvigorfile, resolving D:\f\effect-kit-master\entry\hvigorfile.ts
[2026-05-25T21:27:49.180] [DEBUG] debug-file - hvigorfile, require result:  { default: { plugins: [] } }
[2026-05-25T21:27:49.180] [DEBUG] debug-file - hvigorfile, binding system plugins null
[2026-05-25T21:27:49.180] [DEBUG] debug-file - Starting plugin build process
[2026-05-25T21:27:49.180] [DEBUG] debug-file - Hap plugin creating...
[2026-05-25T21:27:49.181] [DEBUG] debug-file - failed to load cangjie to dynamically generate schemas: Error: Cannot find module '@ohos/cangjie-build-support/index'
Require stack:
- C:\Program Files\Huawei\DevEco Studio\tools\hvigor\hvigor-ohos-plugin\src\plugin\hooks\cangjie-register.js
- C:\Program Files\Huawei\DevEco Studio\tools\hvigor\hvigor-ohos-plugin\src\plugin\strategy\stage-init-strategy.js
- C:\Program Files\Huawei\DevEco Studio\tools\hvigor\hvigor-ohos-plugin\src\plugin\builder\abstract-plugin-builder.js
- C:\Program Files\Huawei\DevEco Studio\tools\hvigor\hvigor-ohos-plugin\src\plugin\builder\app-plugin-builder.js
- C:\Program Files\Huawei\DevEco Studio\tools\hvigor\hvigor-ohos-plugin\src\plugin\factory\plugin-factory.js
- C:\Program Files\Huawei\DevEco Studio\tools\hvigor\hvigor-ohos-plugin\index.js
- D:\f\effect-kit-master\hvigorfile.ts
- C:\Program Files\Huawei\DevEco Studio\tools\hvigor\hvigor\src\base\internal\lifecycle\configuration.js
- C:\Program Files\Huawei\DevEco Studio\tools\hvigor\hvigor\src\base\boot\index.js
- C:\Program Files\Huawei\DevEco Studio\tools\hvigor\hvigor\src\base\daemon\cluster\worker-process-lifecycle.js
- C:\Program Files\Huawei\DevEco Studio\tools\hvigor\hvigor\src\base\daemon\process\daemon-process-boot-script.js
[2026-05-25T21:27:49.182] [DEBUG] debug-file - Start initialize module-target build option map, moduleName=effectkitsample, buildMode=debug
[2026-05-25T21:27:49.182] [DEBUG] debug-file - Target 'default' config initialized
[2026-05-25T21:27:49.182] [DEBUG] debug-file - Target 'ohosTest' config initialized
[2026-05-25T21:27:49.182] [DEBUG] debug-file - Module 'effectkitsample' target 'default' build option initialized
[2026-05-25T21:27:49.182] [DEBUG] debug-file - Module 'effectkitsample' target 'ohosTest' build option initialized
[2026-05-25T21:27:49.182] [DEBUG] debug-file - End initialize module-target build option map, moduleName=effectkitsample
[2026-05-25T21:27:49.183] [DEBUG] debug-file - Start initialize module-target build option map, moduleName=effectkitsample, buildMode=release
[2026-05-25T21:27:49.183] [DEBUG] debug-file - Target 'default' config initialized
[2026-05-25T21:27:49.183] [DEBUG] debug-file - Target 'ohosTest' config initialized
[2026-05-25T21:27:49.183] [DEBUG] debug-file - Module 'effectkitsample' target 'default' build option initialized
[2026-05-25T21:27:49.183] [DEBUG] debug-file - Module 'effectkitsample' target 'ohosTest' build option initialized
[2026-05-25T21:27:49.183] [DEBUG] debug-file - End initialize module-target build option map, moduleName=effectkitsample
[2026-05-25T21:27:49.183] [DEBUG] debug-file - Start initialize module-target build option map, moduleName=effectkitsample, buildMode=debug
[2026-05-25T21:27:49.183] [DEBUG] debug-file - Target 'default' config initialized
[2026-05-25T21:27:49.183] [DEBUG] debug-file - Target 'ohosTest' config initialized
[2026-05-25T21:27:49.183] [DEBUG] debug-file - Module 'effectkitsample' target 'default' build option initialized
[2026-05-25T21:27:49.184] [DEBUG] debug-file - Module 'effectkitsample' target 'ohosTest' build option initialized
[2026-05-25T21:27:49.184] [DEBUG] debug-file - End initialize module-target build option map, moduleName=effectkitsample
[2026-05-25T21:27:49.184] [DEBUG] debug-file - Obtain build option for module 'effectkitsample' target 'default'in this build.
[2026-05-25T21:27:49.185] [DEBUG] debug-file - Module effectkitsample task initialization takes 1 ms 
[2026-05-25T21:27:49.185] [DEBUG] debug-file - Hap plugin register hook start...
[2026-05-25T21:27:49.185] [DEBUG] debug-file - Hap plugin register hook end...
[2026-05-25T21:27:49.185] [DEBUG] debug-file - Plugin build process completed
[2026-05-25T21:27:49.185] [DEBUG] debug-file - hvigorfile, begin to bind custom plugins...
[2026-05-25T21:27:49.185] [DEBUG] debug-file - hvigorfile, no custom plugins were found in D:\f\effect-kit-master\entry\hvigorfile.ts
[2026-05-25T21:27:49.185] [DEBUG] debug-file - hvigorfile, resolve finished D:\f\effect-kit-master\entry\hvigorfile.ts
[2026-05-25T21:27:49.237] [DEBUG] debug-file - hvigorfile, resolve hvigorfile dependencies in 52 ms 
[2026-05-25T21:27:49.237] [DEBUG] debug-file - project has submodules:effectkitsample
[2026-05-25T21:27:49.238] [DEBUG] debug-file - start to load updatedOhPackageInfo to the disk
[2026-05-25T21:27:49.239] [DEBUG] debug-file - load to the disk finished
[2026-05-25T21:27:49.240] [DEBUG] debug-file - Start to initialize dependency information.
[2026-05-25T21:27:49.240] [DEBUG] debug-file - Module effect-kit-master Collected Dependency: 
[2026-05-25T21:27:49.240] [DEBUG] debug-file - Module effect-kit-master's total dependency: 0
[2026-05-25T21:27:49.241] [DEBUG] debug-file - Start to initialize dependency information.
[2026-05-25T21:27:49.242] [DEBUG] debug-file - Module effectkitsample Collected Dependency: 
[2026-05-25T21:27:49.242] [DEBUG] debug-file - Module effectkitsample's total dependency: 0
[2026-05-25T21:27:49.243] [DEBUG] debug-file - Configuration phase cost:109 ms 
[2026-05-25T21:27:49.244] [DEBUG] debug-file - Configuration task cost before running: 116 ms 
[2026-05-25T21:27:49.247] [DEBUG] debug-file - Executing task :effectkitsample:default@PreBuild
[2026-05-25T21:27:49.247] [DEBUG] debug-file - Task 'effectkitsample:default@PreBuild' cost while wrapping incremental declarations: 1 ms 
[2026-05-25T21:27:49.250] [DEBUG] debug-file - effectkitsample:default@PreBuild is not up-to-date, since the task snapshots are different.
[2026-05-25T21:27:49.250] [DEBUG] debug-file - Incremental task effectkitsample:default@PreBuild pre-execution cost: 3 ms .
[2026-05-25T21:27:49.254] [DEBUG] debug-file - current product is not Atomic service.
[2026-05-25T21:27:49.254] [DEBUG] debug-file - Use tool [win32: JAVA_HOME, CLASSPATH]
 [
  { JAVA_HOME: 'C:\\Program Files\\Huawei\\DevEco Studio\\jbr' },
  { CLASSPATH: undefined }
]
[2026-05-25T21:27:49.254] [DEBUG] debug-file - Use tool [win32: NODE_HOME]
 [
  {
    NODE_HOME: 'C:\\Program Files\\Huawei\\DevEco Studio\\tools\\node'
  }
]
[2026-05-25T21:27:49.254] [DEBUG] debug-file - effectkitsample : default@PreBuild cost memory 0.5277099609375
[2026-05-25T21:27:49.254] [DEBUG] debug-file - runTaskFromQueue task cost before running: 127 ms 
[2026-05-25T21:27:49.255] [INFO] debug-file - Finished :effectkitsample:default@PreBuild... after 8 ms 
[2026-05-25T21:27:49.256] [DEBUG] debug-file - Executing task :effectkitsample:default@CreateModuleInfo
[2026-05-25T21:27:49.256] [DEBUG] debug-file - Task 'effectkitsample:default@CreateModuleInfo' cost while wrapping incremental declarations: 1 ms 
[2026-05-25T21:27:49.256] [DEBUG] debug-file - effectkitsample : default@CreateModuleInfo cost memory 0.04150390625
[2026-05-25T21:27:49.256] [DEBUG] debug-file - runTaskFromQueue task cost before running: 129 ms 
[2026-05-25T21:27:49.257] [INFO] debug-file - Finished :effectkitsample:default@CreateModuleInfo... after 1 ms 
[2026-05-25T21:27:49.257] [DEBUG] debug-file - Executing task :effectkitsample:default@GenerateMetadata
[2026-05-25T21:27:49.257] [DEBUG] debug-file - Task 'effectkitsample:default@GenerateMetadata' cost while wrapping incremental declarations: 1 ms 
[2026-05-25T21:27:49.258] [DEBUG] debug-file - Incremental task effectkitsample:default@GenerateMetadata pre-execution cost: 1 ms .
[2026-05-25T21:27:49.258] [DEBUG] debug-file - effectkitsample : default@GenerateMetadata cost memory 0.0803070068359375
[2026-05-25T21:27:49.258] [INFO] debug-file - UP-TO-DATE :effectkitsample:default@GenerateMetadata...  
[2026-05-25T21:27:49.259] [DEBUG] debug-file - Executing task :effectkitsample:default@ConfigureCmake
[2026-05-25T21:27:49.259] [DEBUG] debug-file - effectkitsample : default@ConfigureCmake cost memory 0.01451873779296875
[2026-05-25T21:27:49.259] [DEBUG] debug-file - runTaskFromQueue task cost before running: 131 ms 
[2026-05-25T21:27:49.259] [INFO] debug-file - Finished :effectkitsample:default@ConfigureCmake... after 1 ms 
[2026-05-25T21:27:49.259] [DEBUG] debug-file - Executing task :effectkitsample:default@MergeProfile
[2026-05-25T21:27:49.260] [DEBUG] debug-file - Task 'effectkitsample:default@MergeProfile' cost while wrapping incremental declarations: 1 ms 
[2026-05-25T21:27:49.261] [DEBUG] debug-file - Incremental task effectkitsample:default@MergeProfile pre-execution cost: 1 ms .
[2026-05-25T21:27:49.261] [DEBUG] debug-file - effectkitsample : default@MergeProfile cost memory 0.11632537841796875
[2026-05-25T21:27:49.261] [INFO] debug-file - UP-TO-DATE :effectkitsample:default@MergeProfile...  
[2026-05-25T21:27:49.261] [DEBUG] debug-file - Executing task :effectkitsample:default@CreateBuildProfile
[2026-05-25T21:27:49.262] [DEBUG] debug-file - Task 'effectkitsample:default@CreateBuildProfile' cost while wrapping incremental declarations: 1 ms 
[2026-05-25T21:27:49.262] [DEBUG] debug-file - Incremental task effectkitsample:default@CreateBuildProfile pre-execution cost: 1 ms .
[2026-05-25T21:27:49.262] [DEBUG] debug-file - effectkitsample : default@CreateBuildProfile cost memory 0.097625732421875
[2026-05-25T21:27:49.263] [INFO] debug-file - UP-TO-DATE :effectkitsample:default@CreateBuildProfile...  
[2026-05-25T21:27:49.263] [DEBUG] debug-file - Executing task :effectkitsample:default@PreCheckSyscap
[2026-05-25T21:27:49.263] [DEBUG] debug-file - effectkitsample : default@PreCheckSyscap cost memory 0.014739990234375
[2026-05-25T21:27:49.263] [DEBUG] debug-file - runTaskFromQueue task cost before running: 136 ms 
[2026-05-25T21:27:49.263] [INFO] debug-file - Finished :effectkitsample:default@PreCheckSyscap... after 1 ms 
[2026-05-25T21:27:49.264] [DEBUG] debug-file - Executing task :effectkitsample:default@GeneratePkgContextInfo
[2026-05-25T21:27:49.266] [DEBUG] debug-file - Task 'effectkitsample:default@GeneratePkgContextInfo' cost while wrapping incremental declarations: 1 ms 
[2026-05-25T21:27:49.266] [DEBUG] debug-file - effectkitsample : default@GeneratePkgContextInfo cost memory 0.15717315673828125
[2026-05-25T21:27:49.266] [DEBUG] debug-file - runTaskFromQueue task cost before running: 138 ms 
[2026-05-25T21:27:49.266] [INFO] debug-file - Finished :effectkitsample:default@GeneratePkgContextInfo... after 2 ms 
[2026-05-25T21:27:49.266] [DEBUG] debug-file - Executing task :effectkitsample:default@GeneratePkgSdkInfo
[2026-05-25T21:27:49.267] [DEBUG] debug-file - Task 'effectkitsample:default@GeneratePkgSdkInfo' cost while wrapping incremental declarations: 1 ms 
[2026-05-25T21:27:49.268] [DEBUG] debug-file - Incremental task effectkitsample:default@GeneratePkgSdkInfo pre-execution cost: 1 ms .
[2026-05-25T21:27:49.268] [DEBUG] debug-file - effectkitsample : default@GeneratePkgSdkInfo cost memory 0.1495361328125
[2026-05-25T21:27:49.268] [INFO] debug-file - UP-TO-DATE :effectkitsample:default@GeneratePkgSdkInfo...  
[2026-05-25T21:27:49.269] [DEBUG] debug-file - Executing task :effectkitsample:default@ProcessIntegratedHsp
[2026-05-25T21:27:49.270] [DEBUG] debug-file - effectkitsample:default@ProcessIntegratedHsp is not up-to-date, since the output file 'D:\f\effect-kit-master\build\cache\default\integrated_hsp\integratedHspCache.json' does not exist.
[2026-05-25T21:27:49.270] [DEBUG] debug-file - Incremental task effectkitsample:default@ProcessIntegratedHsp pre-execution cost: 1 ms .
[2026-05-25T21:27:49.270] [DEBUG] debug-file - effectkitsample : default@ProcessIntegratedHsp cost memory 0.05525970458984375
[2026-05-25T21:27:49.270] [DEBUG] debug-file - runTaskFromQueue task cost before running: 142 ms 
[2026-05-25T21:27:49.270] [INFO] debug-file - Finished :effectkitsample:default@ProcessIntegratedHsp... after 1 ms 
[2026-05-25T21:27:49.270] [DEBUG] debug-file - Executing task :effectkitsample:default@BuildNativeWithCmake
[2026-05-25T21:27:49.271] [DEBUG] debug-file - effectkitsample : default@BuildNativeWithCmake cost memory 0.014556884765625
[2026-05-25T21:27:49.271] [DEBUG] debug-file - runTaskFromQueue task cost before running: 143 ms 
[2026-05-25T21:27:49.271] [INFO] debug-file - Finished :effectkitsample:default@BuildNativeWithCmake... after 1 ms 
[2026-05-25T21:27:49.271] [DEBUG] debug-file - Executing task :effectkitsample:default@MakePackInfo
[2026-05-25T21:27:49.272] [DEBUG] debug-file - Incremental task effectkitsample:default@MakePackInfo pre-execution cost: 1 ms .
[2026-05-25T21:27:49.272] [DEBUG] debug-file - effectkitsample : default@MakePackInfo cost memory 0.09491729736328125
[2026-05-25T21:27:49.272] [INFO] debug-file - UP-TO-DATE :effectkitsample:default@MakePackInfo...  
[2026-05-25T21:27:49.273] [DEBUG] debug-file - Executing task :effectkitsample:default@SyscapTransform
[2026-05-25T21:27:49.273] [DEBUG] debug-file - File: 'D:\f\effect-kit-master\entry\src\main\syscap.json' from 'sysCapJsonPath' is not exists, just ignore.
[2026-05-25T21:27:49.273] [DEBUG] debug-file - Task 'effectkitsample:default@SyscapTransform' cost while wrapping incremental declarations: 1 ms 
[2026-05-25T21:27:49.274] [DEBUG] debug-file - effectkitsample:default@SyscapTransform is not up-to-date, since the output file 'D:\f\effect-kit-master\entry\build\default\intermediates\syscap\default\rpcid.sc' does not exist.
[2026-05-25T21:27:49.274] [DEBUG] debug-file - Incremental task effectkitsample:default@SyscapTransform pre-execution cost: 1 ms .
[2026-05-25T21:27:49.274] [DEBUG] debug-file - effectkitsample : default@SyscapTransform cost memory 0.13507080078125
[2026-05-25T21:27:49.274] [DEBUG] debug-file - runTaskFromQueue task cost before running: 147 ms 
[2026-05-25T21:27:49.275] [INFO] debug-file - Finished :effectkitsample:default@SyscapTransform... after 2 ms 
[2026-05-25T21:27:49.276] [DEBUG] debug-file - Executing task :effectkitsample:default@ProcessProfile
[2026-05-25T21:27:49.277] [DEBUG] debug-file - Task 'effectkitsample:default@ProcessProfile' cost while wrapping incremental declarations: 1 ms 
[2026-05-25T21:27:49.277] [DEBUG] debug-file - Incremental task effectkitsample:default@ProcessProfile pre-execution cost: 1 ms .
[2026-05-25T21:27:49.278] [DEBUG] debug-file - effectkitsample : default@ProcessProfile cost memory 0.12158966064453125
[2026-05-25T21:27:49.278] [INFO] debug-file - UP-TO-DATE :effectkitsample:default@ProcessProfile...  
[2026-05-25T21:27:49.279] [DEBUG] debug-file - Executing task :effectkitsample:default@ProcessRouterMap
[2026-05-25T21:27:49.280] [DEBUG] debug-file - Incremental task effectkitsample:default@ProcessRouterMap pre-execution cost: 1 ms .
[2026-05-25T21:27:49.280] [DEBUG] debug-file - effectkitsample : default@ProcessRouterMap cost memory 0.1174774169921875
[2026-05-25T21:27:49.280] [INFO] debug-file - UP-TO-DATE :effectkitsample:default@ProcessRouterMap...  
[2026-05-25T21:27:49.281] [DEBUG] debug-file - Executing task :effectkitsample:default@ProcessShareConfig
[2026-05-25T21:27:49.282] [DEBUG] debug-file - Incremental task effectkitsample:default@ProcessShareConfig pre-execution cost: 1 ms .
[2026-05-25T21:27:49.282] [DEBUG] debug-file - effectkitsample : default@ProcessShareConfig cost memory 0.09561920166015625
[2026-05-25T21:27:49.282] [INFO] debug-file - UP-TO-DATE :effectkitsample:default@ProcessShareConfig...  
[2026-05-25T21:27:49.283] [DEBUG] debug-file - Executing task :effectkitsample:default@ProcessStartupConfig
[2026-05-25T21:27:49.283] [DEBUG] debug-file - Task 'effectkitsample:default@ProcessStartupConfig' cost while wrapping incremental declarations: 1 ms 
[2026-05-25T21:27:49.283] [DEBUG] debug-file - effectkitsample:default@ProcessStartupConfig is not up-to-date, since the output file 'D:\f\effect-kit-master\entry\build\default\intermediates\startup\default\startup_config.json' does not exist.
[2026-05-25T21:27:49.283] [DEBUG] debug-file - Incremental task effectkitsample:default@ProcessStartupConfig pre-execution cost: 1 ms .
[2026-05-25T21:27:49.283] [DEBUG] debug-file - effectkitsample : default@ProcessStartupConfig cost memory 0.08872222900390625
[2026-05-25T21:27:49.283] [DEBUG] debug-file - runTaskFromQueue task cost before running: 156 ms 
[2026-05-25T21:27:49.284] [INFO] debug-file - Finished :effectkitsample:default@ProcessStartupConfig... after 1 ms 
[2026-05-25T21:27:49.284] [DEBUG] debug-file - Executing task :effectkitsample:default@BuildNativeWithNinja
[2026-05-25T21:27:49.286] [DEBUG] debug-file - effectkitsample : default@BuildNativeWithNinja cost memory 0.01995086669921875
[2026-05-25T21:27:49.286] [DEBUG] debug-file - runTaskFromQueue task cost before running: 158 ms 
[2026-05-25T21:27:49.286] [INFO] debug-file - Finished :effectkitsample:default@BuildNativeWithNinja... after 2 ms 
[2026-05-25T21:27:49.287] [DEBUG] debug-file - restool module names: effectkitsample; moduleName=effectkitsample, taskName=default@ProcessResource
[2026-05-25T21:27:49.288] [DEBUG] debug-file - Executing task :effectkitsample:default@ProcessResource
[2026-05-25T21:27:49.288] [DEBUG] debug-file - Task 'effectkitsample:default@ProcessResource' cost while wrapping incremental declarations: 1 ms 
[2026-05-25T21:27:49.289] [DEBUG] debug-file - Incremental task effectkitsample:default@ProcessResource pre-execution cost: 1 ms .
[2026-05-25T21:27:49.289] [DEBUG] debug-file - effectkitsample : default@ProcessResource cost memory 0.13137054443359375
[2026-05-25T21:27:49.290] [INFO] debug-file - UP-TO-DATE :effectkitsample:default@ProcessResource...  
[2026-05-25T21:27:49.291] [DEBUG] debug-file - Executing task :effectkitsample:default@GenerateLoaderJson
[2026-05-25T21:27:49.291] [DEBUG] debug-file - Task 'effectkitsample:default@GenerateLoaderJson' cost while wrapping incremental declarations: 1 ms 
[2026-05-25T21:27:49.295] [DEBUG] debug-file - Incremental task effectkitsample:default@GenerateLoaderJson pre-execution cost: 3 ms .
[2026-05-25T21:27:49.295] [DEBUG] debug-file - effectkitsample : default@GenerateLoaderJson cost memory 0.4062957763671875
[2026-05-25T21:27:49.297] [INFO] debug-file - UP-TO-DATE :effectkitsample:default@GenerateLoaderJson...  
[2026-05-25T21:27:49.297] [DEBUG] debug-file - Executing task :effectkitsample:default@ProcessLibs
[2026-05-25T21:27:49.299] [DEBUG] debug-file - Incremental task effectkitsample:default@ProcessLibs pre-execution cost: 1 ms .
[2026-05-25T21:27:49.299] [DEBUG] debug-file - effectkitsample : default@ProcessLibs cost memory 0.0903778076171875
[2026-05-25T21:27:49.299] [INFO] debug-file - UP-TO-DATE :effectkitsample:default@ProcessLibs...  
[2026-05-25T21:27:49.300] [DEBUG] debug-file - restool module names: effectkitsample; moduleName=effectkitsample, taskName=default@CompileResource
[2026-05-25T21:27:49.300] [DEBUG] debug-file - Executing task :effectkitsample:default@CompileResource
[2026-05-25T21:27:49.308] [DEBUG] debug-file - Incremental task effectkitsample:default@CompileResource pre-execution cost: 7 ms .
[2026-05-25T21:27:49.308] [DEBUG] debug-file - effectkitsample : default@CompileResource cost memory 0.677978515625
[2026-05-25T21:27:49.309] [INFO] debug-file - UP-TO-DATE :effectkitsample:default@CompileResource...  
[2026-05-25T21:27:49.310] [DEBUG] debug-file - Executing task :effectkitsample:default@DoNativeStrip
[2026-05-25T21:27:49.310] [DEBUG] debug-file - File: 'D:\f\effect-kit-master\entry\build\default\intermediates\binxo\default' from 'doBinxoNativeLibs' is not exists, just ignore.
[2026-05-25T21:27:49.311] [DEBUG] debug-file - Task 'effectkitsample:default@DoNativeStrip' cost while wrapping incremental declarations: 1 ms 
[2026-05-25T21:27:49.311] [DEBUG] debug-file - Incremental task effectkitsample:default@DoNativeStrip pre-execution cost: 1 ms .
[2026-05-25T21:27:49.312] [DEBUG] debug-file - effectkitsample : default@DoNativeStrip cost memory 0.08896636962890625
[2026-05-25T21:27:49.312] [INFO] debug-file - UP-TO-DATE :effectkitsample:default@DoNativeStrip...  
[2026-05-25T21:27:49.313] [DEBUG] debug-file - Executing task :effectkitsample:default@CompileArkTS
[2026-05-25T21:27:49.313] [DEBUG] debug-file - obfuscationOptions: undefined
[2026-05-25T21:27:49.313] [DEBUG] debug-file - Task 'effectkitsample:default@CompileArkTS' cost while wrapping incremental declarations: 1 ms 
[2026-05-25T21:27:49.317] [DEBUG] debug-file - effectkitsample:default@CompileArkTS is not up-to-date, since the input file 'D:\f\effect-kit-master\entry\src\main\ets' has been changed.
[2026-05-25T21:27:49.317] [DEBUG] debug-file - Incremental task effectkitsample:default@CompileArkTS pre-execution cost: 3 ms .
[2026-05-25T21:27:49.328] [DEBUG] debug-file - build config:
[2026-05-25T21:27:49.328] [DEBUG] debug-file - {
  moduleType: 'feature',
  perf: 0,
  targetName: '.default',
  packageManagerType: 'ohpm',
  localPropertiesPath: 'D:\\f\\effect-kit-master\\local.properties',
  isPreview: false,
  isOhosTest: false,
  isLocalTest: false,
  buildMode: 'Debug',
  hotReloadBuild: undefined,
  watchMode: 'false',
  aceProfilePath: 'D:\\f\\effect-kit-master\\entry\\build\\default\\intermediates\\res\\default\\resources\\base\\profile',
  etsLoaderPath: 'C:\\Program Files\\Huawei\\DevEco Studio\\sdk\\default\\openharmony\\ets\\build-tools\\ets-loader',
  modulePath: 'D:\\f\\effect-kit-master\\entry',
  testFrameworkPar: {
    testMode: undefined,
    coveragePathFilter: undefined,
    coverageMode: undefined
  },
  needCoverageInsert: false,
  debugLine: false,
  projectTopDir: 'D:\\f\\effect-kit-master',
  compileSdkVersion: 23,
  compatibleSdkVersion: 22,
  originCompatibleSdkVersion: '6.0.2(22)',
  compatibleSdkVersionStage: undefined,
  bundleName: 'c***t',
  etsLoaderVersion: '6.1.0.105',
  etsLoaderReleaseType: 'Release',
  aotCompileMode: 'type',
  apPath: 'D:\\f\\effect-kit-master\\entry\\modules.ap',
  entryModuleName: 'effectkitsample',
  entryModuleVersion: '1.0.0',
  entryPackageName: 'effectkitsample',
  allModuleNameHash: '5c38a6dc4b128073a8d30b5210942b8e763f8018585427940248e37e7c759347',
  externalApiPaths: [
    'C:\\Program Files\\Huawei\\DevEco Studio\\sdk\\default\\hms\\ets'
  ],
  compilerTypes: [],
  isCrossplatform: false,
  hvigorPluginFile: undefined,
  compilePluginPath: undefined,
  buildGeneratedProfilePath: 'D:\\f\\effect-kit-master\\entry\\build\\default\\generated\\profile\\default',
  bundleType: 'app',
  arkTSVersion: undefined,
  apiVersion: 23,
  needCompleteSourcesMap: false,
  isFaMode: false,
  buildDir: 'D:\\f\\effect-kit-master\\entry\\build',
  deviceTypes: [ 'phone', 'tablet', '2in1' ],
  pkgContextInfo: undefined,
  ohPackagePathMap: {},
  dependencyAliasMap: {},
  permission: { requestPermissions: undefined, definePermissions: undefined },
  useGetCurrentBundleName: false,
  projectArkOption: undefined,
  sourceMapDir: undefined,
  branchElimination: false,
  transformLib: undefined,
  tsImportSendable: false,
  resolveConflictMode: true,
  depName2RootPath: {},
  depName2DepInfo: {},
  depName2OhExports: {},
  rootPathSet: [ 'D:\\f\\effect-kit-master' ],
  useNativeResolver: true,
  shouldEmitJs: true,
  useTscResolve: false,
  singleFileEmit: false,
  userProjectConfig: {
    autoLazyImport: false,
    allowEmptyBundleName: false,
    reExportCheckMode: 'noCheck',
    executionMode: 'memory',
    usePathPlaceholder: false,
    writeRollupCache: true,
    isExpandImportEnabled: false,
    expandImportExclude: '',
    lazyImportExclude: '',
    lazyImportInclude: '',
    ignoreCrossplatformCheck: false,
    isHarDeduplicateEnabled: false,
    skipOhModulesLint: false,
    enableStrictCheckOHModule: false,
    disableSendableCheckRules: [],
    useDeclarationFileSignature: false,
    customizedOptions: undefined,
    integratedHsp: false,
    isPreloadSoEnabled: false
  },
  executionMode: 'memory',
  arkCompileCachePath: 'D:\\f\\effect-kit-master\\entry\\build\\default\\cache\\default\\default@CompileArkTS\\esmodule',
  autoLazyFilter: undefined,
  isHarDeduplicateEnabled: false,
  intermediateHarDuplicateDirPath: 'D:\\f\\effect-kit-master\\entry\\build\\default\\intermediates\\har_duplicate\\default',
  autoLazyImport: false,
  allowEmptyBundleName: false,
  reExportCheckMode: 'noCheck',
  usePathPlaceholder: false,
  writeRollupCache: true,
  isExpandImportEnabled: false,
  expandImportExclude: '',
  lazyImportExclude: '',
  lazyImportInclude: '',
  ignoreCrossplatformCheck: false,
  skipOhModulesLint: false,
  enableStrictCheckOHModule: false,
  disableSendableCheckRules: [],
  useDeclarationFileSignature: false,
  customizedOptions: undefined,
  integratedHsp: false,
  isPreloadSoEnabled: false,
  strictMode: undefined,
  useNormalizedOHMUrl: false,
  caseSensitiveCheck: false,
  aceModuleJsonPath: 'D:\\f\\effect-kit-master\\entry\\build\\default\\intermediates\\res\\default\\ark_module.json',
  appResource: 'D:\\f\\effect-kit-master\\entry\\build\\default\\intermediates\\res\\default\\ResourceTable.txt',
  rawFileResource: 'D:\\f\\effect-kit-master\\entry\\build\\default\\intermediates\\res\\default\\resources\\rawfile',
  resourceTableHash: 'f81fa096d91856514327cffc858a312a97361b9bf373544d9f3b7a66145cd118',
  runtimeOS: 'HarmonyOS',
  sdkInfo: 'false:23:6.1.0.105:Release',
  aceModuleRoot: 'D:\\f\\effect-kit-master\\entry\\src\\main\\ets',
  compileMode: 'esmodule',
  aceSuperVisualPath: 'D:\\f\\effect-kit-master\\entry\\src\\main\\supervisual',
  aceBuildJson: 'D:\\f\\effect-kit-master\\entry\\build\\default\\intermediates\\loader\\default\\loader.json',
  cachePath: 'D:\\f\\effect-kit-master\\entry\\build\\default\\cache\\default\\default@CompileArkTS\\esmodule\\debug',
  aceModuleBuild: 'D:\\f\\effect-kit-master\\entry\\build\\default\\intermediates\\loader_out\\default\\ets',
  supportChunks: true,
  declaredFilesPath: undefined,
  shouldCollectDirectImportees: false,
  isByteCodeHarOptimize: false,
  expandImportPath: undefined,
  resourceTableTs: 'D:\\f\\effect-kit-master\\entry\\build\\default\\generated\\r\\default\\ResourceTable.ts',
  moduleMetaInfoFiles: [
    {
      filePath: 'D:\\f\\effect-kit-master\\entry\\build\\default\\generated\\r\\default\\ResourceTable.ts',
      ohmurl: 'com.example.effectkit/effectkitsample/build/generated/r/ResourceTable'
    }
  ],
  pkgNameToPkgBriefInfo: {
    effectkitsample: {
      pkgRoot: 'D:\\f\\effect-kit-master\\entry',
      originalSourceRoots: undefined,
      sourceRoots: [Array],
      pkgName: 'effectkitsample'
    }
  },
  projectModel: {
    'D:\\f\\effect-kit-master\\entry\\src\\main': {
      moduleName: 'effectkitsample',
      modulePkgPath: 'D:\\f\\effect-kit-master\\entry',
      belongProjectPath: 'D:\\f\\effect-kit-master'
    },
    'D:\\f\\effect-kit-master\\entry\\.test\\default\\intermediates\\src\\ohosTest\\ets': {
      moduleName: 'effectkitsample',
      modulePkgPath: 'D:\\f\\effect-kit-master\\entry',
      belongProjectPath: 'D:\\f\\effect-kit-master'
    },
    'D:\\f\\effect-kit-master\\entry\\src\\ohosTest': {
      moduleName: 'effectkitsample',
      modulePkgPath: 'D:\\f\\effect-kit-master\\entry',
      belongProjectPath: 'D:\\f\\effect-kit-master'
    },
    'D:\\f\\effect-kit-master\\entry': {
      moduleName: 'effectkitsample',
      modulePkgPath: 'D:\\f\\effect-kit-master\\entry',
      belongProjectPath: 'D:\\f\\effect-kit-master'
    },
    'D:\\f\\effect-kit-master': {
      moduleName: 'effect-kit-master',
      modulePkgPath: 'D:\\f\\effect-kit-master',
      belongProjectPath: 'D:\\f\\effect-kit-master'
    }
  },
  pkgJsonFileHash: 'c8e17a09ec98390e6b0222f7dd883e2bf900288ca532903b52fe9328e0e74185',
  allModulePaths: [ 'D:\\f\\effect-kit-master\\entry' ],
  routerMap: {},
  obfuscationOptions: undefined,
  byteCodeHarToDependencyKeys: undefined,
  compileBlockPkg: [],
  mockParams: {
    decorator: '@MockSetup',
    packageName: '@ohos/hamock',
    etsSourceRootPath: 'src/main/ets',
    mockConfigPath: undefined,
    mockConfigKey2ModuleInfo: {},
    source2ModuleIdMap: {}
  },
  copyCodeResourceEnable: true,
  copyCodeResourceExcludes: [],
  copyCodeResourceIncludes: undefined,
  uiTransformOptimization: false,
  sdkPath: 'C:/Program Files/Huawei/DevEco Studio/sdk',
  needPreloadSoFileSet: {},
  preloadSoFilePath: 'D:\\f\\effect-kit-master\\entry\\build\\default\\intermediates\\preload\\default\\preload.json',
  useSourceHash: false,
  localModuleParamMap: {},
  otherPaths: {
    'effectkitsample/*': [
      '..\\*',
      '..\\..\\..\\build\\default\\generated\\profile\\default\\*'
    ]
  },
  collectImportersConfig: undefined
}
[2026-05-25T21:27:49.328] [DEBUG] debug-file - Compile arkts with external api path: C:\Program Files\Huawei\DevEco Studio\sdk\default\hms\ets
[2026-05-25T21:27:49.330] [DEBUG] debug-file - default@CompileArkTS work[9] is submitted.
[2026-05-25T21:27:49.330] [DEBUG] debug-file - default@CompileArkTS work[9] is pushed to ready queue.
[2026-05-25T21:27:49.330] [DEBUG] debug-file - A work dispatched to worker[23] failed because unable to get work from ready queue.
[2026-05-25T21:27:49.330] [DEBUG] debug-file - A work dispatched to worker[22] failed because unable to get work from ready queue.
[2026-05-25T21:27:49.330] [DEBUG] debug-file - A work dispatched to worker[21] failed because unable to get work from ready queue.
[2026-05-25T21:27:49.330] [DEBUG] debug-file - A work dispatched to worker[20] failed because unable to get work from ready queue.
[2026-05-25T21:27:49.330] [DEBUG] debug-file - A work dispatched to worker[19] failed because unable to get work from ready queue.
[2026-05-25T21:27:49.330] [DEBUG] debug-file - A work dispatched to worker[18] failed because unable to get work from ready queue.
[2026-05-25T21:27:49.330] [DEBUG] debug-file - A work dispatched to worker[17] failed because unable to get work from ready queue.
[2026-05-25T21:27:49.330] [DEBUG] debug-file - A work dispatched to worker[16] failed because unable to get work from ready queue.
[2026-05-25T21:27:49.330] [DEBUG] debug-file - A work dispatched to worker[15] failed because unable to get work from ready queue.
[2026-05-25T21:27:49.330] [DEBUG] debug-file - A work dispatched to worker[14] failed because unable to get work from ready queue.
[2026-05-25T21:27:49.330] [DEBUG] debug-file - A work dispatched to worker[13] failed because unable to get work from ready queue.
[2026-05-25T21:27:49.331] [DEBUG] debug-file - A work dispatched to worker[12] failed because unable to get work from ready queue.
[2026-05-25T21:27:49.331] [DEBUG] debug-file - A work dispatched to worker[11] failed because unable to get work from ready queue.
[2026-05-25T21:27:49.331] [DEBUG] debug-file - A work dispatched to worker[10] failed because unable to get work from ready queue.
[2026-05-25T21:27:49.331] [DEBUG] debug-file - A work dispatched to worker[9] failed because unable to get work from ready queue.
[2026-05-25T21:27:49.331] [DEBUG] debug-file - A work dispatched to worker[8] failed because unable to get work from ready queue.
[2026-05-25T21:27:49.331] [DEBUG] debug-file - A work dispatched to worker[7] failed because unable to get work from ready queue.
[2026-05-25T21:27:49.331] [DEBUG] debug-file - A work dispatched to worker[6] failed because unable to get work from ready queue.
[2026-05-25T21:27:49.331] [DEBUG] debug-file - A work dispatched to worker[5] failed because unable to get work from ready queue.
[2026-05-25T21:27:49.331] [DEBUG] debug-file - default@CompileArkTS work[9] has been dispatched to worker[4].
[2026-05-25T21:27:49.331] [DEBUG] debug-file - default@CompileArkTS work[9] is dispatched.
[2026-05-25T21:27:49.331] [DEBUG] debug-file - CopyResources startTime: 15551934315600
[2026-05-25T21:27:49.331] [DEBUG] debug-file - default@CompileArkTS work[10] is submitted.
[2026-05-25T21:27:49.331] [DEBUG] debug-file - default@CompileArkTS work[10] is pushed to ready queue.
[2026-05-25T21:27:49.331] [DEBUG] debug-file - A work dispatched to worker[23] failed because unable to get work from ready queue.
[2026-05-25T21:27:49.331] [DEBUG] debug-file - Create  resident worker with id: 22.
[2026-05-25T21:27:49.333] [DEBUG] debug-file - default@CompileArkTS work[10] has been dispatched to worker[22].
[2026-05-25T21:27:49.333] [DEBUG] debug-file - default@CompileArkTS work[10] is dispatched.
[2026-05-25T21:27:49.333] [DEBUG] debug-file - effectkitsample : default@CompileArkTS cost memory 1.4186630249023438
[2026-05-25T21:27:49.334] [DEBUG] debug-file - Executing task :effectkitsample:default@BuildJS
[2026-05-25T21:27:49.334] [DEBUG] debug-file - Task 'effectkitsample:default@BuildJS' cost while wrapping incremental declarations: 1 ms 
[2026-05-25T21:27:49.335] [DEBUG] debug-file - effectkitsample : default@BuildJS cost memory 0.13500213623046875
[2026-05-25T21:27:49.335] [DEBUG] debug-file - runTaskFromQueue task cost before running: 208 ms 
[2026-05-25T21:27:49.336] [INFO] debug-file - Finished :effectkitsample:default@BuildJS... after 2 ms 
[2026-05-25T21:27:49.337] [DEBUG] debug-file - Executing task :effectkitsample:default@CacheNativeLibs
[2026-05-25T21:27:49.337] [DEBUG] debug-file - File: 'D:\f\effect-kit-master\entry\build\default\intermediates\binxo\default' from 'cacheBinxoNativeLibs' is not exists, just ignore.
[2026-05-25T21:27:49.337] [DEBUG] debug-file - Task 'effectkitsample:default@CacheNativeLibs' cost while wrapping incremental declarations: 1 ms 
[2026-05-25T21:27:49.338] [DEBUG] debug-file - Incremental task effectkitsample:default@CacheNativeLibs pre-execution cost: 1 ms .
[2026-05-25T21:27:49.338] [DEBUG] debug-file - effectkitsample : default@CacheNativeLibs cost memory 0.11151885986328125
[2026-05-25T21:27:49.338] [INFO] debug-file - UP-TO-DATE :effectkitsample:default@CacheNativeLibs...  
[2026-05-25T21:27:50.216] [DEBUG] debug-file - worker[22] has one work done.
[2026-05-25T21:27:50.217] [DEBUG] debug-file - CopyResources is end, endTime: 15552819877600
[2026-05-25T21:27:50.217] [DEBUG] debug-file - default@CompileArkTS work[10] done.
[2026-05-25T21:27:50.217] [DEBUG] debug-file - A work dispatched to worker[22] failed because unable to get work from ready queue.
[2026-05-25T21:27:50.371] [DEBUG] debug-file - Ark compile task finished.finished time is 15552974749300
[2026-05-25T21:27:50.372] [DEBUG] debug-file - worker[4] has one work done.
[2026-05-25T21:27:50.373] [DEBUG] debug-file - default@CompileArkTS work[9] done.
[2026-05-25T21:27:50.373] [DEBUG] debug-file - A work dispatched to worker[4] failed because unable to get work from ready queue.
[2026-05-25T21:27:50.374] [INFO] debug-file - Finished :effectkitsample:default@CompileArkTS... after 1 s 59 ms 
[2026-05-25T21:27:50.375] [DEBUG] debug-file - Executing task :effectkitsample:default@GeneratePkgModuleJson
[2026-05-25T21:27:50.375] [DEBUG] debug-file - File: 'D:\f\effect-kit-master\entry\build\default\intermediates\preload\default\preload.json' from 'preloadSoJsonPath' is not exists, just ignore.
[2026-05-25T21:27:50.375] [DEBUG] debug-file - Error occurs while handling @Input 'shouldDeduplicateHar': The "data" argument must be of type string or an instance of Buffer, TypedArray, or DataView. Received undefined
[2026-05-25T21:27:50.375] [DEBUG] debug-file - Task 'effectkitsample:default@GeneratePkgModuleJson' cost while wrapping incremental declarations: 1 ms 
[2026-05-25T21:27:50.376] [DEBUG] debug-file - Incremental task effectkitsample:default@GeneratePkgModuleJson pre-execution cost: 1 ms .
[2026-05-25T21:27:50.376] [DEBUG] debug-file - effectkitsample : default@GeneratePkgModuleJson cost memory 0.09807586669921875
[2026-05-25T21:27:50.376] [INFO] debug-file - UP-TO-DATE :effectkitsample:default@GeneratePkgModuleJson...  
[2026-05-25T21:27:50.376] [DEBUG] debug-file - Executing task :effectkitsample:default@ProcessCompiledResources
[2026-05-25T21:27:50.376] [DEBUG] debug-file - File: 'D:\f\effect-kit-master\entry\build\default\intermediates\preload\default\preload.json' from 'preloadSoJsonPath' is not exists, just ignore.
[2026-05-25T21:27:50.377] [DEBUG] debug-file - Task 'effectkitsample:default@ProcessCompiledResources' cost while wrapping incremental declarations: 1 ms 
[2026-05-25T21:27:50.377] [DEBUG] debug-file - effectkitsample : default@ProcessCompiledResources cost memory 0.05533599853515625
[2026-05-25T21:27:50.377] [DEBUG] debug-file - runTaskFromQueue task cost before running: 1 s 249 ms 
[2026-05-25T21:27:50.377] [INFO] debug-file - Finished :effectkitsample:default@ProcessCompiledResources... after 1 ms 
[2026-05-25T21:27:50.378] [DEBUG] debug-file - Executing task :effectkitsample:default@PackageHap
[2026-05-25T21:27:50.382] [DEBUG] debug-file - effectkitsample:default@PackageHap is not up-to-date, since the input file 'D:\f\effect-kit-master\entry\build\default\intermediates\loader_out\default\ets' has been changed.
[2026-05-25T21:27:50.382] [DEBUG] debug-file - Incremental task effectkitsample:default@PackageHap pre-execution cost: 4 ms .
[2026-05-25T21:27:50.383] [DEBUG] debug-file - Use tool [C:\Program Files\Huawei\DevEco Studio\sdk\default\openharmony\toolchains\lib\app_packing_tool.jar]
 [
  'java',
  '-Dfile.encoding=GBK',
  '-jar',
  'C:\\Program Files\\Huawei\\DevEco Studio\\sdk\\default\\openharmony\\toolchains\\lib\\app_packing_tool.jar',
  '--mode',
  'hap',
  '--force',
  'true',
  '--lib-path',
  'D:\\f\\effect-kit-master\\entry\\build\\default\\intermediates\\stripped_native_libs\\default',
  '--json-path',
  'D:\\f\\effect-kit-master\\entry\\build\\default\\intermediates\\package\\default\\module.json',
  '--resources-path',
  'D:\\f\\effect-kit-master\\entry\\build\\default\\intermediates\\res\\default\\resources',
  '--index-path',
  'D:\\f\\effect-kit-master\\entry\\build\\default\\intermediates\\res\\default\\resources.index',
  '--pack-info-path',
  'D:\\f\\effect-kit-master\\entry\\build\\default\\outputs\\default\\pack.info',
  '--out-path',
  'D:\\f\\effect-kit-master\\entry\\build\\default\\outputs\\default\\effectkitsample-default-unsigned.hap',
  '--ets-path',
  'D:\\f\\effect-kit-master\\entry\\build\\default\\intermediates\\loader_out\\default\\ets',
  '--pkg-sdk-info-path',
  'D:\\f\\effect-kit-master\\entry\\build\\default\\intermediates\\loader\\default\\pkgSdkInfo.json'
]
[2026-05-25T21:27:50.384] [DEBUG] debug-file - default@PackageHap work[11] is submitted.
[2026-05-25T21:27:50.384] [DEBUG] debug-file - default@PackageHap work[11] is pushed to ready queue.
[2026-05-25T21:27:50.384] [DEBUG] debug-file - A work dispatched to worker[23] failed because unable to get work from ready queue.
[2026-05-25T21:27:50.384] [DEBUG] debug-file - default@PackageHap work[11] has been dispatched to worker[22].
[2026-05-25T21:27:50.384] [DEBUG] debug-file - default@PackageHap work[11] is dispatched.
[2026-05-25T21:27:50.386] [DEBUG] debug-file - effectkitsample : default@PackageHap cost memory 0.6105499267578125
[2026-05-25T21:27:50.597] [DEBUG] debug-file - current process  memoryUsage: {
  rss: 504262656,
  heapTotal: 81559552,
  heapUsed: 54857712,
  external: 2423390,
  arrayBuffers: 181713
} os memoryUsage :14.077594757080078
[2026-05-25T21:27:51.078] [DEBUG] debug-file - worker[22] has one work done.
[2026-05-25T21:27:51.079] [DEBUG] debug-file - default@PackageHap work[11] done.
[2026-05-25T21:27:51.079] [DEBUG] debug-file - A work dispatched to worker[22] failed because unable to get work from ready queue.
[2026-05-25T21:27:51.080] [INFO] debug-file - Finished :effectkitsample:default@PackageHap... after 493 ms 
[2026-05-25T21:27:51.081] [DEBUG] debug-file - Executing task :effectkitsample:default@PackingCheck
[2026-05-25T21:27:51.084] [DEBUG] debug-file - effectkitsample : default@PackingCheck cost memory 0.42075347900390625
[2026-05-25T21:27:51.084] [DEBUG] debug-file - runTaskFromQueue task cost before running: 1 s 957 ms 
[2026-05-25T21:27:51.084] [INFO] debug-file - Finished :effectkitsample:default@PackingCheck... after 4 ms 
[2026-05-25T21:27:51.085] [DEBUG] debug-file - Executing task :effectkitsample:default@SignHap
[2026-05-25T21:27:51.086] [WARN] debug-file - Will skip sign 'hos_hap'. No signingConfigs profile is configured in current project.
             If needed, configure the signingConfigs in D:\f\effect-kit-master\build-profile.json5.
[2026-05-25T21:27:51.086] [DEBUG] debug-file - effectkitsample:default@SignHap is not up-to-date, since the input file 'D:\f\effect-kit-master\entry\build\default\outputs\default\effectkitsample-default-unsigned.hap' has been changed.
[2026-05-25T21:27:51.086] [DEBUG] debug-file - Incremental task effectkitsample:default@SignHap pre-execution cost: 1 ms .
[2026-05-25T21:27:51.086] [DEBUG] debug-file - effectkitsample : default@SignHap cost memory 0.0849761962890625
[2026-05-25T21:27:51.086] [DEBUG] debug-file - runTaskFromQueue task cost before running: 1 s 959 ms 
[2026-05-25T21:27:51.087] [INFO] debug-file - Finished :effectkitsample:default@SignHap... after 1 ms 
[2026-05-25T21:27:51.087] [DEBUG] debug-file - Executing task :effectkitsample:default@CollectDebugSymbol
[2026-05-25T21:27:51.088] [DEBUG] debug-file - effectkitsample : default@CollectDebugSymbol cost memory 0.07921600341796875
[2026-05-25T21:27:51.088] [DEBUG] debug-file - runTaskFromQueue task cost before running: 1 s 960 ms 
[2026-05-25T21:27:51.088] [INFO] debug-file - Finished :effectkitsample:default@CollectDebugSymbol... after 1 ms 
[2026-05-25T21:27:51.088] [DEBUG] debug-file - Executing task :effectkitsample:assembleHap
[2026-05-25T21:27:51.088] [DEBUG] debug-file - effectkitsample : assembleHap cost memory 0.01229095458984375
[2026-05-25T21:27:51.088] [DEBUG] debug-file - runTaskFromQueue task cost before running: 1 s 961 ms 
[2026-05-25T21:27:51.088] [INFO] debug-file - Finished :effectkitsample:assembleHap... after 1 ms 
[2026-05-25T21:27:51.101] [INFO] debug-file - BUILD SUCCESSFUL in 1 s 974 ms 
[2026-05-25T21:27:51.103] [DEBUG] debug-file - Update task effectkitsample:default@PreBuild input file:D:\f\effect-kit-master\AppScope\app.json5 cache by regenerate.
[2026-05-25T21:27:51.103] [DEBUG] debug-file - Update task effectkitsample:default@PreBuild input file:D:\f\effect-kit-master\entry\src\main\module.json5 cache by regenerate.
[2026-05-25T21:27:51.103] [DEBUG] debug-file - Update task effectkitsample:default@PreBuild input file:D:\f\effect-kit-master\build-profile.json5 cache by regenerate.
[2026-05-25T21:27:51.104] [DEBUG] debug-file - Update task effectkitsample:default@PreBuild input file:D:\f\effect-kit-master\entry\build-profile.json5 cache by regenerate.
[2026-05-25T21:27:51.104] [DEBUG] debug-file - Update task effectkitsample:default@PreBuild input file:D:\f\effect-kit-master\entry\src\main\resources\base\profile\main_pages.json cache by regenerate.
[2026-05-25T21:27:51.104] [DEBUG] debug-file - Update task effectkitsample:default@PreBuild input file:D:\f\effect-kit-master\hvigor\hvigor-config.json5 cache by regenerate.
[2026-05-25T21:27:51.104] [DEBUG] debug-file - Update task effectkitsample:default@PreBuild input file:D:\f\effect-kit-master\entry\oh-package.json5 cache by regenerate.
[2026-05-25T21:27:51.104] [DEBUG] debug-file - Update task effectkitsample:default@PreBuild input file:D:\f\effect-kit-master\oh-package.json5 cache by regenerate.
[2026-05-25T21:27:51.104] [DEBUG] debug-file - Incremental task effectkitsample:default@PreBuild post-execution cost:3 ms .
[2026-05-25T21:27:51.104] [DEBUG] debug-file - Update task effectkitsample:default@CreateModuleInfo output file:D:\f\effect-kit-master\entry\build\default\generated\profile\default\ModuleInfo.ts cache.
[2026-05-25T21:27:51.105] [DEBUG] debug-file - Incremental task effectkitsample:default@CreateModuleInfo post-execution cost:1 ms .
[2026-05-25T21:27:51.105] [DEBUG] debug-file - There is no need to refresh cache, since the incremental task effectkitsample:default@GenerateMetadata is up-to-date.
[2026-05-25T21:27:51.105] [DEBUG] debug-file - There is no need to refresh cache, since the incremental task effectkitsample:default@MergeProfile is up-to-date.
[2026-05-25T21:27:51.105] [DEBUG] debug-file - There is no need to refresh cache, since the incremental task effectkitsample:default@CreateBuildProfile is up-to-date.
[2026-05-25T21:27:51.105] [DEBUG] debug-file - Update task effectkitsample:default@GeneratePkgContextInfo output file:D:\f\effect-kit-master\entry\build\default\intermediates\loader\default\pkgContextInfo.json cache.
[2026-05-25T21:27:51.105] [DEBUG] debug-file - Incremental task effectkitsample:default@GeneratePkgContextInfo post-execution cost:1 ms .
[2026-05-25T21:27:51.105] [DEBUG] debug-file - There is no need to refresh cache, since the incremental task effectkitsample:default@GeneratePkgSdkInfo is up-to-date.
[2026-05-25T21:27:51.105] [DEBUG] debug-file - Update task effectkitsample:default@ProcessIntegratedHsp output file:D:\f\effect-kit-master\build\cache\default\integrated_hsp\integratedHspCache.json cache.
[2026-05-25T21:27:51.105] [DEBUG] debug-file - Incremental task effectkitsample:default@ProcessIntegratedHsp post-execution cost:1 ms .
[2026-05-25T21:27:51.105] [DEBUG] debug-file - There is no need to refresh cache, since the incremental task effectkitsample:default@MakePackInfo is up-to-date.
[2026-05-25T21:27:51.105] [DEBUG] debug-file - Update task effectkitsample:default@SyscapTransform input file:C:\Program Files\Huawei\DevEco Studio\sdk\default\openharmony\toolchains\syscap_tool.exe cache by regenerate.
[2026-05-25T21:27:51.106] [DEBUG] debug-file - Update task effectkitsample:default@SyscapTransform input file:C:\Program Files\Huawei\DevEco Studio\sdk\default\openharmony\ets\api\device-define cache by regenerate.
[2026-05-25T21:27:51.107] [DEBUG] debug-file - Update task effectkitsample:default@SyscapTransform output file:D:\f\effect-kit-master\entry\build\default\intermediates\syscap\default\rpcid.sc cache.
[2026-05-25T21:27:51.107] [DEBUG] debug-file - Incremental task effectkitsample:default@SyscapTransform post-execution cost:2 ms .
[2026-05-25T21:27:51.107] [DEBUG] debug-file - There is no need to refresh cache, since the incremental task effectkitsample:default@ProcessProfile is up-to-date.
[2026-05-25T21:27:51.107] [DEBUG] debug-file - There is no need to refresh cache, since the incremental task effectkitsample:default@ProcessRouterMap is up-to-date.
[2026-05-25T21:27:51.107] [DEBUG] debug-file - There is no need to refresh cache, since the incremental task effectkitsample:default@ProcessShareConfig is up-to-date.
[2026-05-25T21:27:51.107] [DEBUG] debug-file - Update task effectkitsample:default@ProcessStartupConfig output file:D:\f\effect-kit-master\entry\build\default\intermediates\startup\default\startup_config.json cache.
[2026-05-25T21:27:51.107] [DEBUG] debug-file - Incremental task effectkitsample:default@ProcessStartupConfig post-execution cost:1 ms .
[2026-05-25T21:27:51.107] [DEBUG] debug-file - There is no need to refresh cache, since the incremental task effectkitsample:default@ProcessResource is up-to-date.
[2026-05-25T21:27:51.107] [DEBUG] debug-file - There is no need to refresh cache, since the incremental task effectkitsample:default@GenerateLoaderJson is up-to-date.
[2026-05-25T21:27:51.107] [DEBUG] debug-file - There is no need to refresh cache, since the incremental task effectkitsample:default@ProcessLibs is up-to-date.
[2026-05-25T21:27:51.107] [DEBUG] debug-file - There is no need to refresh cache, since the incremental task effectkitsample:default@CompileResource is up-to-date.
[2026-05-25T21:27:51.107] [DEBUG] debug-file - There is no need to refresh cache, since the incremental task effectkitsample:default@DoNativeStrip is up-to-date.
[2026-05-25T21:27:51.108] [DEBUG] debug-file - Update task effectkitsample:default@CompileArkTS input file:D:\f\effect-kit-master\entry\build\default\intermediates\loader\default cache by regenerate.
[2026-05-25T21:27:51.109] [DEBUG] debug-file - Update task effectkitsample:default@CompileArkTS input file:D:\f\effect-kit-master\entry\build\default\intermediates\res\default\ResourceTable.txt cache by regenerate.
[2026-05-25T21:27:51.109] [DEBUG] debug-file - Update task effectkitsample:default@CompileArkTS input file:D:\f\effect-kit-master\entry\build\default\intermediates\res\default\ark_module.json cache by regenerate.
[2026-05-25T21:27:51.109] [DEBUG] debug-file - Update task effectkitsample:default@CompileArkTS input file:D:\f\effect-kit-master\entry\build\default\intermediates\res\default\resources\base\profile cache by regenerate.
[2026-05-25T21:27:51.109] [DEBUG] debug-file - Update task effectkitsample:default@CompileArkTS input file:D:\f\effect-kit-master\entry\src\main\ets cache from map.
[2026-05-25T21:27:51.109] [DEBUG] debug-file - Update task effectkitsample:default@CompileArkTS input file:D:\f\effect-kit-master\entry\build\default\generated\profile\default\BuildProfile.ets cache by regenerate.
[2026-05-25T21:27:51.110] [DEBUG] debug-file - Update task effectkitsample:default@CompileArkTS output file:D:\f\effect-kit-master\entry\build\default\intermediates\loader_out\default\ets cache.
[2026-05-25T21:27:51.110] [DEBUG] debug-file - Incremental task effectkitsample:default@CompileArkTS post-execution cost:3 ms .
[2026-05-25T21:27:51.111] [DEBUG] debug-file - Update task effectkitsample:default@BuildJS input file:D:\f\effect-kit-master\entry\build\default\intermediates\loader\default cache by regenerate.
[2026-05-25T21:27:51.111] [DEBUG] debug-file - Update task effectkitsample:default@BuildJS input file:D:\f\effect-kit-master\entry\build\default\intermediates\res\default\ResourceTable.txt cache by regenerate.
[2026-05-25T21:27:51.111] [DEBUG] debug-file - Update task effectkitsample:default@BuildJS input file:D:\f\effect-kit-master\entry\build\default\intermediates\res\default\ark_module.json cache by regenerate.
[2026-05-25T21:27:51.111] [DEBUG] debug-file - Update task effectkitsample:default@BuildJS input file:D:\f\effect-kit-master\entry\build\default\intermediates\res\default\resources\base\profile cache by regenerate.
[2026-05-25T21:27:51.112] [DEBUG] debug-file - Update task effectkitsample:default@BuildJS output file:D:\f\effect-kit-master\entry\build\default\intermediates\loader_out\default\js cache.
[2026-05-25T21:27:51.112] [DEBUG] debug-file - Incremental task effectkitsample:default@BuildJS post-execution cost:2 ms .
[2026-05-25T21:27:51.112] [DEBUG] debug-file - There is no need to refresh cache, since the incremental task effectkitsample:default@CacheNativeLibs is up-to-date.
[2026-05-25T21:27:51.112] [DEBUG] debug-file - There is no need to refresh cache, since the incremental task effectkitsample:default@GeneratePkgModuleJson is up-to-date.
[2026-05-25T21:27:51.112] [DEBUG] debug-file - Incremental task effectkitsample:default@ProcessCompiledResources post-execution cost:1 ms .
[2026-05-25T21:27:51.113] [DEBUG] debug-file - Update task effectkitsample:default@PackageHap input file:D:\f\effect-kit-master\entry\build\default\intermediates\stripped_native_libs\default cache by regenerate.
[2026-05-25T21:27:51.113] [DEBUG] debug-file - Update task effectkitsample:default@PackageHap input file:D:\f\effect-kit-master\entry\build\default\intermediates\res\default\module.json cache by regenerate.
[2026-05-25T21:27:51.113] [DEBUG] debug-file - Update task effectkitsample:default@PackageHap input file:D:\f\effect-kit-master\entry\build\default\intermediates\res\default\resources cache by regenerate.
[2026-05-25T21:27:51.114] [DEBUG] debug-file - Update task effectkitsample:default@PackageHap input file:D:\f\effect-kit-master\entry\build\default\intermediates\res\default\resources.index cache by regenerate.
[2026-05-25T21:27:51.114] [DEBUG] debug-file - Update task effectkitsample:default@PackageHap input file:D:\f\effect-kit-master\entry\build\default\outputs\default\pack.info cache by regenerate.
[2026-05-25T21:27:51.114] [DEBUG] debug-file - Update task effectkitsample:default@PackageHap input file:D:\f\effect-kit-master\entry\build\default\intermediates\loader_out\default\ets cache from map.
[2026-05-25T21:27:51.114] [DEBUG] debug-file - Update task effectkitsample:default@PackageHap input file:D:\f\effect-kit-master\entry\build\default\intermediates\loader\default\pkgSdkInfo.json cache by regenerate.
[2026-05-25T21:27:51.114] [DEBUG] debug-file - Update task effectkitsample:default@PackageHap input file:D:\f\effect-kit-master\entry\build\default\intermediates\loader_out\default\ets\sourceMaps.map cache by regenerate.
[2026-05-25T21:27:51.115] [DEBUG] debug-file - Update task effectkitsample:default@PackageHap input file:D:\f\effect-kit-master\entry\build\default\generated\profile\default\BuildProfile.ets cache by regenerate.
[2026-05-25T21:27:51.115] [DEBUG] debug-file - Update task effectkitsample:default@PackageHap output file:D:\f\effect-kit-master\entry\build\default\outputs\default\effectkitsample-default-unsigned.hap cache.
[2026-05-25T21:27:51.115] [DEBUG] debug-file - Update task effectkitsample:default@PackageHap output file:D:\f\effect-kit-master\entry\build\default\intermediates\source_map\default\sourceMaps.map cache.
[2026-05-25T21:27:51.115] [DEBUG] debug-file - Update task effectkitsample:default@PackageHap output file:D:\f\effect-kit-master\entry\build\default\outputs\default\mapping\sourceMaps.map cache.
[2026-05-25T21:27:51.115] [DEBUG] debug-file - Incremental task effectkitsample:default@PackageHap post-execution cost:3 ms .
[2026-05-25T21:27:51.115] [DEBUG] debug-file - Update task effectkitsample:default@SignHap input file:D:\f\effect-kit-master\entry\build\default\outputs\default\effectkitsample-default-unsigned.hap cache from map.
[2026-05-25T21:27:51.115] [DEBUG] debug-file - Update task effectkitsample:default@SignHap output file:D:\f\effect-kit-master\entry\build\default\outputs\default\effectkitsample-default-signed.hap cache.
[2026-05-25T21:27:51.116] [DEBUG] debug-file - Incremental task effectkitsample:default@SignHap post-execution cost:1 ms .
[2026-05-25T21:27:51.116] [DEBUG] debug-file - Update task effectkitsample:default@CollectDebugSymbol input file:D:\f\effect-kit-master\entry\build\default\intermediates\loader_out\default\ets\sourceMaps.map cache by regenerate.
[2026-05-25T21:27:51.116] [DEBUG] debug-file - Update task effectkitsample:default@CollectDebugSymbol input file:D:\f\effect-kit-master\entry\build\default\intermediates\libs\default cache by regenerate.
[2026-05-25T21:27:51.116] [DEBUG] debug-file - Update task effectkitsample:default@CollectDebugSymbol output file:D:\f\effect-kit-master\entry\build\default\outputs\default\symbol cache.
[2026-05-25T21:27:51.116] [DEBUG] debug-file - Incremental task effectkitsample:default@CollectDebugSymbol post-execution cost:1 ms .
[2026-05-25T21:27:51.135] [DEBUG] debug-file - Cleanup worker 22.
[2026-05-25T21:27:51.135] [DEBUG] debug-file - Worker 22 has been cleaned up.
[2026-05-25T21:27:51.135] [DEBUG] debug-file - Current idle worker size: 1.
[2026-05-25T21:27:51.135] [DEBUG] debug-file - Current resident worker size: 2.
[2026-05-25T21:27:51.136] [DEBUG] debug-file - hvigor build process will be closed.
[2026-05-25T21:27:51.145] [DEBUG] debug-file - session manager: send message to worker process.
[2026-05-25T21:27:51.145] [DEBUG] debug-file - session manager: send message to worker process.
[2026-05-25T21:27:51.145] [DEBUG] debug-file - watch worker: worker id should be larger than 0. Nothing will be sent to any worker thread.
[2026-05-25T21:27:51.145] [DEBUG] debug-file - watch worker: worker id should be larger than 0. Nothing will be sent to any worker thread.
[2026-05-25T21:27:51.151] [DEBUG] debug-file - worker[22] exits with exit code 1.
[2026-05-25T21:29:16.483] [DEBUG] debug-file - session manager: set active socket. socketId=7vzm-P07yQogXMjaAAAL
[2026-05-25T21:29:16.488] [DEBUG] debug-file - watch worker: worker id should be larger than 0. Nothing will be sent to any worker thread.
[2026-05-25T21:29:16.490] [DEBUG] debug-file - Workers' log level updated to INFO
[2026-05-25T21:29:16.492] [DEBUG] debug-file - Hvigor init with startParameters:{
  hvigorfileTypeCheck: false,
  parallelExecution: true,
  incrementalExecution: true,
  printStackTrace: false,
  daemon: true,
  analyze: 0,
  logLevel: Level { level: 20000, levelStr: 'INFO', colour: 'green' },
  optimizationStrategy: 'memory',
  hotCompile: undefined,
  hotReloadBuild: undefined,
  customizedParam: undefined
}
[2026-05-25T21:29:16.496] [DEBUG] debug-file - Cache service initialization finished in 4 ms 
[2026-05-25T21:29:16.496] [DEBUG] debug-file - hvigorfile, resolving D:\f\effect-kit-master\hvigorfile.ts
[2026-05-25T21:29:16.500] [DEBUG] debug-file - hvigorfile, require result:  { default: { plugins: [] } }
[2026-05-25T21:29:16.500] [DEBUG] debug-file - hvigorfile, binding system plugins null
[2026-05-25T21:29:16.501] [DEBUG] debug-file - Starting plugin build process
[2026-05-25T21:29:16.501] [DEBUG] debug-file - App plugin prepare start...
[2026-05-25T21:29:16.501] [DEBUG] debug-file - App plugin prepare end...
[2026-05-25T21:29:16.501] [DEBUG] debug-file - App plugin creating...
[2026-05-25T21:29:16.504] [DEBUG] debug-file - App plugin register hook start...
[2026-05-25T21:29:16.504] [DEBUG] debug-file - App plugin register hook end...
[2026-05-25T21:29:16.504] [DEBUG] debug-file - Plugin build process completed
[2026-05-25T21:29:16.504] [DEBUG] debug-file - Start initialize project's product build option map with build mode debug.
[2026-05-25T21:29:16.505] [DEBUG] debug-file - Picking option from product 'default' with build mode 'debug'.
[2026-05-25T21:29:16.505] [DEBUG] debug-file - Product 'default' build option initialized
[2026-05-25T21:29:16.505] [DEBUG] debug-file - End initialize project's product build option map with build mode 'debug'.
[2026-05-25T21:29:16.506] [DEBUG] debug-file - Obtain build option for product 'default'in this build.
[2026-05-25T21:29:16.506] [DEBUG] debug-file - not found resModel json file in : D:\f\effect-kit-master\entry\src\ohosTest\module.json5
[2026-05-25T21:29:16.508] [DEBUG] debug-file - No signingConfig found, initRemoteHspCache failed.
[2026-05-25T21:29:16.510] [DEBUG] debug-file - Start recording SDK configuration permission data.
[2026-05-25T21:29:16.530] [DEBUG] debug-file - Sdk init in 22 ms 
[2026-05-25T21:29:16.532] [DEBUG] debug-file - Project task initialization takes 2 ms 
[2026-05-25T21:29:16.532] [DEBUG] debug-file - hvigorfile, begin to bind custom plugins...
[2026-05-25T21:29:16.532] [DEBUG] debug-file - hvigorfile, no custom plugins were found in D:\f\effect-kit-master\hvigorfile.ts
[2026-05-25T21:29:16.532] [DEBUG] debug-file - hvigorfile, resolve finished D:\f\effect-kit-master\hvigorfile.ts
[2026-05-25T21:29:16.532] [DEBUG] debug-file - hvigorfile, resolving D:\f\effect-kit-master\entry\hvigorfile.ts
[2026-05-25T21:29:16.535] [DEBUG] debug-file - hvigorfile, require result:  { default: { plugins: [] } }
[2026-05-25T21:29:16.535] [DEBUG] debug-file - hvigorfile, binding system plugins null
[2026-05-25T21:29:16.535] [DEBUG] debug-file - Starting plugin build process
[2026-05-25T21:29:16.535] [DEBUG] debug-file - Hap plugin creating...
[2026-05-25T21:29:16.537] [DEBUG] debug-file - failed to load cangjie to dynamically generate schemas: Error: Cannot find module '@ohos/cangjie-build-support/index'
Require stack:
- C:\Program Files\Huawei\DevEco Studio\tools\hvigor\hvigor-ohos-plugin\src\plugin\hooks\cangjie-register.js
- C:\Program Files\Huawei\DevEco Studio\tools\hvigor\hvigor-ohos-plugin\src\plugin\strategy\stage-init-strategy.js
- C:\Program Files\Huawei\DevEco Studio\tools\hvigor\hvigor-ohos-plugin\src\plugin\builder\abstract-plugin-builder.js
- C:\Program Files\Huawei\DevEco Studio\tools\hvigor\hvigor-ohos-plugin\src\plugin\builder\app-plugin-builder.js
- C:\Program Files\Huawei\DevEco Studio\tools\hvigor\hvigor-ohos-plugin\src\plugin\factory\plugin-factory.js
- C:\Program Files\Huawei\DevEco Studio\tools\hvigor\hvigor-ohos-plugin\index.js
- D:\f\effect-kit-master\hvigorfile.ts
- C:\Program Files\Huawei\DevEco Studio\tools\hvigor\hvigor\src\base\internal\lifecycle\configuration.js
- C:\Program Files\Huawei\DevEco Studio\tools\hvigor\hvigor\src\base\boot\index.js
- C:\Program Files\Huawei\DevEco Studio\tools\hvigor\hvigor\src\base\daemon\cluster\worker-process-lifecycle.js
- C:\Program Files\Huawei\DevEco Studio\tools\hvigor\hvigor\src\base\daemon\process\daemon-process-boot-script.js
[2026-05-25T21:29:16.538] [DEBUG] debug-file - Start initialize module-target build option map, moduleName=effectkitsample, buildMode=debug
[2026-05-25T21:29:16.538] [DEBUG] debug-file - Target 'default' config initialized
[2026-05-25T21:29:16.539] [DEBUG] debug-file - Target 'ohosTest' config initialized
[2026-05-25T21:29:16.539] [DEBUG] debug-file - Module 'effectkitsample' target 'default' build option initialized
[2026-05-25T21:29:16.539] [DEBUG] debug-file - Module 'effectkitsample' target 'ohosTest' build option initialized
[2026-05-25T21:29:16.539] [DEBUG] debug-file - End initialize module-target build option map, moduleName=effectkitsample
[2026-05-25T21:29:16.539] [DEBUG] debug-file - Start initialize module-target build option map, moduleName=effectkitsample, buildMode=release
[2026-05-25T21:29:16.539] [DEBUG] debug-file - Target 'default' config initialized
[2026-05-25T21:29:16.539] [DEBUG] debug-file - Target 'ohosTest' config initialized
[2026-05-25T21:29:16.539] [DEBUG] debug-file - Module 'effectkitsample' target 'default' build option initialized
[2026-05-25T21:29:16.539] [DEBUG] debug-file - Module 'effectkitsample' target 'ohosTest' build option initialized
[2026-05-25T21:29:16.539] [DEBUG] debug-file - End initialize module-target build option map, moduleName=effectkitsample
[2026-05-25T21:29:16.539] [DEBUG] debug-file - Start initialize module-target build option map, moduleName=effectkitsample, buildMode=debug
[2026-05-25T21:29:16.539] [DEBUG] debug-file - Target 'default' config initialized
[2026-05-25T21:29:16.539] [DEBUG] debug-file - Target 'ohosTest' config initialized
[2026-05-25T21:29:16.539] [DEBUG] debug-file - Module 'effectkitsample' target 'default' build option initialized
[2026-05-25T21:29:16.539] [DEBUG] debug-file - Module 'effectkitsample' target 'ohosTest' build option initialized
[2026-05-25T21:29:16.539] [DEBUG] debug-file - End initialize module-target build option map, moduleName=effectkitsample
[2026-05-25T21:29:16.539] [DEBUG] debug-file - Obtain build option for module 'effectkitsample' target 'default'in this build.
[2026-05-25T21:29:16.541] [DEBUG] debug-file - Module effectkitsample task initialization takes 1 ms 
[2026-05-25T21:29:16.541] [DEBUG] debug-file - Hap plugin register hook start...
[2026-05-25T21:29:16.541] [DEBUG] debug-file - Hap plugin register hook end...
[2026-05-25T21:29:16.541] [DEBUG] debug-file - Plugin build process completed
[2026-05-25T21:29:16.541] [DEBUG] debug-file - hvigorfile, begin to bind custom plugins...
[2026-05-25T21:29:16.541] [DEBUG] debug-file - hvigorfile, no custom plugins were found in D:\f\effect-kit-master\entry\hvigorfile.ts
[2026-05-25T21:29:16.542] [DEBUG] debug-file - hvigorfile, resolve finished D:\f\effect-kit-master\entry\hvigorfile.ts
[2026-05-25T21:29:16.587] [DEBUG] debug-file - hvigorfile, resolve hvigorfile dependencies in 45 ms 
[2026-05-25T21:29:16.587] [DEBUG] debug-file - project has submodules:effectkitsample
[2026-05-25T21:29:16.588] [DEBUG] debug-file - start to load updatedOhPackageInfo to the disk
[2026-05-25T21:29:16.589] [DEBUG] debug-file - load to the disk finished
[2026-05-25T21:29:16.589] [DEBUG] debug-file - Start to initialize dependency information.
[2026-05-25T21:29:16.589] [DEBUG] debug-file - Module effect-kit-master Collected Dependency: 
[2026-05-25T21:29:16.589] [DEBUG] debug-file - Module effect-kit-master's total dependency: 0
[2026-05-25T21:29:16.590] [DEBUG] debug-file - Start to initialize dependency information.
[2026-05-25T21:29:16.590] [DEBUG] debug-file - Module effectkitsample Collected Dependency: 
[2026-05-25T21:29:16.590] [DEBUG] debug-file - Module effectkitsample's total dependency: 0
[2026-05-25T21:29:16.591] [DEBUG] debug-file - Configuration phase cost:96 ms 
[2026-05-25T21:29:16.592] [DEBUG] debug-file - Configuration task cost before running: 102 ms 
[2026-05-25T21:29:16.594] [DEBUG] debug-file - Executing task :effectkitsample:default@PreBuild
[2026-05-25T21:29:16.594] [DEBUG] debug-file - Task 'effectkitsample:default@PreBuild' cost while wrapping incremental declarations: 1 ms 
[2026-05-25T21:29:16.597] [DEBUG] debug-file - effectkitsample:default@PreBuild is not up-to-date, since the task snapshots are different.
[2026-05-25T21:29:16.597] [DEBUG] debug-file - Incremental task effectkitsample:default@PreBuild pre-execution cost: 2 ms .
[2026-05-25T21:29:16.600] [DEBUG] debug-file - current product is not Atomic service.
[2026-05-25T21:29:16.600] [DEBUG] debug-file - Use tool [win32: JAVA_HOME, CLASSPATH]
 [
  { JAVA_HOME: 'C:\\Program Files\\Huawei\\DevEco Studio\\jbr' },
  { CLASSPATH: undefined }
]
[2026-05-25T21:29:16.600] [DEBUG] debug-file - Use tool [win32: NODE_HOME]
 [
  {
    NODE_HOME: 'C:\\Program Files\\Huawei\\DevEco Studio\\tools\\node'
  }
]
[2026-05-25T21:29:16.600] [DEBUG] debug-file - effectkitsample : default@PreBuild cost memory 0.5004501342773438
[2026-05-25T21:29:16.600] [DEBUG] debug-file - runTaskFromQueue task cost before running: 110 ms 
[2026-05-25T21:29:16.601] [INFO] debug-file - Finished :effectkitsample:default@PreBuild... after 7 ms 
[2026-05-25T21:29:16.602] [DEBUG] debug-file - Executing task :effectkitsample:default@CreateModuleInfo
[2026-05-25T21:29:16.602] [DEBUG] debug-file - Task 'effectkitsample:default@CreateModuleInfo' cost while wrapping incremental declarations: 1 ms 
[2026-05-25T21:29:16.602] [DEBUG] debug-file - effectkitsample : default@CreateModuleInfo cost memory 0.03968048095703125
[2026-05-25T21:29:16.602] [DEBUG] debug-file - runTaskFromQueue task cost before running: 112 ms 
[2026-05-25T21:29:16.602] [INFO] debug-file - Finished :effectkitsample:default@CreateModuleInfo... after 1 ms 
[2026-05-25T21:29:16.603] [DEBUG] debug-file - Executing task :effectkitsample:default@GenerateMetadata
[2026-05-25T21:29:16.603] [DEBUG] debug-file - Task 'effectkitsample:default@GenerateMetadata' cost while wrapping incremental declarations: 1 ms 
[2026-05-25T21:29:16.603] [DEBUG] debug-file - Incremental task effectkitsample:default@GenerateMetadata pre-execution cost: 1 ms .
[2026-05-25T21:29:16.604] [DEBUG] debug-file - effectkitsample : default@GenerateMetadata cost memory 0.0786285400390625
[2026-05-25T21:29:16.604] [INFO] debug-file - UP-TO-DATE :effectkitsample:default@GenerateMetadata...  
[2026-05-25T21:29:16.604] [DEBUG] debug-file - Executing task :effectkitsample:default@ConfigureCmake
[2026-05-25T21:29:16.604] [DEBUG] debug-file - effectkitsample : default@ConfigureCmake cost memory 0.01409149169921875
[2026-05-25T21:29:16.604] [DEBUG] debug-file - runTaskFromQueue task cost before running: 114 ms 
[2026-05-25T21:29:16.604] [INFO] debug-file - Finished :effectkitsample:default@ConfigureCmake... after 1 ms 
[2026-05-25T21:29:16.605] [DEBUG] debug-file - Executing task :effectkitsample:default@MergeProfile
[2026-05-25T21:29:16.605] [DEBUG] debug-file - Task 'effectkitsample:default@MergeProfile' cost while wrapping incremental declarations: 1 ms 
[2026-05-25T21:29:16.605] [DEBUG] debug-file - Incremental task effectkitsample:default@MergeProfile pre-execution cost: 1 ms .
[2026-05-25T21:29:16.605] [DEBUG] debug-file - effectkitsample : default@MergeProfile cost memory 0.11489105224609375
[2026-05-25T21:29:16.606] [INFO] debug-file - UP-TO-DATE :effectkitsample:default@MergeProfile...  
[2026-05-25T21:29:16.606] [DEBUG] debug-file - Executing task :effectkitsample:default@CreateBuildProfile
[2026-05-25T21:29:16.606] [DEBUG] debug-file - Task 'effectkitsample:default@CreateBuildProfile' cost while wrapping incremental declarations: 1 ms 
[2026-05-25T21:29:16.607] [DEBUG] debug-file - Incremental task effectkitsample:default@CreateBuildProfile pre-execution cost: 1 ms .
[2026-05-25T21:29:16.607] [DEBUG] debug-file - effectkitsample : default@CreateBuildProfile cost memory 0.09636688232421875
[2026-05-25T21:29:16.607] [INFO] debug-file - UP-TO-DATE :effectkitsample:default@CreateBuildProfile...  
[2026-05-25T21:29:16.608] [DEBUG] debug-file - Executing task :effectkitsample:default@PreCheckSyscap
[2026-05-25T21:29:16.608] [DEBUG] debug-file - effectkitsample : default@PreCheckSyscap cost memory 0.014312744140625
[2026-05-25T21:29:16.608] [DEBUG] debug-file - runTaskFromQueue task cost before running: 118 ms 
[2026-05-25T21:29:16.608] [INFO] debug-file - Finished :effectkitsample:default@PreCheckSyscap... after 1 ms 
[2026-05-25T21:29:16.608] [DEBUG] debug-file - Executing task :effectkitsample:default@GeneratePkgContextInfo
[2026-05-25T21:29:16.610] [DEBUG] debug-file - Task 'effectkitsample:default@GeneratePkgContextInfo' cost while wrapping incremental declarations: 1 ms 
[2026-05-25T21:29:16.610] [DEBUG] debug-file - effectkitsample : default@GeneratePkgContextInfo cost memory 0.16091156005859375
[2026-05-25T21:29:16.610] [DEBUG] debug-file - runTaskFromQueue task cost before running: 120 ms 
[2026-05-25T21:29:16.610] [INFO] debug-file - Finished :effectkitsample:default@GeneratePkgContextInfo... after 2 ms 
[2026-05-25T21:29:16.611] [DEBUG] debug-file - Executing task :effectkitsample:default@GeneratePkgSdkInfo
[2026-05-25T21:29:16.612] [DEBUG] debug-file - Task 'effectkitsample:default@GeneratePkgSdkInfo' cost while wrapping incremental declarations: 1 ms 
[2026-05-25T21:29:16.612] [DEBUG] debug-file - Incremental task effectkitsample:default@GeneratePkgSdkInfo pre-execution cost: 1 ms .
[2026-05-25T21:29:16.612] [DEBUG] debug-file - effectkitsample : default@GeneratePkgSdkInfo cost memory 0.11418914794921875
[2026-05-25T21:29:16.612] [INFO] debug-file - UP-TO-DATE :effectkitsample:default@GeneratePkgSdkInfo...  
[2026-05-25T21:29:16.614] [DEBUG] debug-file - Executing task :effectkitsample:default@ProcessIntegratedHsp
[2026-05-25T21:29:16.614] [DEBUG] debug-file - effectkitsample:default@ProcessIntegratedHsp is not up-to-date, since the output file 'D:\f\effect-kit-master\build\cache\default\integrated_hsp\integratedHspCache.json' does not exist.
[2026-05-25T21:29:16.614] [DEBUG] debug-file - Incremental task effectkitsample:default@ProcessIntegratedHsp pre-execution cost: 1 ms .
[2026-05-25T21:29:16.614] [DEBUG] debug-file - effectkitsample : default@ProcessIntegratedHsp cost memory 0.05410003662109375
[2026-05-25T21:29:16.614] [DEBUG] debug-file - runTaskFromQueue task cost before running: 124 ms 
[2026-05-25T21:29:16.614] [INFO] debug-file - Finished :effectkitsample:default@ProcessIntegratedHsp... after 1 ms 
[2026-05-25T21:29:16.614] [DEBUG] debug-file - Executing task :effectkitsample:default@BuildNativeWithCmake
[2026-05-25T21:29:16.615] [DEBUG] debug-file - effectkitsample : default@BuildNativeWithCmake cost memory 0.01409912109375
[2026-05-25T21:29:16.615] [DEBUG] debug-file - runTaskFromQueue task cost before running: 124 ms 
[2026-05-25T21:29:16.615] [INFO] debug-file - Finished :effectkitsample:default@BuildNativeWithCmake... after 1 ms 
[2026-05-25T21:29:16.615] [DEBUG] debug-file - Executing task :effectkitsample:default@MakePackInfo
[2026-05-25T21:29:16.616] [DEBUG] debug-file - Incremental task effectkitsample:default@MakePackInfo pre-execution cost: 1 ms .
[2026-05-25T21:29:16.616] [DEBUG] debug-file - effectkitsample : default@MakePackInfo cost memory 0.09358978271484375
[2026-05-25T21:29:16.616] [INFO] debug-file - UP-TO-DATE :effectkitsample:default@MakePackInfo...  
[2026-05-25T21:29:16.617] [DEBUG] debug-file - Executing task :effectkitsample:default@SyscapTransform
[2026-05-25T21:29:16.617] [DEBUG] debug-file - File: 'D:\f\effect-kit-master\entry\src\main\syscap.json' from 'sysCapJsonPath' is not exists, just ignore.
[2026-05-25T21:29:16.617] [DEBUG] debug-file - Task 'effectkitsample:default@SyscapTransform' cost while wrapping incremental declarations: 1 ms 
[2026-05-25T21:29:16.618] [DEBUG] debug-file - effectkitsample:default@SyscapTransform is not up-to-date, since the output file 'D:\f\effect-kit-master\entry\build\default\intermediates\syscap\default\rpcid.sc' does not exist.
[2026-05-25T21:29:16.618] [DEBUG] debug-file - Incremental task effectkitsample:default@SyscapTransform pre-execution cost: 1 ms .
[2026-05-25T21:29:16.618] [DEBUG] debug-file - effectkitsample : default@SyscapTransform cost memory 0.13370513916015625
[2026-05-25T21:29:16.618] [DEBUG] debug-file - runTaskFromQueue task cost before running: 128 ms 
[2026-05-25T21:29:16.618] [INFO] debug-file - Finished :effectkitsample:default@SyscapTransform... after 2 ms 
[2026-05-25T21:29:16.619] [DEBUG] debug-file - Executing task :effectkitsample:default@ProcessProfile
[2026-05-25T21:29:16.619] [DEBUG] debug-file - Task 'effectkitsample:default@ProcessProfile' cost while wrapping incremental declarations: 1 ms 
[2026-05-25T21:29:16.619] [DEBUG] debug-file - Incremental task effectkitsample:default@ProcessProfile pre-execution cost: 1 ms .
[2026-05-25T21:29:16.619] [DEBUG] debug-file - effectkitsample : default@ProcessProfile cost memory 0.1193084716796875
[2026-05-25T21:29:16.620] [INFO] debug-file - UP-TO-DATE :effectkitsample:default@ProcessProfile...  
[2026-05-25T21:29:16.620] [DEBUG] debug-file - Executing task :effectkitsample:default@ProcessRouterMap
[2026-05-25T21:29:16.621] [DEBUG] debug-file - Incremental task effectkitsample:default@ProcessRouterMap pre-execution cost: 1 ms .
[2026-05-25T21:29:16.621] [DEBUG] debug-file - effectkitsample : default@ProcessRouterMap cost memory 0.11631011962890625
[2026-05-25T21:29:16.621] [INFO] debug-file - UP-TO-DATE :effectkitsample:default@ProcessRouterMap...  
[2026-05-25T21:29:16.622] [DEBUG] debug-file - Executing task :effectkitsample:default@ProcessShareConfig
[2026-05-25T21:29:16.622] [DEBUG] debug-file - Incremental task effectkitsample:default@ProcessShareConfig pre-execution cost: 1 ms .
[2026-05-25T21:29:16.622] [DEBUG] debug-file - effectkitsample : default@ProcessShareConfig cost memory 0.09429931640625
[2026-05-25T21:29:16.623] [INFO] debug-file - UP-TO-DATE :effectkitsample:default@ProcessShareConfig...  
[2026-05-25T21:29:16.623] [DEBUG] debug-file - Executing task :effectkitsample:default@ProcessStartupConfig
[2026-05-25T21:29:16.623] [DEBUG] debug-file - Task 'effectkitsample:default@ProcessStartupConfig' cost while wrapping incremental declarations: 1 ms 
[2026-05-25T21:29:16.623] [DEBUG] debug-file - effectkitsample:default@ProcessStartupConfig is not up-to-date, since the output file 'D:\f\effect-kit-master\entry\build\default\intermediates\startup\default\startup_config.json' does not exist.
[2026-05-25T21:29:16.623] [DEBUG] debug-file - Incremental task effectkitsample:default@ProcessStartupConfig pre-execution cost: 1 ms .
[2026-05-25T21:29:16.623] [DEBUG] debug-file - effectkitsample : default@ProcessStartupConfig cost memory 0.09125518798828125
[2026-05-25T21:29:16.623] [DEBUG] debug-file - runTaskFromQueue task cost before running: 133 ms 
[2026-05-25T21:29:16.624] [INFO] debug-file - Finished :effectkitsample:default@ProcessStartupConfig... after 1 ms 
[2026-05-25T21:29:16.624] [DEBUG] debug-file - Executing task :effectkitsample:default@BuildNativeWithNinja
[2026-05-25T21:29:16.624] [DEBUG] debug-file - effectkitsample : default@BuildNativeWithNinja cost memory 0.01946258544921875
[2026-05-25T21:29:16.624] [DEBUG] debug-file - runTaskFromQueue task cost before running: 134 ms 
[2026-05-25T21:29:16.625] [INFO] debug-file - Finished :effectkitsample:default@BuildNativeWithNinja... after 1 ms 
[2026-05-25T21:29:16.625] [DEBUG] debug-file - restool module names: effectkitsample; moduleName=effectkitsample, taskName=default@ProcessResource
[2026-05-25T21:29:16.627] [DEBUG] debug-file - Executing task :effectkitsample:default@ProcessResource
[2026-05-25T21:29:16.627] [DEBUG] debug-file - Task 'effectkitsample:default@ProcessResource' cost while wrapping incremental declarations: 1 ms 
[2026-05-25T21:29:16.628] [DEBUG] debug-file - Incremental task effectkitsample:default@ProcessResource pre-execution cost: 1 ms .
[2026-05-25T21:29:16.628] [DEBUG] debug-file - effectkitsample : default@ProcessResource cost memory 0.1302642822265625
[2026-05-25T21:29:16.629] [INFO] debug-file - UP-TO-DATE :effectkitsample:default@ProcessResource...  
[2026-05-25T21:29:16.629] [DEBUG] debug-file - Executing task :effectkitsample:default@GenerateLoaderJson
[2026-05-25T21:29:16.629] [DEBUG] debug-file - Task 'effectkitsample:default@GenerateLoaderJson' cost while wrapping incremental declarations: 1 ms 
[2026-05-25T21:29:16.632] [DEBUG] debug-file - Incremental task effectkitsample:default@GenerateLoaderJson pre-execution cost: 2 ms .
[2026-05-25T21:29:16.632] [DEBUG] debug-file - effectkitsample : default@GenerateLoaderJson cost memory 0.41241455078125
[2026-05-25T21:29:16.634] [INFO] debug-file - UP-TO-DATE :effectkitsample:default@GenerateLoaderJson...  
[2026-05-25T21:29:16.634] [DEBUG] debug-file - Executing task :effectkitsample:default@ProcessLibs
[2026-05-25T21:29:16.635] [DEBUG] debug-file - Incremental task effectkitsample:default@ProcessLibs pre-execution cost: 1 ms .
[2026-05-25T21:29:16.635] [DEBUG] debug-file - effectkitsample : default@ProcessLibs cost memory 0.08941650390625
[2026-05-25T21:29:16.635] [INFO] debug-file - UP-TO-DATE :effectkitsample:default@ProcessLibs...  
[2026-05-25T21:29:16.636] [DEBUG] debug-file - restool module names: effectkitsample; moduleName=effectkitsample, taskName=default@CompileResource
[2026-05-25T21:29:16.636] [DEBUG] debug-file - Executing task :effectkitsample:default@CompileResource
[2026-05-25T21:29:16.640] [DEBUG] debug-file - Incremental task effectkitsample:default@CompileResource pre-execution cost: 4 ms .
[2026-05-25T21:29:16.640] [DEBUG] debug-file - effectkitsample : default@CompileResource cost memory 0.6733932495117188
[2026-05-25T21:29:16.641] [INFO] debug-file - UP-TO-DATE :effectkitsample:default@CompileResource...  
[2026-05-25T21:29:16.641] [DEBUG] debug-file - Executing task :effectkitsample:default@DoNativeStrip
[2026-05-25T21:29:16.641] [DEBUG] debug-file - File: 'D:\f\effect-kit-master\entry\build\default\intermediates\binxo\default' from 'doBinxoNativeLibs' is not exists, just ignore.
[2026-05-25T21:29:16.642] [DEBUG] debug-file - Task 'effectkitsample:default@DoNativeStrip' cost while wrapping incremental declarations: 1 ms 
[2026-05-25T21:29:16.642] [DEBUG] debug-file - Incremental task effectkitsample:default@DoNativeStrip pre-execution cost: 1 ms .
[2026-05-25T21:29:16.642] [DEBUG] debug-file - effectkitsample : default@DoNativeStrip cost memory 0.08837127685546875
[2026-05-25T21:29:16.642] [INFO] debug-file - UP-TO-DATE :effectkitsample:default@DoNativeStrip...  
[2026-05-25T21:29:16.643] [DEBUG] debug-file - Executing task :effectkitsample:default@CompileArkTS
[2026-05-25T21:29:16.643] [DEBUG] debug-file - obfuscationOptions: undefined
[2026-05-25T21:29:16.643] [DEBUG] debug-file - Task 'effectkitsample:default@CompileArkTS' cost while wrapping incremental declarations: 1 ms 
[2026-05-25T21:29:16.646] [DEBUG] debug-file - Incremental task effectkitsample:default@CompileArkTS pre-execution cost: 3 ms .
[2026-05-25T21:29:16.646] [DEBUG] debug-file - effectkitsample : default@CompileArkTS cost memory 0.48451995849609375
[2026-05-25T21:29:16.647] [INFO] debug-file - UP-TO-DATE :effectkitsample:default@CompileArkTS...  
[2026-05-25T21:29:16.648] [DEBUG] debug-file - Executing task :effectkitsample:default@BuildJS
[2026-05-25T21:29:16.648] [DEBUG] debug-file - Task 'effectkitsample:default@BuildJS' cost while wrapping incremental declarations: 1 ms 
[2026-05-25T21:29:16.649] [DEBUG] debug-file - effectkitsample : default@BuildJS cost memory 0.134796142578125
[2026-05-25T21:29:16.649] [DEBUG] debug-file - runTaskFromQueue task cost before running: 159 ms 
[2026-05-25T21:29:16.649] [INFO] debug-file - Finished :effectkitsample:default@BuildJS... after 2 ms 
[2026-05-25T21:29:16.650] [DEBUG] debug-file - Executing task :effectkitsample:default@CacheNativeLibs
[2026-05-25T21:29:16.650] [DEBUG] debug-file - File: 'D:\f\effect-kit-master\entry\build\default\intermediates\binxo\default' from 'cacheBinxoNativeLibs' is not exists, just ignore.
[2026-05-25T21:29:16.650] [DEBUG] debug-file - Task 'effectkitsample:default@CacheNativeLibs' cost while wrapping incremental declarations: 1 ms 
[2026-05-25T21:29:16.650] [DEBUG] debug-file - Incremental task effectkitsample:default@CacheNativeLibs pre-execution cost: 1 ms .
[2026-05-25T21:29:16.650] [DEBUG] debug-file - effectkitsample : default@CacheNativeLibs cost memory 0.1116180419921875
[2026-05-25T21:29:16.651] [INFO] debug-file - UP-TO-DATE :effectkitsample:default@CacheNativeLibs...  
[2026-05-25T21:29:16.651] [DEBUG] debug-file - Executing task :effectkitsample:default@GeneratePkgModuleJson
[2026-05-25T21:29:16.651] [DEBUG] debug-file - File: 'D:\f\effect-kit-master\entry\build\default\intermediates\preload\default\preload.json' from 'preloadSoJsonPath' is not exists, just ignore.
[2026-05-25T21:29:16.651] [DEBUG] debug-file - Error occurs while handling @Input 'shouldDeduplicateHar': The "data" argument must be of type string or an instance of Buffer, TypedArray, or DataView. Received undefined
[2026-05-25T21:29:16.651] [DEBUG] debug-file - Task 'effectkitsample:default@GeneratePkgModuleJson' cost while wrapping incremental declarations: 1 ms 
[2026-05-25T21:29:16.651] [DEBUG] debug-file - Incremental task effectkitsample:default@GeneratePkgModuleJson pre-execution cost: 1 ms .
[2026-05-25T21:29:16.652] [DEBUG] debug-file - effectkitsample : default@GeneratePkgModuleJson cost memory 0.09897613525390625
[2026-05-25T21:29:16.652] [INFO] debug-file - UP-TO-DATE :effectkitsample:default@GeneratePkgModuleJson...  
[2026-05-25T21:29:16.652] [DEBUG] debug-file - Executing task :effectkitsample:default@ProcessCompiledResources
[2026-05-25T21:29:16.652] [DEBUG] debug-file - File: 'D:\f\effect-kit-master\entry\build\default\intermediates\preload\default\preload.json' from 'preloadSoJsonPath' is not exists, just ignore.
[2026-05-25T21:29:16.652] [DEBUG] debug-file - Task 'effectkitsample:default@ProcessCompiledResources' cost while wrapping incremental declarations: 1 ms 
[2026-05-25T21:29:16.652] [DEBUG] debug-file - effectkitsample : default@ProcessCompiledResources cost memory 0.0553436279296875
[2026-05-25T21:29:16.652] [DEBUG] debug-file - runTaskFromQueue task cost before running: 162 ms 
[2026-05-25T21:29:16.652] [INFO] debug-file - Finished :effectkitsample:default@ProcessCompiledResources... after 1 ms 
[2026-05-25T21:29:16.653] [DEBUG] debug-file - Executing task :effectkitsample:default@PackageHap
[2026-05-25T21:29:16.656] [DEBUG] debug-file - Incremental task effectkitsample:default@PackageHap pre-execution cost: 3 ms .
[2026-05-25T21:29:16.656] [DEBUG] debug-file - effectkitsample : default@PackageHap cost memory 0.46183013916015625
[2026-05-25T21:29:16.656] [INFO] debug-file - UP-TO-DATE :effectkitsample:default@PackageHap...  
[2026-05-25T21:29:16.657] [DEBUG] debug-file - Executing task :effectkitsample:default@PackingCheck
[2026-05-25T21:29:16.660] [DEBUG] debug-file - effectkitsample : default@PackingCheck cost memory 0.36815643310546875
[2026-05-25T21:29:16.660] [DEBUG] debug-file - runTaskFromQueue task cost before running: 170 ms 
[2026-05-25T21:29:16.660] [INFO] debug-file - Finished :effectkitsample:default@PackingCheck... after 4 ms 
[2026-05-25T21:29:16.661] [DEBUG] debug-file - Executing task :effectkitsample:default@SignHap
[2026-05-25T21:29:16.661] [WARN] debug-file - Will skip sign 'hos_hap'. No signingConfigs profile is configured in current project.
             If needed, configure the signingConfigs in D:\f\effect-kit-master\build-profile.json5.
[2026-05-25T21:29:16.662] [DEBUG] debug-file - effectkitsample:default@SignHap is not up-to-date, since the output file 'D:\f\effect-kit-master\entry\build\default\outputs\default\effectkitsample-default-signed.hap' does not exist.
[2026-05-25T21:29:16.662] [DEBUG] debug-file - Incremental task effectkitsample:default@SignHap pre-execution cost: 1 ms .
[2026-05-25T21:29:16.662] [DEBUG] debug-file - effectkitsample : default@SignHap cost memory 0.08716583251953125
[2026-05-25T21:29:16.662] [DEBUG] debug-file - runTaskFromQueue task cost before running: 172 ms 
[2026-05-25T21:29:16.662] [INFO] debug-file - Finished :effectkitsample:default@SignHap... after 1 ms 
[2026-05-25T21:29:16.663] [DEBUG] debug-file - Executing task :effectkitsample:default@CollectDebugSymbol
[2026-05-25T21:29:16.663] [DEBUG] debug-file - effectkitsample : default@CollectDebugSymbol cost memory 0.079071044921875
[2026-05-25T21:29:16.663] [DEBUG] debug-file - runTaskFromQueue task cost before running: 173 ms 
[2026-05-25T21:29:16.663] [INFO] debug-file - Finished :effectkitsample:default@CollectDebugSymbol... after 1 ms 
[2026-05-25T21:29:16.664] [DEBUG] debug-file - Executing task :effectkitsample:assembleHap
[2026-05-25T21:29:16.664] [DEBUG] debug-file - effectkitsample : assembleHap cost memory 0.01229095458984375
[2026-05-25T21:29:16.664] [DEBUG] debug-file - runTaskFromQueue task cost before running: 174 ms 
[2026-05-25T21:29:16.664] [INFO] debug-file - Finished :effectkitsample:assembleHap... after 1 ms 
[2026-05-25T21:29:16.672] [INFO] debug-file - BUILD SUCCESSFUL in 182 ms 
[2026-05-25T21:29:16.677] [DEBUG] debug-file - Update task effectkitsample:default@PreBuild input file:D:\f\effect-kit-master\AppScope\app.json5 cache by regenerate.
[2026-05-25T21:29:16.678] [DEBUG] debug-file - Update task effectkitsample:default@PreBuild input file:D:\f\effect-kit-master\entry\src\main\module.json5 cache by regenerate.
[2026-05-25T21:29:16.678] [DEBUG] debug-file - Update task effectkitsample:default@PreBuild input file:D:\f\effect-kit-master\build-profile.json5 cache by regenerate.
[2026-05-25T21:29:16.678] [DEBUG] debug-file - Update task effectkitsample:default@PreBuild input file:D:\f\effect-kit-master\entry\build-profile.json5 cache by regenerate.
[2026-05-25T21:29:16.678] [DEBUG] debug-file - Update task effectkitsample:default@PreBuild input file:D:\f\effect-kit-master\entry\src\main\resources\base\profile\main_pages.json cache by regenerate.
[2026-05-25T21:29:16.678] [DEBUG] debug-file - Update task effectkitsample:default@PreBuild input file:D:\f\effect-kit-master\hvigor\hvigor-config.json5 cache by regenerate.
[2026-05-25T21:29:16.678] [DEBUG] debug-file - Update task effectkitsample:default@PreBuild input file:D:\f\effect-kit-master\entry\oh-package.json5 cache by regenerate.
[2026-05-25T21:29:16.678] [DEBUG] debug-file - Update task effectkitsample:default@PreBuild input file:D:\f\effect-kit-master\oh-package.json5 cache by regenerate.
[2026-05-25T21:29:16.679] [DEBUG] debug-file - Incremental task effectkitsample:default@PreBuild post-execution cost:2 ms .
[2026-05-25T21:29:16.679] [DEBUG] debug-file - Update task effectkitsample:default@CreateModuleInfo output file:D:\f\effect-kit-master\entry\build\default\generated\profile\default\ModuleInfo.ts cache.
[2026-05-25T21:29:16.679] [DEBUG] debug-file - Incremental task effectkitsample:default@CreateModuleInfo post-execution cost:1 ms .
[2026-05-25T21:29:16.679] [DEBUG] debug-file - There is no need to refresh cache, since the incremental task effectkitsample:default@GenerateMetadata is up-to-date.
[2026-05-25T21:29:16.679] [DEBUG] debug-file - There is no need to refresh cache, since the incremental task effectkitsample:default@MergeProfile is up-to-date.
[2026-05-25T21:29:16.679] [DEBUG] debug-file - There is no need to refresh cache, since the incremental task effectkitsample:default@CreateBuildProfile is up-to-date.
[2026-05-25T21:29:16.679] [DEBUG] debug-file - Update task effectkitsample:default@GeneratePkgContextInfo output file:D:\f\effect-kit-master\entry\build\default\intermediates\loader\default\pkgContextInfo.json cache.
[2026-05-25T21:29:16.679] [DEBUG] debug-file - Incremental task effectkitsample:default@GeneratePkgContextInfo post-execution cost:1 ms .
[2026-05-25T21:29:16.679] [DEBUG] debug-file - There is no need to refresh cache, since the incremental task effectkitsample:default@GeneratePkgSdkInfo is up-to-date.
[2026-05-25T21:29:16.679] [DEBUG] debug-file - Update task effectkitsample:default@ProcessIntegratedHsp output file:D:\f\effect-kit-master\build\cache\default\integrated_hsp\integratedHspCache.json cache.
[2026-05-25T21:29:16.679] [DEBUG] debug-file - Incremental task effectkitsample:default@ProcessIntegratedHsp post-execution cost:1 ms .
[2026-05-25T21:29:16.679] [DEBUG] debug-file - There is no need to refresh cache, since the incremental task effectkitsample:default@MakePackInfo is up-to-date.
[2026-05-25T21:29:16.679] [DEBUG] debug-file - Update task effectkitsample:default@SyscapTransform input file:C:\Program Files\Huawei\DevEco Studio\sdk\default\openharmony\toolchains\syscap_tool.exe cache by regenerate.
[2026-05-25T21:29:16.679] [DEBUG] debug-file - Update task effectkitsample:default@SyscapTransform input file:C:\Program Files\Huawei\DevEco Studio\sdk\default\openharmony\ets\api\device-define cache by regenerate.
[2026-05-25T21:29:16.680] [DEBUG] debug-file - Update task effectkitsample:default@SyscapTransform output file:D:\f\effect-kit-master\entry\build\default\intermediates\syscap\default\rpcid.sc cache.
[2026-05-25T21:29:16.680] [DEBUG] debug-file - Incremental task effectkitsample:default@SyscapTransform post-execution cost:1 ms .
[2026-05-25T21:29:16.680] [DEBUG] debug-file - There is no need to refresh cache, since the incremental task effectkitsample:default@ProcessProfile is up-to-date.
[2026-05-25T21:29:16.680] [DEBUG] debug-file - There is no need to refresh cache, since the incremental task effectkitsample:default@ProcessRouterMap is up-to-date.
[2026-05-25T21:29:16.680] [DEBUG] debug-file - There is no need to refresh cache, since the incremental task effectkitsample:default@ProcessShareConfig is up-to-date.
[2026-05-25T21:29:16.680] [DEBUG] debug-file - Update task effectkitsample:default@ProcessStartupConfig output file:D:\f\effect-kit-master\entry\build\default\intermediates\startup\default\startup_config.json cache.
[2026-05-25T21:29:16.680] [DEBUG] debug-file - Incremental task effectkitsample:default@ProcessStartupConfig post-execution cost:1 ms .
[2026-05-25T21:29:16.680] [DEBUG] debug-file - There is no need to refresh cache, since the incremental task effectkitsample:default@ProcessResource is up-to-date.
[2026-05-25T21:29:16.680] [DEBUG] debug-file - There is no need to refresh cache, since the incremental task effectkitsample:default@GenerateLoaderJson is up-to-date.
[2026-05-25T21:29:16.680] [DEBUG] debug-file - There is no need to refresh cache, since the incremental task effectkitsample:default@ProcessLibs is up-to-date.
[2026-05-25T21:29:16.680] [DEBUG] debug-file - There is no need to refresh cache, since the incremental task effectkitsample:default@CompileResource is up-to-date.
[2026-05-25T21:29:16.680] [DEBUG] debug-file - There is no need to refresh cache, since the incremental task effectkitsample:default@DoNativeStrip is up-to-date.
[2026-05-25T21:29:16.680] [DEBUG] debug-file - There is no need to refresh cache, since the incremental task effectkitsample:default@CompileArkTS is up-to-date.
[2026-05-25T21:29:16.681] [DEBUG] debug-file - Update task effectkitsample:default@BuildJS input file:D:\f\effect-kit-master\entry\build\default\intermediates\loader\default cache by regenerate.
[2026-05-25T21:29:16.681] [DEBUG] debug-file - Update task effectkitsample:default@BuildJS input file:D:\f\effect-kit-master\entry\build\default\intermediates\res\default\ResourceTable.txt cache by regenerate.
[2026-05-25T21:29:16.681] [DEBUG] debug-file - Update task effectkitsample:default@BuildJS input file:D:\f\effect-kit-master\entry\build\default\intermediates\res\default\ark_module.json cache by regenerate.
[2026-05-25T21:29:16.681] [DEBUG] debug-file - Update task effectkitsample:default@BuildJS input file:D:\f\effect-kit-master\entry\build\default\intermediates\res\default\resources\base\profile cache by regenerate.
[2026-05-25T21:29:16.681] [DEBUG] debug-file - Update task effectkitsample:default@BuildJS output file:D:\f\effect-kit-master\entry\build\default\intermediates\loader_out\default\js cache.
[2026-05-25T21:29:16.682] [DEBUG] debug-file - Incremental task effectkitsample:default@BuildJS post-execution cost:2 ms .
[2026-05-25T21:29:16.682] [DEBUG] debug-file - There is no need to refresh cache, since the incremental task effectkitsample:default@CacheNativeLibs is up-to-date.
[2026-05-25T21:29:16.682] [DEBUG] debug-file - There is no need to refresh cache, since the incremental task effectkitsample:default@GeneratePkgModuleJson is up-to-date.
[2026-05-25T21:29:16.682] [DEBUG] debug-file - Incremental task effectkitsample:default@ProcessCompiledResources post-execution cost:1 ms .
[2026-05-25T21:29:16.682] [DEBUG] debug-file - There is no need to refresh cache, since the incremental task effectkitsample:default@PackageHap is up-to-date.
[2026-05-25T21:29:16.682] [DEBUG] debug-file - Update task effectkitsample:default@SignHap input file:D:\f\effect-kit-master\entry\build\default\outputs\default\effectkitsample-default-unsigned.hap cache by regenerate.
[2026-05-25T21:29:16.682] [DEBUG] debug-file - Update task effectkitsample:default@SignHap output file:D:\f\effect-kit-master\entry\build\default\outputs\default\effectkitsample-default-signed.hap cache.
[2026-05-25T21:29:16.682] [DEBUG] debug-file - Incremental task effectkitsample:default@SignHap post-execution cost:1 ms .
[2026-05-25T21:29:16.682] [DEBUG] debug-file - Update task effectkitsample:default@CollectDebugSymbol input file:D:\f\effect-kit-master\entry\build\default\intermediates\loader_out\default\ets\sourceMaps.map cache by regenerate.
[2026-05-25T21:29:16.682] [DEBUG] debug-file - Update task effectkitsample:default@CollectDebugSymbol input file:D:\f\effect-kit-master\entry\build\default\intermediates\libs\default cache by regenerate.
[2026-05-25T21:29:16.683] [DEBUG] debug-file - Update task effectkitsample:default@CollectDebugSymbol output file:D:\f\effect-kit-master\entry\build\default\outputs\default\symbol cache.
[2026-05-25T21:29:16.683] [DEBUG] debug-file - Incremental task effectkitsample:default@CollectDebugSymbol post-execution cost:1 ms .
[2026-05-25T21:29:16.696] [DEBUG] debug-file - hvigor build process will be closed.
[2026-05-25T21:29:16.701] [DEBUG] debug-file - session manager: send message to worker process.
[2026-05-25T21:29:16.701] [DEBUG] debug-file - session manager: send message to worker process.
[2026-05-25T21:29:16.711] [DEBUG] debug-file - watch worker: worker id should be larger than 0. Nothing will be sent to any worker thread.
[2026-05-25T21:29:16.712] [DEBUG] debug-file - watch worker: worker id should be larger than 0. Nothing will be sent to any worker thread.
[2026-05-26T19:35:19.322] [DEBUG] debug-file - env: nodejsVersion=v18.20.1
[2026-05-26T19:35:19.611] [DEBUG] debug-file - env: daemon=true
[2026-05-26T19:35:19.323] [DEBUG] debug-file - env: hvigor-config.json5 content = {
  modelVersion: '5.0.0',
  dependencies: {},
  execution: {},
  logging: {},
  debugging: {},
  nodeOptions: {}
}
[2026-05-26T19:35:20.622] [DEBUG] debug-file - hvigor java daemon: Starting java daemon. jvmXmxValue=512m, jarPath=C:\Program Files\Huawei\DevEco Studio\tools\hvigor\hvigor\lib\hvigor-java-daemon.jar
[2026-05-26T19:35:20.623] [DEBUG] debug-file - hvigor java daemon: Read cache file, 
    port=45050, pid=21676, sessionId exists=true
[2026-05-26T19:35:20.643] [DEBUG] debug-file - hvigor java daemon: tryConnect failed, Error: connect ECONNREFUSED 127.0.0.1:45050, will start new daemon
[2026-05-26T19:35:20.780] [DEBUG] debug-file - java daemon started at port 45050 pid 11144
[2026-05-26T19:35:20.806] [DEBUG] debug-file - session manager: set active socket. socketId=xffAXas5_OpT5e39AAAB
[2026-05-26T19:35:21.294] [DEBUG] debug-file - watch worker: worker id should be larger than 0. Nothing will be sent to any worker thread.
[2026-05-26T19:35:21.298] [DEBUG] debug-file - Since there is no instance or instance is terminated, create a new worker pool.
[2026-05-26T19:35:21.299] [DEBUG] debug-file - Worker pool is initialized with config:  {
  minPoolNum: 2,
  maxPoolNum: undefined,
  maxCoreSize: undefined,
  cacheCapacity: undefined,
  cacheTtl: undefined
}
[2026-05-26T19:35:21.300] [DEBUG] debug-file - Create  resident worker with id: 0.
[2026-05-26T19:35:21.301] [DEBUG] debug-file - Create  resident worker with id: 1.
[2026-05-26T19:35:21.303] [DEBUG] debug-file - Workers' log level updated to INFO
[2026-05-26T19:35:21.308] [DEBUG] debug-file - Hvigor init with startParameters:{
  hvigorfileTypeCheck: false,
  parallelExecution: true,
  incrementalExecution: true,
  printStackTrace: false,
  daemon: true,
  analyze: 0,
  logLevel: Level { level: 20000, levelStr: 'INFO', colour: 'green' },
  optimizationStrategy: 'memory',
  hotCompile: undefined,
  hotReloadBuild: undefined,
  customizedParam: undefined
}
[2026-05-26T19:35:21.320] [DEBUG] debug-file - Cache service initialization finished in 13 ms 
[2026-05-26T19:35:21.322] [DEBUG] debug-file - hvigorfile, resolving D:\f\effect-kit-master\hvigorfile.ts
[2026-05-26T19:35:23.214] [DEBUG] debug-file - hvigorfile, require result:  { default: { plugins: [] } }
[2026-05-26T19:35:23.214] [DEBUG] debug-file - hvigorfile, binding system plugins null
[2026-05-26T19:35:23.215] [DEBUG] debug-file - Starting plugin build process
[2026-05-26T19:35:23.215] [DEBUG] debug-file - App plugin prepare start...
[2026-05-26T19:35:23.215] [DEBUG] debug-file - App plugin prepare end...
[2026-05-26T19:35:23.215] [DEBUG] debug-file - App plugin creating...
[2026-05-26T19:35:23.359] [DEBUG] debug-file - App plugin register hook start...
[2026-05-26T19:35:23.359] [DEBUG] debug-file - App plugin register hook end...
[2026-05-26T19:35:23.359] [DEBUG] debug-file - Plugin build process completed
[2026-05-26T19:35:23.360] [DEBUG] debug-file - Start initialize project's product build option map with build mode debug.
[2026-05-26T19:35:23.360] [DEBUG] debug-file - Picking option from product 'default' with build mode 'debug'.
[2026-05-26T19:35:23.360] [DEBUG] debug-file - Product 'default' build option initialized
[2026-05-26T19:35:23.360] [DEBUG] debug-file - End initialize project's product build option map with build mode 'debug'.
[2026-05-26T19:35:23.362] [DEBUG] debug-file - Obtain build option for product 'default'in this build.
[2026-05-26T19:35:23.363] [DEBUG] debug-file - not found resModel json file in : D:\f\effect-kit-master\entry\src\ohosTest\module.json5
[2026-05-26T19:35:23.368] [DEBUG] debug-file - No signingConfig found, initRemoteHspCache failed.
[2026-05-26T19:35:23.369] [DEBUG] debug-file - Local scan or download HarmonyOS sdk components toolchains,ets,js,native,previewer
[2026-05-26T19:35:23.374] [DEBUG] debug-file - Local scan or download hmscore sdk components toolchains,ets,native
[2026-05-26T19:35:23.377] [DEBUG] debug-file - Start recording SDK configuration permission data.
[2026-05-26T19:35:23.406] [DEBUG] debug-file - Sdk init in 38 ms 
[2026-05-26T19:35:23.412] [DEBUG] debug-file - Project task initialization takes 5 ms 
[2026-05-26T19:35:23.412] [DEBUG] debug-file - hvigorfile, begin to bind custom plugins...
[2026-05-26T19:35:23.412] [DEBUG] debug-file - hvigorfile, no custom plugins were found in D:\f\effect-kit-master\hvigorfile.ts
[2026-05-26T19:35:23.412] [DEBUG] debug-file - hvigorfile, resolve finished D:\f\effect-kit-master\hvigorfile.ts
[2026-05-26T19:35:23.413] [DEBUG] debug-file - hvigorfile, resolving D:\f\effect-kit-master\entry\hvigorfile.ts
[2026-05-26T19:35:23.417] [DEBUG] debug-file - hvigorfile, require result:  { default: { plugins: [] } }
[2026-05-26T19:35:23.417] [DEBUG] debug-file - hvigorfile, binding system plugins null
[2026-05-26T19:35:23.417] [DEBUG] debug-file - Starting plugin build process
[2026-05-26T19:35:23.417] [DEBUG] debug-file - Hap plugin creating...
[2026-05-26T19:35:23.418] [DEBUG] debug-file - failed to load cangjie to dynamically generate schemas: Error: Cannot find module '@ohos/cangjie-build-support/index'
Require stack:
- C:\Program Files\Huawei\DevEco Studio\tools\hvigor\hvigor-ohos-plugin\src\plugin\hooks\cangjie-register.js
- C:\Program Files\Huawei\DevEco Studio\tools\hvigor\hvigor-ohos-plugin\src\plugin\strategy\stage-init-strategy.js
- C:\Program Files\Huawei\DevEco Studio\tools\hvigor\hvigor-ohos-plugin\src\plugin\builder\abstract-plugin-builder.js
- C:\Program Files\Huawei\DevEco Studio\tools\hvigor\hvigor-ohos-plugin\src\plugin\builder\app-plugin-builder.js
- C:\Program Files\Huawei\DevEco Studio\tools\hvigor\hvigor-ohos-plugin\src\plugin\factory\plugin-factory.js
- C:\Program Files\Huawei\DevEco Studio\tools\hvigor\hvigor-ohos-plugin\index.js
- D:\f\effect-kit-master\hvigorfile.ts
- C:\Program Files\Huawei\DevEco Studio\tools\hvigor\hvigor\src\base\internal\lifecycle\configuration.js
- C:\Program Files\Huawei\DevEco Studio\tools\hvigor\hvigor\src\base\boot\index.js
- C:\Program Files\Huawei\DevEco Studio\tools\hvigor\hvigor\src\base\daemon\cluster\worker-process-lifecycle.js
- C:\Program Files\Huawei\DevEco Studio\tools\hvigor\hvigor\src\base\daemon\process\daemon-process-boot-script.js
[2026-05-26T19:35:23.429] [DEBUG] debug-file - Start initialize module-target build option map, moduleName=effectkitsample, buildMode=debug
[2026-05-26T19:35:23.429] [DEBUG] debug-file - Target 'default' config initialized
[2026-05-26T19:35:23.430] [DEBUG] debug-file - Target 'ohosTest' config initialized
[2026-05-26T19:35:23.430] [DEBUG] debug-file - Module 'effectkitsample' target 'default' build option initialized
[2026-05-26T19:35:23.430] [DEBUG] debug-file - Module 'effectkitsample' target 'ohosTest' build option initialized
[2026-05-26T19:35:23.430] [DEBUG] debug-file - End initialize module-target build option map, moduleName=effectkitsample
[2026-05-26T19:35:23.430] [DEBUG] debug-file - Start initialize module-target build option map, moduleName=effectkitsample, buildMode=release
[2026-05-26T19:35:23.430] [DEBUG] debug-file - Target 'default' config initialized
[2026-05-26T19:35:23.430] [DEBUG] debug-file - Target 'ohosTest' config initialized
[2026-05-26T19:35:23.430] [DEBUG] debug-file - Module 'effectkitsample' target 'default' build option initialized
[2026-05-26T19:35:23.430] [DEBUG] debug-file - Module 'effectkitsample' target 'ohosTest' build option initialized
[2026-05-26T19:35:23.431] [DEBUG] debug-file - End initialize module-target build option map, moduleName=effectkitsample
[2026-05-26T19:35:23.431] [DEBUG] debug-file - Start initialize module-target build option map, moduleName=effectkitsample, buildMode=debug
[2026-05-26T19:35:23.431] [DEBUG] debug-file - Target 'default' config initialized
[2026-05-26T19:35:23.431] [DEBUG] debug-file - Target 'ohosTest' config initialized
[2026-05-26T19:35:23.431] [DEBUG] debug-file - Module 'effectkitsample' target 'default' build option initialized
[2026-05-26T19:35:23.431] [DEBUG] debug-file - Module 'effectkitsample' target 'ohosTest' build option initialized
[2026-05-26T19:35:23.431] [DEBUG] debug-file - End initialize module-target build option map, moduleName=effectkitsample
[2026-05-26T19:35:23.431] [DEBUG] debug-file - Obtain build option for module 'effectkitsample' target 'default'in this build.
[2026-05-26T19:35:23.435] [DEBUG] debug-file - Module effectkitsample task initialization takes 3 ms 
[2026-05-26T19:35:23.435] [DEBUG] debug-file - Hap plugin register hook start...
[2026-05-26T19:35:23.435] [DEBUG] debug-file - Hap plugin register hook end...
[2026-05-26T19:35:23.435] [DEBUG] debug-file - Plugin build process completed
[2026-05-26T19:35:23.435] [DEBUG] debug-file - hvigorfile, begin to bind custom plugins...
[2026-05-26T19:35:23.435] [DEBUG] debug-file - hvigorfile, no custom plugins were found in D:\f\effect-kit-master\entry\hvigorfile.ts
[2026-05-26T19:35:23.435] [DEBUG] debug-file - hvigorfile, resolve finished D:\f\effect-kit-master\entry\hvigorfile.ts
[2026-05-26T19:35:23.484] [DEBUG] debug-file - hvigorfile, resolve hvigorfile dependencies in 49 ms 
[2026-05-26T19:35:23.484] [DEBUG] debug-file - project has submodules:effectkitsample
[2026-05-26T19:35:23.486] [DEBUG] debug-file - start to load updatedOhPackageInfo to the disk
[2026-05-26T19:35:23.487] [DEBUG] debug-file - load to the disk finished
[2026-05-26T19:35:23.488] [DEBUG] debug-file - Start to initialize dependency information.
[2026-05-26T19:35:23.490] [DEBUG] debug-file - Module effect-kit-master Collected Dependency: 
[2026-05-26T19:35:23.490] [DEBUG] debug-file - Module effect-kit-master's total dependency: 0
[2026-05-26T19:35:23.491] [DEBUG] debug-file - Start to initialize dependency information.
[2026-05-26T19:35:23.492] [DEBUG] debug-file - Module effectkitsample Collected Dependency: 
[2026-05-26T19:35:23.493] [DEBUG] debug-file - Module effectkitsample's total dependency: 0
[2026-05-26T19:35:23.495] [DEBUG] debug-file - Configuration phase cost:2 s 175 ms 
[2026-05-26T19:35:23.497] [DEBUG] debug-file - Configuration task cost before running: 2 s 194 ms 
[2026-05-26T19:35:23.501] [DEBUG] debug-file - Executing task :effectkitsample:default@PreBuild
[2026-05-26T19:35:23.502] [DEBUG] debug-file - Task 'effectkitsample:default@PreBuild' cost while wrapping incremental declarations: 1 ms 
[2026-05-26T19:35:23.508] [DEBUG] debug-file - Incremental task effectkitsample:default@PreBuild pre-execution cost: 4 ms .
[2026-05-26T19:35:23.508] [DEBUG] debug-file - effectkitsample : default@PreBuild cost memory 0.4366455078125
[2026-05-26T19:35:23.509] [INFO] debug-file - UP-TO-DATE :effectkitsample:default@PreBuild...  
[2026-05-26T19:35:23.510] [DEBUG] debug-file - Executing task :effectkitsample:default@CreateModuleInfo
[2026-05-26T19:35:23.510] [DEBUG] debug-file - Task 'effectkitsample:default@CreateModuleInfo' cost while wrapping incremental declarations: 1 ms 
[2026-05-26T19:35:23.511] [DEBUG] debug-file - effectkitsample : default@CreateModuleInfo cost memory 0.0427398681640625
[2026-05-26T19:35:23.511] [DEBUG] debug-file - runTaskFromQueue task cost before running: 2 s 208 ms 
[2026-05-26T19:35:23.511] [INFO] debug-file - Finished :effectkitsample:default@CreateModuleInfo... after 1 ms 
[2026-05-26T19:35:23.512] [DEBUG] debug-file - Executing task :effectkitsample:default@GenerateMetadata
[2026-05-26T19:35:23.512] [DEBUG] debug-file - Task 'effectkitsample:default@GenerateMetadata' cost while wrapping incremental declarations: 1 ms 
[2026-05-26T19:35:23.513] [DEBUG] debug-file - Incremental task effectkitsample:default@GenerateMetadata pre-execution cost: 1 ms .
[2026-05-26T19:35:23.513] [DEBUG] debug-file - effectkitsample : default@GenerateMetadata cost memory 0.08527374267578125
[2026-05-26T19:35:23.513] [INFO] debug-file - UP-TO-DATE :effectkitsample:default@GenerateMetadata...  
[2026-05-26T19:35:23.514] [DEBUG] debug-file - Executing task :effectkitsample:default@ConfigureCmake
[2026-05-26T19:35:23.514] [DEBUG] debug-file - effectkitsample : default@ConfigureCmake cost memory 0.0146026611328125
[2026-05-26T19:35:23.514] [DEBUG] debug-file - runTaskFromQueue task cost before running: 2 s 211 ms 
[2026-05-26T19:35:23.514] [INFO] debug-file - Finished :effectkitsample:default@ConfigureCmake... after 1 ms 
[2026-05-26T19:35:23.515] [DEBUG] debug-file - Executing task :effectkitsample:default@MergeProfile
[2026-05-26T19:35:23.515] [DEBUG] debug-file - Task 'effectkitsample:default@MergeProfile' cost while wrapping incremental declarations: 1 ms 
[2026-05-26T19:35:23.518] [DEBUG] debug-file - Incremental task effectkitsample:default@MergeProfile pre-execution cost: 3 ms .
[2026-05-26T19:35:23.518] [DEBUG] debug-file - effectkitsample : default@MergeProfile cost memory 0.12868499755859375
[2026-05-26T19:35:23.519] [INFO] debug-file - UP-TO-DATE :effectkitsample:default@MergeProfile...  
[2026-05-26T19:35:23.522] [DEBUG] debug-file - Executing task :effectkitsample:default@CreateBuildProfile
[2026-05-26T19:35:23.523] [DEBUG] debug-file - Task 'effectkitsample:default@CreateBuildProfile' cost while wrapping incremental declarations: 2 ms 
[2026-05-26T19:35:23.526] [DEBUG] debug-file - Incremental task effectkitsample:default@CreateBuildProfile pre-execution cost: 3 ms .
[2026-05-26T19:35:23.527] [DEBUG] debug-file - effectkitsample : default@CreateBuildProfile cost memory 0.10955810546875
[2026-05-26T19:35:23.527] [INFO] debug-file - UP-TO-DATE :effectkitsample:default@CreateBuildProfile...  
[2026-05-26T19:35:23.529] [DEBUG] debug-file - Executing task :effectkitsample:default@PreCheckSyscap
[2026-05-26T19:35:23.529] [DEBUG] debug-file - effectkitsample : default@PreCheckSyscap cost memory 0.01474761962890625
[2026-05-26T19:35:23.529] [DEBUG] debug-file - runTaskFromQueue task cost before running: 2 s 226 ms 
[2026-05-26T19:35:23.530] [INFO] debug-file - Finished :effectkitsample:default@PreCheckSyscap... after 1 ms 
[2026-05-26T19:35:23.531] [DEBUG] debug-file - Executing task :effectkitsample:default@GeneratePkgContextInfo
[2026-05-26T19:35:23.534] [DEBUG] debug-file - Task 'effectkitsample:default@GeneratePkgContextInfo' cost while wrapping incremental declarations: 1 ms 
[2026-05-26T19:35:23.535] [DEBUG] debug-file - effectkitsample : default@GeneratePkgContextInfo cost memory 0.26087188720703125
[2026-05-26T19:35:23.535] [DEBUG] debug-file - runTaskFromQueue task cost before running: 2 s 232 ms 
[2026-05-26T19:35:23.535] [INFO] debug-file - Finished :effectkitsample:default@GeneratePkgContextInfo... after 5 ms 
[2026-05-26T19:35:23.536] [DEBUG] debug-file - Executing task :effectkitsample:default@GeneratePkgSdkInfo
[2026-05-26T19:35:23.537] [DEBUG] debug-file - Task 'effectkitsample:default@GeneratePkgSdkInfo' cost while wrapping incremental declarations: 1 ms 
[2026-05-26T19:35:23.537] [DEBUG] debug-file - Incremental task effectkitsample:default@GeneratePkgSdkInfo pre-execution cost: 1 ms .
[2026-05-26T19:35:23.538] [DEBUG] debug-file - effectkitsample : default@GeneratePkgSdkInfo cost memory 0.12427520751953125
[2026-05-26T19:35:23.538] [INFO] debug-file - UP-TO-DATE :effectkitsample:default@GeneratePkgSdkInfo...  
[2026-05-26T19:35:23.540] [DEBUG] debug-file - Executing task :effectkitsample:default@ProcessIntegratedHsp
[2026-05-26T19:35:23.540] [DEBUG] debug-file - effectkitsample:default@ProcessIntegratedHsp is not up-to-date, since the output file 'D:\f\effect-kit-master\build\cache\default\integrated_hsp\integratedHspCache.json' does not exist.
[2026-05-26T19:35:23.541] [DEBUG] debug-file - Incremental task effectkitsample:default@ProcessIntegratedHsp pre-execution cost: 1 ms .
[2026-05-26T19:35:23.541] [DEBUG] debug-file - effectkitsample : default@ProcessIntegratedHsp cost memory 0.05605316162109375
[2026-05-26T19:35:23.541] [DEBUG] debug-file - runTaskFromQueue task cost before running: 2 s 238 ms 
[2026-05-26T19:35:23.541] [INFO] debug-file - Finished :effectkitsample:default@ProcessIntegratedHsp... after 1 ms 
[2026-05-26T19:35:23.542] [DEBUG] debug-file - Executing task :effectkitsample:default@BuildNativeWithCmake
[2026-05-26T19:35:23.542] [DEBUG] debug-file - effectkitsample : default@BuildNativeWithCmake cost memory 0.0150604248046875
[2026-05-26T19:35:23.542] [DEBUG] debug-file - runTaskFromQueue task cost before running: 2 s 239 ms 
[2026-05-26T19:35:23.542] [INFO] debug-file - Finished :effectkitsample:default@BuildNativeWithCmake... after 1 ms 
[2026-05-26T19:35:23.543] [DEBUG] debug-file - Executing task :effectkitsample:default@MakePackInfo
[2026-05-26T19:35:23.544] [DEBUG] debug-file - Incremental task effectkitsample:default@MakePackInfo pre-execution cost: 1 ms .
[2026-05-26T19:35:23.544] [DEBUG] debug-file - effectkitsample : default@MakePackInfo cost memory 0.13312530517578125
[2026-05-26T19:35:23.544] [INFO] debug-file - UP-TO-DATE :effectkitsample:default@MakePackInfo...  
[2026-05-26T19:35:23.545] [DEBUG] debug-file - Executing task :effectkitsample:default@SyscapTransform
[2026-05-26T19:35:23.545] [DEBUG] debug-file - File: 'D:\f\effect-kit-master\entry\src\main\syscap.json' from 'sysCapJsonPath' is not exists, just ignore.
[2026-05-26T19:35:23.546] [DEBUG] debug-file - Task 'effectkitsample:default@SyscapTransform' cost while wrapping incremental declarations: 1 ms 
[2026-05-26T19:35:23.558] [DEBUG] debug-file - effectkitsample:default@SyscapTransform is not up-to-date, since the output file 'D:\f\effect-kit-master\entry\build\default\intermediates\syscap\default\rpcid.sc' does not exist.
[2026-05-26T19:35:23.558] [DEBUG] debug-file - Incremental task effectkitsample:default@SyscapTransform pre-execution cost: 13 ms .
[2026-05-26T19:35:23.558] [DEBUG] debug-file - effectkitsample : default@SyscapTransform cost memory 0.2501068115234375
[2026-05-26T19:35:23.559] [DEBUG] debug-file - runTaskFromQueue task cost before running: 2 s 256 ms 
[2026-05-26T19:35:23.559] [INFO] debug-file - Finished :effectkitsample:default@SyscapTransform... after 14 ms 
[2026-05-26T19:35:23.560] [DEBUG] debug-file - Executing task :effectkitsample:default@ProcessProfile
[2026-05-26T19:35:23.561] [DEBUG] debug-file - Task 'effectkitsample:default@ProcessProfile' cost while wrapping incremental declarations: 1 ms 
[2026-05-26T19:35:23.562] [DEBUG] debug-file - Incremental task effectkitsample:default@ProcessProfile pre-execution cost: 1 ms .
[2026-05-26T19:35:23.562] [DEBUG] debug-file - effectkitsample : default@ProcessProfile cost memory 0.1291351318359375
[2026-05-26T19:35:23.562] [INFO] debug-file - UP-TO-DATE :effectkitsample:default@ProcessProfile...  
[2026-05-26T19:35:23.563] [DEBUG] debug-file - Executing task :effectkitsample:default@ProcessRouterMap
[2026-05-26T19:35:23.564] [DEBUG] debug-file - Incremental task effectkitsample:default@ProcessRouterMap pre-execution cost: 1 ms .
[2026-05-26T19:35:23.564] [DEBUG] debug-file - effectkitsample : default@ProcessRouterMap cost memory 0.12384033203125
[2026-05-26T19:35:23.564] [INFO] debug-file - UP-TO-DATE :effectkitsample:default@ProcessRouterMap...  
[2026-05-26T19:35:23.565] [DEBUG] debug-file - Executing task :effectkitsample:default@ProcessShareConfig
[2026-05-26T19:35:23.566] [DEBUG] debug-file - Incremental task effectkitsample:default@ProcessShareConfig pre-execution cost: 1 ms .
[2026-05-26T19:35:23.566] [DEBUG] debug-file - effectkitsample : default@ProcessShareConfig cost memory 0.1009979248046875
[2026-05-26T19:35:23.566] [INFO] debug-file - UP-TO-DATE :effectkitsample:default@ProcessShareConfig...  
[2026-05-26T19:35:23.567] [DEBUG] debug-file - Executing task :effectkitsample:default@ProcessStartupConfig
[2026-05-26T19:35:23.567] [DEBUG] debug-file - Task 'effectkitsample:default@ProcessStartupConfig' cost while wrapping incremental declarations: 1 ms 
[2026-05-26T19:35:23.568] [DEBUG] debug-file - effectkitsample:default@ProcessStartupConfig is not up-to-date, since the output file 'D:\f\effect-kit-master\entry\build\default\intermediates\startup\default\startup_config.json' does not exist.
[2026-05-26T19:35:23.568] [DEBUG] debug-file - Incremental task effectkitsample:default@ProcessStartupConfig pre-execution cost: 1 ms .
[2026-05-26T19:35:23.568] [DEBUG] debug-file - effectkitsample : default@ProcessStartupConfig cost memory 0.089508056640625
[2026-05-26T19:35:23.568] [DEBUG] debug-file - runTaskFromQueue task cost before running: 2 s 265 ms 
[2026-05-26T19:35:23.568] [INFO] debug-file - Finished :effectkitsample:default@ProcessStartupConfig... after 1 ms 
[2026-05-26T19:35:23.571] [DEBUG] debug-file - Executing task :effectkitsample:default@BuildNativeWithNinja
[2026-05-26T19:35:23.572] [DEBUG] debug-file - effectkitsample : default@BuildNativeWithNinja cost memory 0.01993560791015625
[2026-05-26T19:35:23.572] [DEBUG] debug-file - runTaskFromQueue task cost before running: 2 s 269 ms 
[2026-05-26T19:35:23.572] [INFO] debug-file - Finished :effectkitsample:default@BuildNativeWithNinja... after 1 ms 
[2026-05-26T19:35:23.573] [DEBUG] debug-file - restool module names: effectkitsample; moduleName=effectkitsample, taskName=default@ProcessResource
[2026-05-26T19:35:23.575] [DEBUG] debug-file - Executing task :effectkitsample:default@ProcessResource
[2026-05-26T19:35:23.575] [DEBUG] debug-file - Task 'effectkitsample:default@ProcessResource' cost while wrapping incremental declarations: 1 ms 
[2026-05-26T19:35:23.576] [DEBUG] debug-file - Incremental task effectkitsample:default@ProcessResource pre-execution cost: 1 ms .
[2026-05-26T19:35:23.576] [DEBUG] debug-file - effectkitsample : default@ProcessResource cost memory 0.1347503662109375
[2026-05-26T19:35:23.577] [INFO] debug-file - UP-TO-DATE :effectkitsample:default@ProcessResource...  
[2026-05-26T19:35:23.578] [DEBUG] debug-file - Executing task :effectkitsample:default@GenerateLoaderJson
[2026-05-26T19:35:23.579] [DEBUG] debug-file - Task 'effectkitsample:default@GenerateLoaderJson' cost while wrapping incremental declarations: 1 ms 
[2026-05-26T19:35:23.583] [DEBUG] debug-file - Incremental task effectkitsample:default@GenerateLoaderJson pre-execution cost: 3 ms .
[2026-05-26T19:35:23.584] [DEBUG] debug-file - effectkitsample : default@GenerateLoaderJson cost memory 0.42810821533203125
[2026-05-26T19:35:23.585] [INFO] debug-file - UP-TO-DATE :effectkitsample:default@GenerateLoaderJson...  
[2026-05-26T19:35:23.586] [DEBUG] debug-file - Executing task :effectkitsample:default@ProcessLibs
[2026-05-26T19:35:23.588] [DEBUG] debug-file - Incremental task effectkitsample:default@ProcessLibs pre-execution cost: 1 ms .
[2026-05-26T19:35:23.588] [DEBUG] debug-file - effectkitsample : default@ProcessLibs cost memory 0.09584808349609375
[2026-05-26T19:35:23.588] [INFO] debug-file - UP-TO-DATE :effectkitsample:default@ProcessLibs...  
[2026-05-26T19:35:23.589] [DEBUG] debug-file - restool module names: effectkitsample; moduleName=effectkitsample, taskName=default@CompileResource
[2026-05-26T19:35:23.589] [DEBUG] debug-file - Executing task :effectkitsample:default@CompileResource
[2026-05-26T19:35:23.601] [DEBUG] debug-file - Incremental task effectkitsample:default@CompileResource pre-execution cost: 11 ms .
[2026-05-26T19:35:23.601] [DEBUG] debug-file - effectkitsample : default@CompileResource cost memory 0.7482070922851562
[2026-05-26T19:35:23.602] [INFO] debug-file - UP-TO-DATE :effectkitsample:default@CompileResource...  
[2026-05-26T19:35:23.603] [DEBUG] debug-file - Executing task :effectkitsample:default@DoNativeStrip
[2026-05-26T19:35:23.603] [DEBUG] debug-file - File: 'D:\f\effect-kit-master\entry\build\default\intermediates\binxo\default' from 'doBinxoNativeLibs' is not exists, just ignore.
[2026-05-26T19:35:23.603] [DEBUG] debug-file - Task 'effectkitsample:default@DoNativeStrip' cost while wrapping incremental declarations: 1 ms 
[2026-05-26T19:35:23.604] [DEBUG] debug-file - Incremental task effectkitsample:default@DoNativeStrip pre-execution cost: 1 ms .
[2026-05-26T19:35:23.604] [DEBUG] debug-file - effectkitsample : default@DoNativeStrip cost memory 0.0928802490234375
[2026-05-26T19:35:23.604] [INFO] debug-file - UP-TO-DATE :effectkitsample:default@DoNativeStrip...  
[2026-05-26T19:35:23.605] [DEBUG] debug-file - Executing task :effectkitsample:default@CompileArkTS
[2026-05-26T19:35:23.606] [DEBUG] debug-file - obfuscationOptions: undefined
[2026-05-26T19:35:23.606] [DEBUG] debug-file - Task 'effectkitsample:default@CompileArkTS' cost while wrapping incremental declarations: 1 ms 
[2026-05-26T19:35:23.612] [DEBUG] debug-file - Incremental task effectkitsample:default@CompileArkTS pre-execution cost: 5 ms .
[2026-05-26T19:35:23.612] [DEBUG] debug-file - effectkitsample : default@CompileArkTS cost memory 0.5342559814453125
[2026-05-26T19:35:23.613] [INFO] debug-file - UP-TO-DATE :effectkitsample:default@CompileArkTS...  
[2026-05-26T19:35:23.614] [DEBUG] debug-file - Executing task :effectkitsample:default@BuildJS
[2026-05-26T19:35:23.614] [DEBUG] debug-file - Task 'effectkitsample:default@BuildJS' cost while wrapping incremental declarations: 1 ms 
[2026-05-26T19:35:23.615] [DEBUG] debug-file - effectkitsample : default@BuildJS cost memory 0.14089202880859375
[2026-05-26T19:35:23.615] [DEBUG] debug-file - runTaskFromQueue task cost before running: 2 s 312 ms 
[2026-05-26T19:35:23.615] [INFO] debug-file - Finished :effectkitsample:default@BuildJS... after 2 ms 
[2026-05-26T19:35:23.616] [DEBUG] debug-file - Executing task :effectkitsample:default@CacheNativeLibs
[2026-05-26T19:35:23.617] [DEBUG] debug-file - File: 'D:\f\effect-kit-master\entry\build\default\intermediates\binxo\default' from 'cacheBinxoNativeLibs' is not exists, just ignore.
[2026-05-26T19:35:23.617] [DEBUG] debug-file - Task 'effectkitsample:default@CacheNativeLibs' cost while wrapping incremental declarations: 1 ms 
[2026-05-26T19:35:23.617] [DEBUG] debug-file - Incremental task effectkitsample:default@CacheNativeLibs pre-execution cost: 1 ms .
[2026-05-26T19:35:23.618] [DEBUG] debug-file - effectkitsample : default@CacheNativeLibs cost memory 0.120819091796875
[2026-05-26T19:35:23.618] [INFO] debug-file - UP-TO-DATE :effectkitsample:default@CacheNativeLibs...  
[2026-05-26T19:35:23.618] [DEBUG] debug-file - Executing task :effectkitsample:default@GeneratePkgModuleJson
[2026-05-26T19:35:23.618] [DEBUG] debug-file - File: 'D:\f\effect-kit-master\entry\build\default\intermediates\preload\default\preload.json' from 'preloadSoJsonPath' is not exists, just ignore.
[2026-05-26T19:35:23.619] [DEBUG] debug-file - Error occurs while handling @Input 'shouldDeduplicateHar': The "data" argument must be of type string or an instance of Buffer, TypedArray, or DataView. Received undefined
[2026-05-26T19:35:23.619] [DEBUG] debug-file - Task 'effectkitsample:default@GeneratePkgModuleJson' cost while wrapping incremental declarations: 1 ms 
[2026-05-26T19:35:23.619] [DEBUG] debug-file - Incremental task effectkitsample:default@GeneratePkgModuleJson pre-execution cost: 1 ms .
[2026-05-26T19:35:23.619] [DEBUG] debug-file - effectkitsample : default@GeneratePkgModuleJson cost memory 0.1043853759765625
[2026-05-26T19:35:23.619] [INFO] debug-file - UP-TO-DATE :effectkitsample:default@GeneratePkgModuleJson...  
[2026-05-26T19:35:23.620] [DEBUG] debug-file - Executing task :effectkitsample:default@ProcessCompiledResources
[2026-05-26T19:35:23.620] [DEBUG] debug-file - File: 'D:\f\effect-kit-master\entry\build\default\intermediates\preload\default\preload.json' from 'preloadSoJsonPath' is not exists, just ignore.
[2026-05-26T19:35:23.620] [DEBUG] debug-file - Task 'effectkitsample:default@ProcessCompiledResources' cost while wrapping incremental declarations: 1 ms 
[2026-05-26T19:35:23.621] [DEBUG] debug-file - effectkitsample : default@ProcessCompiledResources cost memory 0.05837249755859375
[2026-05-26T19:35:23.621] [DEBUG] debug-file - runTaskFromQueue task cost before running: 2 s 318 ms 
[2026-05-26T19:35:23.621] [INFO] debug-file - Finished :effectkitsample:default@ProcessCompiledResources... after 1 ms 
[2026-05-26T19:35:23.622] [DEBUG] debug-file - Executing task :effectkitsample:default@PackageHap
[2026-05-26T19:35:23.629] [DEBUG] debug-file - Incremental task effectkitsample:default@PackageHap pre-execution cost: 6 ms .
[2026-05-26T19:35:23.629] [DEBUG] debug-file - effectkitsample : default@PackageHap cost memory 0.5211868286132812
[2026-05-26T19:35:23.630] [INFO] debug-file - UP-TO-DATE :effectkitsample:default@PackageHap...  
[2026-05-26T19:35:23.630] [DEBUG] debug-file - Executing task :effectkitsample:default@PackingCheck
[2026-05-26T19:35:23.635] [DEBUG] debug-file - effectkitsample : default@PackingCheck cost memory 0.7815322875976562
[2026-05-26T19:35:23.635] [DEBUG] debug-file - runTaskFromQueue task cost before running: 2 s 332 ms 
[2026-05-26T19:35:23.635] [INFO] debug-file - Finished :effectkitsample:default@PackingCheck... after 5 ms 
[2026-05-26T19:35:23.636] [DEBUG] debug-file - Executing task :effectkitsample:default@SignHap
[2026-05-26T19:35:23.636] [WARN] debug-file - Will skip sign 'hos_hap'. No signingConfigs profile is configured in current project.
             If needed, configure the signingConfigs in D:\f\effect-kit-master\build-profile.json5.
[2026-05-26T19:35:23.637] [DEBUG] debug-file - effectkitsample:default@SignHap is not up-to-date, since the output file 'D:\f\effect-kit-master\entry\build\default\outputs\default\effectkitsample-default-signed.hap' does not exist.
[2026-05-26T19:35:23.637] [DEBUG] debug-file - Incremental task effectkitsample:default@SignHap pre-execution cost: 1 ms .
[2026-05-26T19:35:23.637] [DEBUG] debug-file - effectkitsample : default@SignHap cost memory 0.09173583984375
[2026-05-26T19:35:23.637] [DEBUG] debug-file - runTaskFromQueue task cost before running: 2 s 334 ms 
[2026-05-26T19:35:23.638] [INFO] debug-file - Finished :effectkitsample:default@SignHap... after 2 ms 
[2026-05-26T19:35:23.638] [DEBUG] debug-file - Executing task :effectkitsample:default@CollectDebugSymbol
[2026-05-26T19:35:23.639] [DEBUG] debug-file - effectkitsample : default@CollectDebugSymbol cost memory 0.0902099609375
[2026-05-26T19:35:23.639] [DEBUG] debug-file - runTaskFromQueue task cost before running: 2 s 336 ms 
[2026-05-26T19:35:23.639] [INFO] debug-file - Finished :effectkitsample:default@CollectDebugSymbol... after 1 ms 
[2026-05-26T19:35:23.639] [DEBUG] debug-file - Executing task :effectkitsample:assembleHap
[2026-05-26T19:35:23.639] [DEBUG] debug-file - effectkitsample : assembleHap cost memory 0.0128631591796875
[2026-05-26T19:35:23.640] [DEBUG] debug-file - runTaskFromQueue task cost before running: 2 s 337 ms 
[2026-05-26T19:35:23.640] [INFO] debug-file - Finished :effectkitsample:assembleHap... after 1 ms 
[2026-05-26T19:35:23.647] [INFO] debug-file - BUILD SUCCESSFUL in 2 s 344 ms 
[2026-05-26T19:35:23.648] [DEBUG] debug-file - There is no need to refresh cache, since the incremental task effectkitsample:default@PreBuild is up-to-date.
[2026-05-26T19:35:23.648] [DEBUG] debug-file - Update task effectkitsample:default@CreateModuleInfo output file:D:\f\effect-kit-master\entry\build\default\generated\profile\default\ModuleInfo.ts cache.
[2026-05-26T19:35:23.648] [DEBUG] debug-file - Incremental task effectkitsample:default@CreateModuleInfo post-execution cost:1 ms .
[2026-05-26T19:35:23.648] [DEBUG] debug-file - There is no need to refresh cache, since the incremental task effectkitsample:default@GenerateMetadata is up-to-date.
[2026-05-26T19:35:23.648] [DEBUG] debug-file - There is no need to refresh cache, since the incremental task effectkitsample:default@MergeProfile is up-to-date.
[2026-05-26T19:35:23.648] [DEBUG] debug-file - There is no need to refresh cache, since the incremental task effectkitsample:default@CreateBuildProfile is up-to-date.
[2026-05-26T19:35:23.648] [DEBUG] debug-file - Update task effectkitsample:default@GeneratePkgContextInfo output file:D:\f\effect-kit-master\entry\build\default\intermediates\loader\default\pkgContextInfo.json cache.
[2026-05-26T19:35:23.648] [DEBUG] debug-file - Incremental task effectkitsample:default@GeneratePkgContextInfo post-execution cost:1 ms .
[2026-05-26T19:35:23.649] [DEBUG] debug-file - There is no need to refresh cache, since the incremental task effectkitsample:default@GeneratePkgSdkInfo is up-to-date.
[2026-05-26T19:35:23.649] [DEBUG] debug-file - Update task effectkitsample:default@ProcessIntegratedHsp output file:D:\f\effect-kit-master\build\cache\default\integrated_hsp\integratedHspCache.json cache.
[2026-05-26T19:35:23.649] [DEBUG] debug-file - Incremental task effectkitsample:default@ProcessIntegratedHsp post-execution cost:1 ms .
[2026-05-26T19:35:23.649] [DEBUG] debug-file - There is no need to refresh cache, since the incremental task effectkitsample:default@MakePackInfo is up-to-date.
[2026-05-26T19:35:23.649] [DEBUG] debug-file - Update task effectkitsample:default@SyscapTransform input file:C:\Program Files\Huawei\DevEco Studio\sdk\default\openharmony\toolchains\syscap_tool.exe cache by regenerate.
[2026-05-26T19:35:23.649] [DEBUG] debug-file - Update task effectkitsample:default@SyscapTransform input file:C:\Program Files\Huawei\DevEco Studio\sdk\default\openharmony\ets\api\device-define cache by regenerate.
[2026-05-26T19:35:23.650] [DEBUG] debug-file - Update task effectkitsample:default@SyscapTransform output file:D:\f\effect-kit-master\entry\build\default\intermediates\syscap\default\rpcid.sc cache.
[2026-05-26T19:35:23.650] [DEBUG] debug-file - Incremental task effectkitsample:default@SyscapTransform post-execution cost:2 ms .
[2026-05-26T19:35:23.650] [DEBUG] debug-file - There is no need to refresh cache, since the incremental task effectkitsample:default@ProcessProfile is up-to-date.
[2026-05-26T19:35:23.650] [DEBUG] debug-file - There is no need to refresh cache, since the incremental task effectkitsample:default@ProcessRouterMap is up-to-date.
[2026-05-26T19:35:23.650] [DEBUG] debug-file - There is no need to refresh cache, since the incremental task effectkitsample:default@ProcessShareConfig is up-to-date.
[2026-05-26T19:35:23.650] [DEBUG] debug-file - Update task effectkitsample:default@ProcessStartupConfig output file:D:\f\effect-kit-master\entry\build\default\intermediates\startup\default\startup_config.json cache.
[2026-05-26T19:35:23.650] [DEBUG] debug-file - Incremental task effectkitsample:default@ProcessStartupConfig post-execution cost:1 ms .
[2026-05-26T19:35:23.650] [DEBUG] debug-file - There is no need to refresh cache, since the incremental task effectkitsample:default@ProcessResource is up-to-date.
[2026-05-26T19:35:23.650] [DEBUG] debug-file - There is no need to refresh cache, since the incremental task effectkitsample:default@GenerateLoaderJson is up-to-date.
[2026-05-26T19:35:23.651] [DEBUG] debug-file - There is no need to refresh cache, since the incremental task effectkitsample:default@ProcessLibs is up-to-date.
[2026-05-26T19:35:23.651] [DEBUG] debug-file - There is no need to refresh cache, since the incremental task effectkitsample:default@CompileResource is up-to-date.
[2026-05-26T19:35:23.651] [DEBUG] debug-file - There is no need to refresh cache, since the incremental task effectkitsample:default@DoNativeStrip is up-to-date.
[2026-05-26T19:35:23.651] [DEBUG] debug-file - There is no need to refresh cache, since the incremental task effectkitsample:default@CompileArkTS is up-to-date.
[2026-05-26T19:35:23.651] [DEBUG] debug-file - Update task effectkitsample:default@BuildJS input file:D:\f\effect-kit-master\entry\build\default\intermediates\loader\default cache by regenerate.
[2026-05-26T19:35:23.652] [DEBUG] debug-file - Update task effectkitsample:default@BuildJS input file:D:\f\effect-kit-master\entry\build\default\intermediates\res\default\ResourceTable.txt cache by regenerate.
[2026-05-26T19:35:23.652] [DEBUG] debug-file - Update task effectkitsample:default@BuildJS input file:D:\f\effect-kit-master\entry\build\default\intermediates\res\default\ark_module.json cache by regenerate.
[2026-05-26T19:35:23.652] [DEBUG] debug-file - Update task effectkitsample:default@BuildJS input file:D:\f\effect-kit-master\entry\build\default\intermediates\res\default\resources\base\profile cache by regenerate.
[2026-05-26T19:35:23.652] [DEBUG] debug-file - Update task effectkitsample:default@BuildJS output file:D:\f\effect-kit-master\entry\build\default\intermediates\loader_out\default\js cache.
[2026-05-26T19:35:23.652] [DEBUG] debug-file - Incremental task effectkitsample:default@BuildJS post-execution cost:2 ms .
[2026-05-26T19:35:23.652] [DEBUG] debug-file - There is no need to refresh cache, since the incremental task effectkitsample:default@CacheNativeLibs is up-to-date.
[2026-05-26T19:35:23.652] [DEBUG] debug-file - There is no need to refresh cache, since the incremental task effectkitsample:default@GeneratePkgModuleJson is up-to-date.
[2026-05-26T19:35:23.652] [DEBUG] debug-file - Incremental task effectkitsample:default@ProcessCompiledResources post-execution cost:1 ms .
[2026-05-26T19:35:23.652] [DEBUG] debug-file - There is no need to refresh cache, since the incremental task effectkitsample:default@PackageHap is up-to-date.
[2026-05-26T19:35:23.652] [DEBUG] debug-file - Update task effectkitsample:default@SignHap input file:D:\f\effect-kit-master\entry\build\default\outputs\default\effectkitsample-default-unsigned.hap cache by regenerate.
[2026-05-26T19:35:23.652] [DEBUG] debug-file - Update task effectkitsample:default@SignHap output file:D:\f\effect-kit-master\entry\build\default\outputs\default\effectkitsample-default-signed.hap cache.
[2026-05-26T19:35:23.653] [DEBUG] debug-file - Incremental task effectkitsample:default@SignHap post-execution cost:1 ms .
[2026-05-26T19:35:23.653] [DEBUG] debug-file - Update task effectkitsample:default@CollectDebugSymbol input file:D:\f\effect-kit-master\entry\build\default\intermediates\loader_out\default\ets\sourceMaps.map cache by regenerate.
[2026-05-26T19:35:23.653] [DEBUG] debug-file - Update task effectkitsample:default@CollectDebugSymbol input file:D:\f\effect-kit-master\entry\build\default\intermediates\libs\default cache by regenerate.
[2026-05-26T19:35:23.653] [DEBUG] debug-file - Update task effectkitsample:default@CollectDebugSymbol output file:D:\f\effect-kit-master\entry\build\default\outputs\default\symbol cache.
[2026-05-26T19:35:23.653] [DEBUG] debug-file - Incremental task effectkitsample:default@CollectDebugSymbol post-execution cost:1 ms .
[2026-05-26T19:35:23.676] [DEBUG] debug-file - session manager: send message to worker process.
[2026-05-26T19:35:23.676] [DEBUG] debug-file - session manager: send message to worker process.
[2026-05-26T19:35:23.752] [DEBUG] debug-file - Cleanup worker 0.
[2026-05-26T19:35:23.752] [DEBUG] debug-file - Worker 0 has been cleaned up.
[2026-05-26T19:35:23.752] [DEBUG] debug-file - Current idle worker size: 1.
[2026-05-26T19:35:23.752] [DEBUG] debug-file - Current resident worker size: 2.
[2026-05-26T19:35:23.752] [DEBUG] debug-file - Cleanup worker 1.
[2026-05-26T19:35:23.752] [DEBUG] debug-file - Worker 1 has been cleaned up.
[2026-05-26T19:35:23.752] [DEBUG] debug-file - Current idle worker size: 0.
[2026-05-26T19:35:23.752] [DEBUG] debug-file - Current resident worker size: 2.
[2026-05-26T19:35:23.753] [DEBUG] debug-file - hvigor build process will be closed.
[2026-05-26T19:35:23.758] [DEBUG] debug-file - watch worker: worker id should be larger than 0. Nothing will be sent to any worker thread.
[2026-05-26T19:35:23.759] [DEBUG] debug-file - watch worker: worker id should be larger than 0. Nothing will be sent to any worker thread.
[2026-05-26T19:35:23.767] [DEBUG] debug-file - worker[0] exits with exit code 1.
[2026-05-26T19:35:23.768] [DEBUG] debug-file - worker[1] exits with exit code 1.
[2026-05-26T19:35:55.693] [DEBUG] debug-file - session manager: set active socket. socketId=XTJHFvCY9Nxhk697AAAD
[2026-05-26T19:35:55.699] [DEBUG] debug-file - watch worker: worker id should be larger than 0. Nothing will be sent to any worker thread.
[2026-05-26T19:35:55.702] [DEBUG] debug-file - Workers' log level updated to INFO
[2026-05-26T19:35:55.706] [DEBUG] debug-file - Hvigor init with startParameters:{
  hvigorfileTypeCheck: false,
  parallelExecution: true,
  incrementalExecution: true,
  printStackTrace: false,
  daemon: true,
  analyze: 0,
  logLevel: Level { level: 20000, levelStr: 'INFO', colour: 'green' },
  optimizationStrategy: 'memory',
  hotCompile: undefined,
  hotReloadBuild: undefined,
  customizedParam: undefined
}
[2026-05-26T19:35:55.709] [DEBUG] debug-file - Cache service initialization finished in 3 ms 
[2026-05-26T19:35:55.710] [DEBUG] debug-file - hvigorfile, resolving D:\f\effect-kit-master\hvigorfile.ts
[2026-05-26T19:35:55.716] [DEBUG] debug-file - hvigorfile, require result:  { default: { plugins: [] } }
[2026-05-26T19:35:55.716] [DEBUG] debug-file - hvigorfile, binding system plugins null
[2026-05-26T19:35:55.716] [DEBUG] debug-file - Starting plugin build process
[2026-05-26T19:35:55.716] [DEBUG] debug-file - App plugin prepare start...
[2026-05-26T19:35:55.716] [DEBUG] debug-file - App plugin prepare end...
[2026-05-26T19:35:55.716] [DEBUG] debug-file - App plugin creating...
[2026-05-26T19:35:55.722] [DEBUG] debug-file - App plugin register hook start...
[2026-05-26T19:35:55.722] [DEBUG] debug-file - App plugin register hook end...
[2026-05-26T19:35:55.722] [DEBUG] debug-file - Plugin build process completed
[2026-05-26T19:35:55.723] [DEBUG] debug-file - Start initialize project's product build option map with build mode debug.
[2026-05-26T19:35:55.723] [DEBUG] debug-file - Picking option from product 'default' with build mode 'debug'.
[2026-05-26T19:35:55.723] [DEBUG] debug-file - Product 'default' build option initialized
[2026-05-26T19:35:55.723] [DEBUG] debug-file - End initialize project's product build option map with build mode 'debug'.
[2026-05-26T19:35:55.723] [DEBUG] debug-file - Obtain build option for product 'default'in this build.
[2026-05-26T19:35:55.723] [DEBUG] debug-file - not found resModel json file in : D:\f\effect-kit-master\entry\src\ohosTest\module.json5
[2026-05-26T19:35:55.726] [DEBUG] debug-file - No signingConfig found, initRemoteHspCache failed.
[2026-05-26T19:35:55.729] [DEBUG] debug-file - Start recording SDK configuration permission data.
[2026-05-26T19:35:55.753] [DEBUG] debug-file - Sdk init in 26 ms 
[2026-05-26T19:35:55.755] [DEBUG] debug-file - Project task initialization takes 2 ms 
[2026-05-26T19:35:55.755] [DEBUG] debug-file - hvigorfile, begin to bind custom plugins...
[2026-05-26T19:35:55.755] [DEBUG] debug-file - hvigorfile, no custom plugins were found in D:\f\effect-kit-master\hvigorfile.ts
[2026-05-26T19:35:55.755] [DEBUG] debug-file - hvigorfile, resolve finished D:\f\effect-kit-master\hvigorfile.ts
[2026-05-26T19:35:55.756] [DEBUG] debug-file - hvigorfile, resolving D:\f\effect-kit-master\entry\hvigorfile.ts
[2026-05-26T19:35:55.759] [DEBUG] debug-file - hvigorfile, require result:  { default: { plugins: [] } }
[2026-05-26T19:35:55.759] [DEBUG] debug-file - hvigorfile, binding system plugins null
[2026-05-26T19:35:55.759] [DEBUG] debug-file - Starting plugin build process
[2026-05-26T19:35:55.759] [DEBUG] debug-file - Hap plugin creating...
[2026-05-26T19:35:55.759] [DEBUG] debug-file - failed to load cangjie to dynamically generate schemas: Error: Cannot find module '@ohos/cangjie-build-support/index'
Require stack:
- C:\Program Files\Huawei\DevEco Studio\tools\hvigor\hvigor-ohos-plugin\src\plugin\hooks\cangjie-register.js
- C:\Program Files\Huawei\DevEco Studio\tools\hvigor\hvigor-ohos-plugin\src\plugin\strategy\stage-init-strategy.js
- C:\Program Files\Huawei\DevEco Studio\tools\hvigor\hvigor-ohos-plugin\src\plugin\builder\abstract-plugin-builder.js
- C:\Program Files\Huawei\DevEco Studio\tools\hvigor\hvigor-ohos-plugin\src\plugin\builder\app-plugin-builder.js
- C:\Program Files\Huawei\DevEco Studio\tools\hvigor\hvigor-ohos-plugin\src\plugin\factory\plugin-factory.js
- C:\Program Files\Huawei\DevEco Studio\tools\hvigor\hvigor-ohos-plugin\index.js
- D:\f\effect-kit-master\hvigorfile.ts
- C:\Program Files\Huawei\DevEco Studio\tools\hvigor\hvigor\src\base\internal\lifecycle\configuration.js
- C:\Program Files\Huawei\DevEco Studio\tools\hvigor\hvigor\src\base\boot\index.js
- C:\Program Files\Huawei\DevEco Studio\tools\hvigor\hvigor\src\base\daemon\cluster\worker-process-lifecycle.js
- C:\Program Files\Huawei\DevEco Studio\tools\hvigor\hvigor\src\base\daemon\process\daemon-process-boot-script.js
[2026-05-26T19:35:55.761] [DEBUG] debug-file - Start initialize module-target build option map, moduleName=effectkitsample, buildMode=debug
[2026-05-26T19:35:55.761] [DEBUG] debug-file - Target 'default' config initialized
[2026-05-26T19:35:55.761] [DEBUG] debug-file - Target 'ohosTest' config initialized
[2026-05-26T19:35:55.761] [DEBUG] debug-file - Module 'effectkitsample' target 'default' build option initialized
[2026-05-26T19:35:55.761] [DEBUG] debug-file - Module 'effectkitsample' target 'ohosTest' build option initialized
[2026-05-26T19:35:55.761] [DEBUG] debug-file - End initialize module-target build option map, moduleName=effectkitsample
[2026-05-26T19:35:55.761] [DEBUG] debug-file - Start initialize module-target build option map, moduleName=effectkitsample, buildMode=release
[2026-05-26T19:35:55.761] [DEBUG] debug-file - Target 'default' config initialized
[2026-05-26T19:35:55.762] [DEBUG] debug-file - Target 'ohosTest' config initialized
[2026-05-26T19:35:55.762] [DEBUG] debug-file - Module 'effectkitsample' target 'default' build option initialized
[2026-05-26T19:35:55.762] [DEBUG] debug-file - Module 'effectkitsample' target 'ohosTest' build option initialized
[2026-05-26T19:35:55.762] [DEBUG] debug-file - End initialize module-target build option map, moduleName=effectkitsample
[2026-05-26T19:35:55.762] [DEBUG] debug-file - Start initialize module-target build option map, moduleName=effectkitsample, buildMode=debug
[2026-05-26T19:35:55.762] [DEBUG] debug-file - Target 'default' config initialized
[2026-05-26T19:35:55.762] [DEBUG] debug-file - Target 'ohosTest' config initialized
[2026-05-26T19:35:55.762] [DEBUG] debug-file - Module 'effectkitsample' target 'default' build option initialized
[2026-05-26T19:35:55.762] [DEBUG] debug-file - Module 'effectkitsample' target 'ohosTest' build option initialized
[2026-05-26T19:35:55.762] [DEBUG] debug-file - End initialize module-target build option map, moduleName=effectkitsample
[2026-05-26T19:35:55.762] [DEBUG] debug-file - Obtain build option for module 'effectkitsample' target 'default'in this build.
[2026-05-26T19:35:55.763] [DEBUG] debug-file - Module effectkitsample task initialization takes 1 ms 
[2026-05-26T19:35:55.763] [DEBUG] debug-file - Hap plugin register hook start...
[2026-05-26T19:35:55.763] [DEBUG] debug-file - Hap plugin register hook end...
[2026-05-26T19:35:55.763] [DEBUG] debug-file - Plugin build process completed
[2026-05-26T19:35:55.763] [DEBUG] debug-file - hvigorfile, begin to bind custom plugins...
[2026-05-26T19:35:55.763] [DEBUG] debug-file - hvigorfile, no custom plugins were found in D:\f\effect-kit-master\entry\hvigorfile.ts
[2026-05-26T19:35:55.763] [DEBUG] debug-file - hvigorfile, resolve finished D:\f\effect-kit-master\entry\hvigorfile.ts
[2026-05-26T19:35:55.808] [DEBUG] debug-file - hvigorfile, resolve hvigorfile dependencies in 45 ms 
[2026-05-26T19:35:55.808] [DEBUG] debug-file - project has submodules:effectkitsample
[2026-05-26T19:35:55.809] [DEBUG] debug-file - start to load updatedOhPackageInfo to the disk
[2026-05-26T19:35:55.810] [DEBUG] debug-file - load to the disk finished
[2026-05-26T19:35:55.811] [DEBUG] debug-file - Start to initialize dependency information.
[2026-05-26T19:35:55.811] [DEBUG] debug-file - Module effect-kit-master Collected Dependency: 
[2026-05-26T19:35:55.811] [DEBUG] debug-file - Module effect-kit-master's total dependency: 0
[2026-05-26T19:35:55.811] [DEBUG] debug-file - Start to initialize dependency information.
[2026-05-26T19:35:55.812] [DEBUG] debug-file - Module effectkitsample Collected Dependency: 
[2026-05-26T19:35:55.812] [DEBUG] debug-file - Module effectkitsample's total dependency: 0
[2026-05-26T19:35:55.813] [DEBUG] debug-file - Configuration phase cost:105 ms 
[2026-05-26T19:35:55.814] [DEBUG] debug-file - Configuration task cost before running: 113 ms 
[2026-05-26T19:35:55.816] [DEBUG] debug-file - Executing task :effectkitsample:default@PreBuild
[2026-05-26T19:35:55.816] [DEBUG] debug-file - Task 'effectkitsample:default@PreBuild' cost while wrapping incremental declarations: 1 ms 
[2026-05-26T19:35:55.819] [DEBUG] debug-file - Incremental task effectkitsample:default@PreBuild pre-execution cost: 3 ms .
[2026-05-26T19:35:55.819] [DEBUG] debug-file - effectkitsample : default@PreBuild cost memory 0.282379150390625
[2026-05-26T19:35:55.820] [INFO] debug-file - UP-TO-DATE :effectkitsample:default@PreBuild...  
[2026-05-26T19:35:55.821] [DEBUG] debug-file - Executing task :effectkitsample:default@CreateModuleInfo
[2026-05-26T19:35:55.821] [DEBUG] debug-file - Task 'effectkitsample:default@CreateModuleInfo' cost while wrapping incremental declarations: 1 ms 
[2026-05-26T19:35:55.821] [DEBUG] debug-file - effectkitsample : default@CreateModuleInfo cost memory 0.04206085205078125
[2026-05-26T19:35:55.821] [DEBUG] debug-file - runTaskFromQueue task cost before running: 120 ms 
[2026-05-26T19:35:55.821] [INFO] debug-file - Finished :effectkitsample:default@CreateModuleInfo... after 1 ms 
[2026-05-26T19:35:55.822] [DEBUG] debug-file - Executing task :effectkitsample:default@GenerateMetadata
[2026-05-26T19:35:55.822] [DEBUG] debug-file - Task 'effectkitsample:default@GenerateMetadata' cost while wrapping incremental declarations: 1 ms 
[2026-05-26T19:35:55.823] [DEBUG] debug-file - Incremental task effectkitsample:default@GenerateMetadata pre-execution cost: 1 ms .
[2026-05-26T19:35:55.823] [DEBUG] debug-file - effectkitsample : default@GenerateMetadata cost memory 0.08028411865234375
[2026-05-26T19:35:55.823] [INFO] debug-file - UP-TO-DATE :effectkitsample:default@GenerateMetadata...  
[2026-05-26T19:35:55.823] [DEBUG] debug-file - Executing task :effectkitsample:default@ConfigureCmake
[2026-05-26T19:35:55.823] [DEBUG] debug-file - effectkitsample : default@ConfigureCmake cost memory 0.0151519775390625
[2026-05-26T19:35:55.823] [DEBUG] debug-file - runTaskFromQueue task cost before running: 122 ms 
[2026-05-26T19:35:55.823] [INFO] debug-file - Finished :effectkitsample:default@ConfigureCmake... after 1 ms 
[2026-05-26T19:35:55.824] [DEBUG] debug-file - Executing task :effectkitsample:default@MergeProfile
[2026-05-26T19:35:55.824] [DEBUG] debug-file - Task 'effectkitsample:default@MergeProfile' cost while wrapping incremental declarations: 1 ms 
[2026-05-26T19:35:55.825] [DEBUG] debug-file - Incremental task effectkitsample:default@MergeProfile pre-execution cost: 1 ms .
[2026-05-26T19:35:55.825] [DEBUG] debug-file - effectkitsample : default@MergeProfile cost memory 0.1176910400390625
[2026-05-26T19:35:55.825] [INFO] debug-file - UP-TO-DATE :effectkitsample:default@MergeProfile...  
[2026-05-26T19:35:55.826] [DEBUG] debug-file - Executing task :effectkitsample:default@CreateBuildProfile
[2026-05-26T19:35:55.826] [DEBUG] debug-file - Task 'effectkitsample:default@CreateBuildProfile' cost while wrapping incremental declarations: 1 ms 
[2026-05-26T19:35:55.827] [DEBUG] debug-file - Incremental task effectkitsample:default@CreateBuildProfile pre-execution cost: 1 ms .
[2026-05-26T19:35:55.827] [DEBUG] debug-file - effectkitsample : default@CreateBuildProfile cost memory 0.09871673583984375
[2026-05-26T19:35:55.827] [INFO] debug-file - UP-TO-DATE :effectkitsample:default@CreateBuildProfile...  
[2026-05-26T19:35:55.827] [DEBUG] debug-file - Executing task :effectkitsample:default@PreCheckSyscap
[2026-05-26T19:35:55.827] [DEBUG] debug-file - effectkitsample : default@PreCheckSyscap cost memory 0.01538848876953125
[2026-05-26T19:35:55.827] [DEBUG] debug-file - runTaskFromQueue task cost before running: 126 ms 
[2026-05-26T19:35:55.828] [INFO] debug-file - Finished :effectkitsample:default@PreCheckSyscap... after 1 ms 
[2026-05-26T19:35:55.828] [DEBUG] debug-file - Executing task :effectkitsample:default@GeneratePkgContextInfo
[2026-05-26T19:35:55.830] [DEBUG] debug-file - Task 'effectkitsample:default@GeneratePkgContextInfo' cost while wrapping incremental declarations: 1 ms 
[2026-05-26T19:35:55.830] [DEBUG] debug-file - effectkitsample : default@GeneratePkgContextInfo cost memory 0.15936279296875
[2026-05-26T19:35:55.830] [DEBUG] debug-file - runTaskFromQueue task cost before running: 129 ms 
[2026-05-26T19:35:55.830] [INFO] debug-file - Finished :effectkitsample:default@GeneratePkgContextInfo... after 3 ms 
[2026-05-26T19:35:55.831] [DEBUG] debug-file - Executing task :effectkitsample:default@GeneratePkgSdkInfo
[2026-05-26T19:35:55.832] [DEBUG] debug-file - Task 'effectkitsample:default@GeneratePkgSdkInfo' cost while wrapping incremental declarations: 1 ms 
[2026-05-26T19:35:55.832] [DEBUG] debug-file - Incremental task effectkitsample:default@GeneratePkgSdkInfo pre-execution cost: 1 ms .
[2026-05-26T19:35:55.832] [DEBUG] debug-file - effectkitsample : default@GeneratePkgSdkInfo cost memory 0.1171722412109375
[2026-05-26T19:35:55.832] [INFO] debug-file - UP-TO-DATE :effectkitsample:default@GeneratePkgSdkInfo...  
[2026-05-26T19:35:55.834] [DEBUG] debug-file - Executing task :effectkitsample:default@ProcessIntegratedHsp
[2026-05-26T19:35:55.834] [DEBUG] debug-file - effectkitsample:default@ProcessIntegratedHsp is not up-to-date, since the output file 'D:\f\effect-kit-master\build\cache\default\integrated_hsp\integratedHspCache.json' does not exist.
[2026-05-26T19:35:55.834] [DEBUG] debug-file - Incremental task effectkitsample:default@ProcessIntegratedHsp pre-execution cost: 1 ms .
[2026-05-26T19:35:55.834] [DEBUG] debug-file - effectkitsample : default@ProcessIntegratedHsp cost memory 0.05547332763671875
[2026-05-26T19:35:55.834] [DEBUG] debug-file - runTaskFromQueue task cost before running: 133 ms 
[2026-05-26T19:35:55.835] [INFO] debug-file - Finished :effectkitsample:default@ProcessIntegratedHsp... after 1 ms 
[2026-05-26T19:35:55.835] [DEBUG] debug-file - Executing task :effectkitsample:default@BuildNativeWithCmake
[2026-05-26T19:35:55.835] [DEBUG] debug-file - effectkitsample : default@BuildNativeWithCmake cost memory 0.0145111083984375
[2026-05-26T19:35:55.835] [DEBUG] debug-file - runTaskFromQueue task cost before running: 134 ms 
[2026-05-26T19:35:55.835] [INFO] debug-file - Finished :effectkitsample:default@BuildNativeWithCmake... after 1 ms 
[2026-05-26T19:35:55.836] [DEBUG] debug-file - Executing task :effectkitsample:default@MakePackInfo
[2026-05-26T19:35:55.837] [DEBUG] debug-file - Incremental task effectkitsample:default@MakePackInfo pre-execution cost: 1 ms .
[2026-05-26T19:35:55.837] [DEBUG] debug-file - effectkitsample : default@MakePackInfo cost memory 0.09613037109375
[2026-05-26T19:35:55.837] [INFO] debug-file - UP-TO-DATE :effectkitsample:default@MakePackInfo...  
[2026-05-26T19:35:55.837] [DEBUG] debug-file - Executing task :effectkitsample:default@SyscapTransform
[2026-05-26T19:35:55.838] [DEBUG] debug-file - File: 'D:\f\effect-kit-master\entry\src\main\syscap.json' from 'sysCapJsonPath' is not exists, just ignore.
[2026-05-26T19:35:55.838] [DEBUG] debug-file - Task 'effectkitsample:default@SyscapTransform' cost while wrapping incremental declarations: 1 ms 
[2026-05-26T19:35:55.839] [DEBUG] debug-file - effectkitsample:default@SyscapTransform is not up-to-date, since the output file 'D:\f\effect-kit-master\entry\build\default\intermediates\syscap\default\rpcid.sc' does not exist.
[2026-05-26T19:35:55.839] [DEBUG] debug-file - Incremental task effectkitsample:default@SyscapTransform pre-execution cost: 1 ms .
[2026-05-26T19:35:55.839] [DEBUG] debug-file - effectkitsample : default@SyscapTransform cost memory 0.14349365234375
[2026-05-26T19:35:55.839] [DEBUG] debug-file - runTaskFromQueue task cost before running: 137 ms 
[2026-05-26T19:35:55.839] [INFO] debug-file - Finished :effectkitsample:default@SyscapTransform... after 2 ms 
[2026-05-26T19:35:55.839] [DEBUG] debug-file - Executing task :effectkitsample:default@ProcessProfile
[2026-05-26T19:35:55.840] [DEBUG] debug-file - Task 'effectkitsample:default@ProcessProfile' cost while wrapping incremental declarations: 1 ms 
[2026-05-26T19:35:55.840] [DEBUG] debug-file - Incremental task effectkitsample:default@ProcessProfile pre-execution cost: 1 ms .
[2026-05-26T19:35:55.840] [DEBUG] debug-file - effectkitsample : default@ProcessProfile cost memory 0.1239166259765625
[2026-05-26T19:35:55.841] [INFO] debug-file - UP-TO-DATE :effectkitsample:default@ProcessProfile...  
[2026-05-26T19:35:55.841] [DEBUG] debug-file - Executing task :effectkitsample:default@ProcessRouterMap
[2026-05-26T19:35:55.842] [DEBUG] debug-file - Incremental task effectkitsample:default@ProcessRouterMap pre-execution cost: 1 ms .
[2026-05-26T19:35:55.842] [DEBUG] debug-file - effectkitsample : default@ProcessRouterMap cost memory 0.11737060546875
[2026-05-26T19:35:55.842] [INFO] debug-file - UP-TO-DATE :effectkitsample:default@ProcessRouterMap...  
[2026-05-26T19:35:55.843] [DEBUG] debug-file - Executing task :effectkitsample:default@ProcessShareConfig
[2026-05-26T19:35:55.844] [DEBUG] debug-file - Incremental task effectkitsample:default@ProcessShareConfig pre-execution cost: 1 ms .
[2026-05-26T19:35:55.844] [DEBUG] debug-file - effectkitsample : default@ProcessShareConfig cost memory 0.095611572265625
[2026-05-26T19:35:55.844] [INFO] debug-file - UP-TO-DATE :effectkitsample:default@ProcessShareConfig...  
[2026-05-26T19:35:55.844] [DEBUG] debug-file - Executing task :effectkitsample:default@ProcessStartupConfig
[2026-05-26T19:35:55.845] [DEBUG] debug-file - Task 'effectkitsample:default@ProcessStartupConfig' cost while wrapping incremental declarations: 1 ms 
[2026-05-26T19:35:55.845] [DEBUG] debug-file - effectkitsample:default@ProcessStartupConfig is not up-to-date, since the output file 'D:\f\effect-kit-master\entry\build\default\intermediates\startup\default\startup_config.json' does not exist.
[2026-05-26T19:35:55.845] [DEBUG] debug-file - Incremental task effectkitsample:default@ProcessStartupConfig pre-execution cost: 1 ms .
[2026-05-26T19:35:55.845] [DEBUG] debug-file - effectkitsample : default@ProcessStartupConfig cost memory 0.089019775390625
[2026-05-26T19:35:55.845] [DEBUG] debug-file - runTaskFromQueue task cost before running: 143 ms 
[2026-05-26T19:35:55.845] [INFO] debug-file - Finished :effectkitsample:default@ProcessStartupConfig... after 1 ms 
[2026-05-26T19:35:55.847] [DEBUG] debug-file - Executing task :effectkitsample:default@BuildNativeWithNinja
[2026-05-26T19:35:55.848] [DEBUG] debug-file - effectkitsample : default@BuildNativeWithNinja cost memory 0.01993560791015625
[2026-05-26T19:35:55.848] [DEBUG] debug-file - runTaskFromQueue task cost before running: 146 ms 
[2026-05-26T19:35:55.848] [INFO] debug-file - Finished :effectkitsample:default@BuildNativeWithNinja... after 1 ms 
[2026-05-26T19:35:55.849] [DEBUG] debug-file - restool module names: effectkitsample; moduleName=effectkitsample, taskName=default@ProcessResource
[2026-05-26T19:35:55.850] [DEBUG] debug-file - Executing task :effectkitsample:default@ProcessResource
[2026-05-26T19:35:55.850] [DEBUG] debug-file - Task 'effectkitsample:default@ProcessResource' cost while wrapping incremental declarations: 1 ms 
[2026-05-26T19:35:55.852] [DEBUG] debug-file - Incremental task effectkitsample:default@ProcessResource pre-execution cost: 1 ms .
[2026-05-26T19:35:55.852] [DEBUG] debug-file - effectkitsample : default@ProcessResource cost memory 0.132080078125
[2026-05-26T19:35:55.853] [INFO] debug-file - UP-TO-DATE :effectkitsample:default@ProcessResource...  
[2026-05-26T19:35:55.854] [DEBUG] debug-file - Executing task :effectkitsample:default@GenerateLoaderJson
[2026-05-26T19:35:55.855] [DEBUG] debug-file - Task 'effectkitsample:default@GenerateLoaderJson' cost while wrapping incremental declarations: 1 ms 
[2026-05-26T19:35:55.860] [DEBUG] debug-file - Incremental task effectkitsample:default@GenerateLoaderJson pre-execution cost: 3 ms .
[2026-05-26T19:35:55.860] [DEBUG] debug-file - effectkitsample : default@GenerateLoaderJson cost memory 0.41542816162109375
[2026-05-26T19:35:55.862] [INFO] debug-file - UP-TO-DATE :effectkitsample:default@GenerateLoaderJson...  
[2026-05-26T19:35:55.863] [DEBUG] debug-file - Executing task :effectkitsample:default@ProcessLibs
[2026-05-26T19:35:55.869] [DEBUG] debug-file - Incremental task effectkitsample:default@ProcessLibs pre-execution cost: 1 ms .
[2026-05-26T19:35:55.869] [DEBUG] debug-file - effectkitsample : default@ProcessLibs cost memory -9.528411865234375
[2026-05-26T19:35:55.870] [INFO] debug-file - UP-TO-DATE :effectkitsample:default@ProcessLibs...  
[2026-05-26T19:35:55.871] [DEBUG] debug-file - restool module names: effectkitsample; moduleName=effectkitsample, taskName=default@CompileResource
[2026-05-26T19:35:55.871] [DEBUG] debug-file - Executing task :effectkitsample:default@CompileResource
[2026-05-26T19:35:55.878] [DEBUG] debug-file - Incremental task effectkitsample:default@CompileResource pre-execution cost: 6 ms .
[2026-05-26T19:35:55.878] [DEBUG] debug-file - effectkitsample : default@CompileResource cost memory 0.6784133911132812
[2026-05-26T19:35:55.879] [INFO] debug-file - UP-TO-DATE :effectkitsample:default@CompileResource...  
[2026-05-26T19:35:55.880] [DEBUG] debug-file - Executing task :effectkitsample:default@DoNativeStrip
[2026-05-26T19:35:55.880] [DEBUG] debug-file - File: 'D:\f\effect-kit-master\entry\build\default\intermediates\binxo\default' from 'doBinxoNativeLibs' is not exists, just ignore.
[2026-05-26T19:35:55.880] [DEBUG] debug-file - Task 'effectkitsample:default@DoNativeStrip' cost while wrapping incremental declarations: 1 ms 
[2026-05-26T19:35:55.880] [DEBUG] debug-file - Incremental task effectkitsample:default@DoNativeStrip pre-execution cost: 1 ms .
[2026-05-26T19:35:55.880] [DEBUG] debug-file - effectkitsample : default@DoNativeStrip cost memory 0.0897369384765625
[2026-05-26T19:35:55.880] [INFO] debug-file - UP-TO-DATE :effectkitsample:default@DoNativeStrip...  
[2026-05-26T19:35:55.881] [DEBUG] debug-file - Executing task :effectkitsample:default@CompileArkTS
[2026-05-26T19:35:55.882] [DEBUG] debug-file - obfuscationOptions: undefined
[2026-05-26T19:35:55.883] [DEBUG] debug-file - Task 'effectkitsample:default@CompileArkTS' cost while wrapping incremental declarations: 1 ms 
[2026-05-26T19:35:55.887] [DEBUG] debug-file - Incremental task effectkitsample:default@CompileArkTS pre-execution cost: 3 ms .
[2026-05-26T19:35:55.887] [DEBUG] debug-file - effectkitsample : default@CompileArkTS cost memory 0.510284423828125
[2026-05-26T19:35:55.888] [INFO] debug-file - UP-TO-DATE :effectkitsample:default@CompileArkTS...  
[2026-05-26T19:35:55.888] [DEBUG] debug-file - Executing task :effectkitsample:default@BuildJS
[2026-05-26T19:35:55.889] [DEBUG] debug-file - Task 'effectkitsample:default@BuildJS' cost while wrapping incremental declarations: 1 ms 
[2026-05-26T19:35:55.890] [DEBUG] debug-file - effectkitsample : default@BuildJS cost memory 0.141265869140625
[2026-05-26T19:35:55.890] [DEBUG] debug-file - runTaskFromQueue task cost before running: 189 ms 
[2026-05-26T19:35:55.890] [INFO] debug-file - Finished :effectkitsample:default@BuildJS... after 2 ms 
[2026-05-26T19:35:55.891] [DEBUG] debug-file - Executing task :effectkitsample:default@CacheNativeLibs
[2026-05-26T19:35:55.891] [DEBUG] debug-file - File: 'D:\f\effect-kit-master\entry\build\default\intermediates\binxo\default' from 'cacheBinxoNativeLibs' is not exists, just ignore.
[2026-05-26T19:35:55.891] [DEBUG] debug-file - Task 'effectkitsample:default@CacheNativeLibs' cost while wrapping incremental declarations: 1 ms 
[2026-05-26T19:35:55.892] [DEBUG] debug-file - Incremental task effectkitsample:default@CacheNativeLibs pre-execution cost: 1 ms .
[2026-05-26T19:35:55.892] [DEBUG] debug-file - effectkitsample : default@CacheNativeLibs cost memory 0.11254119873046875
[2026-05-26T19:35:55.892] [INFO] debug-file - UP-TO-DATE :effectkitsample:default@CacheNativeLibs...  
[2026-05-26T19:35:55.893] [DEBUG] debug-file - Executing task :effectkitsample:default@GeneratePkgModuleJson
[2026-05-26T19:35:55.893] [DEBUG] debug-file - File: 'D:\f\effect-kit-master\entry\build\default\intermediates\preload\default\preload.json' from 'preloadSoJsonPath' is not exists, just ignore.
[2026-05-26T19:35:55.893] [DEBUG] debug-file - Error occurs while handling @Input 'shouldDeduplicateHar': The "data" argument must be of type string or an instance of Buffer, TypedArray, or DataView. Received undefined
[2026-05-26T19:35:55.893] [DEBUG] debug-file - Task 'effectkitsample:default@GeneratePkgModuleJson' cost while wrapping incremental declarations: 1 ms 
[2026-05-26T19:35:55.894] [DEBUG] debug-file - Incremental task effectkitsample:default@GeneratePkgModuleJson pre-execution cost: 1 ms .
[2026-05-26T19:35:55.894] [DEBUG] debug-file - effectkitsample : default@GeneratePkgModuleJson cost memory 0.10410308837890625
[2026-05-26T19:35:55.894] [INFO] debug-file - UP-TO-DATE :effectkitsample:default@GeneratePkgModuleJson...  
[2026-05-26T19:35:55.894] [DEBUG] debug-file - Executing task :effectkitsample:default@ProcessCompiledResources
[2026-05-26T19:35:55.894] [DEBUG] debug-file - File: 'D:\f\effect-kit-master\entry\build\default\intermediates\preload\default\preload.json' from 'preloadSoJsonPath' is not exists, just ignore.
[2026-05-26T19:35:55.894] [DEBUG] debug-file - Task 'effectkitsample:default@ProcessCompiledResources' cost while wrapping incremental declarations: 1 ms 
[2026-05-26T19:35:55.895] [DEBUG] debug-file - effectkitsample : default@ProcessCompiledResources cost memory 0.05870819091796875
[2026-05-26T19:35:55.895] [DEBUG] debug-file - runTaskFromQueue task cost before running: 193 ms 
[2026-05-26T19:35:55.895] [INFO] debug-file - Finished :effectkitsample:default@ProcessCompiledResources... after 1 ms 
[2026-05-26T19:35:55.896] [DEBUG] debug-file - Executing task :effectkitsample:default@PackageHap
[2026-05-26T19:35:55.900] [DEBUG] debug-file - Incremental task effectkitsample:default@PackageHap pre-execution cost: 4 ms .
[2026-05-26T19:35:55.900] [DEBUG] debug-file - effectkitsample : default@PackageHap cost memory 0.588134765625
[2026-05-26T19:35:55.900] [INFO] debug-file - UP-TO-DATE :effectkitsample:default@PackageHap...  
[2026-05-26T19:35:55.901] [DEBUG] debug-file - Executing task :effectkitsample:default@PackingCheck
[2026-05-26T19:35:55.904] [DEBUG] debug-file - effectkitsample : default@PackingCheck cost memory 0.4200897216796875
[2026-05-26T19:35:55.904] [DEBUG] debug-file - runTaskFromQueue task cost before running: 202 ms 
[2026-05-26T19:35:55.904] [INFO] debug-file - Finished :effectkitsample:default@PackingCheck... after 4 ms 
[2026-05-26T19:35:55.905] [DEBUG] debug-file - Executing task :effectkitsample:default@SignHap
[2026-05-26T19:35:55.905] [WARN] debug-file - Will skip sign 'hos_hap'. No signingConfigs profile is configured in current project.
             If needed, configure the signingConfigs in D:\f\effect-kit-master\build-profile.json5.
[2026-05-26T19:35:55.906] [DEBUG] debug-file - effectkitsample:default@SignHap is not up-to-date, since the output file 'D:\f\effect-kit-master\entry\build\default\outputs\default\effectkitsample-default-signed.hap' does not exist.
[2026-05-26T19:35:55.906] [DEBUG] debug-file - Incremental task effectkitsample:default@SignHap pre-execution cost: 1 ms .
[2026-05-26T19:35:55.906] [DEBUG] debug-file - effectkitsample : default@SignHap cost memory 0.08977508544921875
[2026-05-26T19:35:55.906] [DEBUG] debug-file - runTaskFromQueue task cost before running: 205 ms 
[2026-05-26T19:35:55.907] [INFO] debug-file - Finished :effectkitsample:default@SignHap... after 2 ms 
[2026-05-26T19:35:55.907] [DEBUG] debug-file - Executing task :effectkitsample:default@CollectDebugSymbol
[2026-05-26T19:35:55.908] [DEBUG] debug-file - effectkitsample : default@CollectDebugSymbol cost memory 0.0810546875
[2026-05-26T19:35:55.908] [DEBUG] debug-file - runTaskFromQueue task cost before running: 207 ms 
[2026-05-26T19:35:55.909] [INFO] debug-file - Finished :effectkitsample:default@CollectDebugSymbol... after 2 ms 
[2026-05-26T19:35:55.909] [DEBUG] debug-file - Executing task :effectkitsample:assembleHap
[2026-05-26T19:35:55.909] [DEBUG] debug-file - effectkitsample : assembleHap cost memory 0.0127105712890625
[2026-05-26T19:35:55.909] [DEBUG] debug-file - runTaskFromQueue task cost before running: 207 ms 
[2026-05-26T19:35:55.909] [INFO] debug-file - Finished :effectkitsample:assembleHap... after 1 ms 
[2026-05-26T19:35:55.916] [INFO] debug-file - BUILD SUCCESSFUL in 214 ms 
[2026-05-26T19:35:55.916] [DEBUG] debug-file - There is no need to refresh cache, since the incremental task effectkitsample:default@PreBuild is up-to-date.
[2026-05-26T19:35:55.916] [DEBUG] debug-file - Update task effectkitsample:default@CreateModuleInfo output file:D:\f\effect-kit-master\entry\build\default\generated\profile\default\ModuleInfo.ts cache.
[2026-05-26T19:35:55.916] [DEBUG] debug-file - Incremental task effectkitsample:default@CreateModuleInfo post-execution cost:1 ms .
[2026-05-26T19:35:55.917] [DEBUG] debug-file - There is no need to refresh cache, since the incremental task effectkitsample:default@GenerateMetadata is up-to-date.
[2026-05-26T19:35:55.917] [DEBUG] debug-file - There is no need to refresh cache, since the incremental task effectkitsample:default@MergeProfile is up-to-date.
[2026-05-26T19:35:55.917] [DEBUG] debug-file - There is no need to refresh cache, since the incremental task effectkitsample:default@CreateBuildProfile is up-to-date.
[2026-05-26T19:35:55.917] [DEBUG] debug-file - Update task effectkitsample:default@GeneratePkgContextInfo output file:D:\f\effect-kit-master\entry\build\default\intermediates\loader\default\pkgContextInfo.json cache.
[2026-05-26T19:35:55.917] [DEBUG] debug-file - Incremental task effectkitsample:default@GeneratePkgContextInfo post-execution cost:1 ms .
[2026-05-26T19:35:55.917] [DEBUG] debug-file - There is no need to refresh cache, since the incremental task effectkitsample:default@GeneratePkgSdkInfo is up-to-date.
[2026-05-26T19:35:55.917] [DEBUG] debug-file - Update task effectkitsample:default@ProcessIntegratedHsp output file:D:\f\effect-kit-master\build\cache\default\integrated_hsp\integratedHspCache.json cache.
[2026-05-26T19:35:55.917] [DEBUG] debug-file - Incremental task effectkitsample:default@ProcessIntegratedHsp post-execution cost:1 ms .
[2026-05-26T19:35:55.917] [DEBUG] debug-file - There is no need to refresh cache, since the incremental task effectkitsample:default@MakePackInfo is up-to-date.
[2026-05-26T19:35:55.917] [DEBUG] debug-file - Update task effectkitsample:default@SyscapTransform input file:C:\Program Files\Huawei\DevEco Studio\sdk\default\openharmony\toolchains\syscap_tool.exe cache by regenerate.
[2026-05-26T19:35:55.917] [DEBUG] debug-file - Update task effectkitsample:default@SyscapTransform input file:C:\Program Files\Huawei\DevEco Studio\sdk\default\openharmony\ets\api\device-define cache by regenerate.
[2026-05-26T19:35:55.918] [DEBUG] debug-file - Update task effectkitsample:default@SyscapTransform output file:D:\f\effect-kit-master\entry\build\default\intermediates\syscap\default\rpcid.sc cache.
[2026-05-26T19:35:55.918] [DEBUG] debug-file - Incremental task effectkitsample:default@SyscapTransform post-execution cost:1 ms .
[2026-05-26T19:35:55.918] [DEBUG] debug-file - There is no need to refresh cache, since the incremental task effectkitsample:default@ProcessProfile is up-to-date.
[2026-05-26T19:35:55.918] [DEBUG] debug-file - There is no need to refresh cache, since the incremental task effectkitsample:default@ProcessRouterMap is up-to-date.
[2026-05-26T19:35:55.918] [DEBUG] debug-file - There is no need to refresh cache, since the incremental task effectkitsample:default@ProcessShareConfig is up-to-date.
[2026-05-26T19:35:55.918] [DEBUG] debug-file - Update task effectkitsample:default@ProcessStartupConfig output file:D:\f\effect-kit-master\entry\build\default\intermediates\startup\default\startup_config.json cache.
[2026-05-26T19:35:55.918] [DEBUG] debug-file - Incremental task effectkitsample:default@ProcessStartupConfig post-execution cost:1 ms .
[2026-05-26T19:35:55.918] [DEBUG] debug-file - There is no need to refresh cache, since the incremental task effectkitsample:default@ProcessResource is up-to-date.
[2026-05-26T19:35:55.918] [DEBUG] debug-file - There is no need to refresh cache, since the incremental task effectkitsample:default@GenerateLoaderJson is up-to-date.
[2026-05-26T19:35:55.918] [DEBUG] debug-file - There is no need to refresh cache, since the incremental task effectkitsample:default@ProcessLibs is up-to-date.
[2026-05-26T19:35:55.918] [DEBUG] debug-file - There is no need to refresh cache, since the incremental task effectkitsample:default@CompileResource is up-to-date.
[2026-05-26T19:35:55.918] [DEBUG] debug-file - There is no need to refresh cache, since the incremental task effectkitsample:default@DoNativeStrip is up-to-date.
[2026-05-26T19:35:55.918] [DEBUG] debug-file - There is no need to refresh cache, since the incremental task effectkitsample:default@CompileArkTS is up-to-date.
[2026-05-26T19:35:55.919] [DEBUG] debug-file - Update task effectkitsample:default@BuildJS input file:D:\f\effect-kit-master\entry\build\default\intermediates\loader\default cache by regenerate.
[2026-05-26T19:35:55.919] [DEBUG] debug-file - Update task effectkitsample:default@BuildJS input file:D:\f\effect-kit-master\entry\build\default\intermediates\res\default\ResourceTable.txt cache by regenerate.
[2026-05-26T19:35:55.919] [DEBUG] debug-file - Update task effectkitsample:default@BuildJS input file:D:\f\effect-kit-master\entry\build\default\intermediates\res\default\ark_module.json cache by regenerate.
[2026-05-26T19:35:55.920] [DEBUG] debug-file - Update task effectkitsample:default@BuildJS input file:D:\f\effect-kit-master\entry\build\default\intermediates\res\default\resources\base\profile cache by regenerate.
[2026-05-26T19:35:55.920] [DEBUG] debug-file - Update task effectkitsample:default@BuildJS output file:D:\f\effect-kit-master\entry\build\default\intermediates\loader_out\default\js cache.
[2026-05-26T19:35:55.920] [DEBUG] debug-file - Incremental task effectkitsample:default@BuildJS post-execution cost:2 ms .
[2026-05-26T19:35:55.920] [DEBUG] debug-file - There is no need to refresh cache, since the incremental task effectkitsample:default@CacheNativeLibs is up-to-date.
[2026-05-26T19:35:55.920] [DEBUG] debug-file - There is no need to refresh cache, since the incremental task effectkitsample:default@GeneratePkgModuleJson is up-to-date.
[2026-05-26T19:35:55.920] [DEBUG] debug-file - Incremental task effectkitsample:default@ProcessCompiledResources post-execution cost:1 ms .
[2026-05-26T19:35:55.920] [DEBUG] debug-file - There is no need to refresh cache, since the incremental task effectkitsample:default@PackageHap is up-to-date.
[2026-05-26T19:35:55.920] [DEBUG] debug-file - Update task effectkitsample:default@SignHap input file:D:\f\effect-kit-master\entry\build\default\outputs\default\effectkitsample-default-unsigned.hap cache by regenerate.
[2026-05-26T19:35:55.920] [DEBUG] debug-file - Update task effectkitsample:default@SignHap output file:D:\f\effect-kit-master\entry\build\default\outputs\default\effectkitsample-default-signed.hap cache.
[2026-05-26T19:35:55.920] [DEBUG] debug-file - Incremental task effectkitsample:default@SignHap post-execution cost:1 ms .
[2026-05-26T19:35:55.921] [DEBUG] debug-file - Update task effectkitsample:default@CollectDebugSymbol input file:D:\f\effect-kit-master\entry\build\default\intermediates\loader_out\default\ets\sourceMaps.map cache by regenerate.
[2026-05-26T19:35:55.921] [DEBUG] debug-file - Update task effectkitsample:default@CollectDebugSymbol input file:D:\f\effect-kit-master\entry\build\default\intermediates\libs\default cache by regenerate.
[2026-05-26T19:35:55.921] [DEBUG] debug-file - Update task effectkitsample:default@CollectDebugSymbol output file:D:\f\effect-kit-master\entry\build\default\outputs\default\symbol cache.
[2026-05-26T19:35:55.921] [DEBUG] debug-file - Incremental task effectkitsample:default@CollectDebugSymbol post-execution cost:1 ms .
[2026-05-26T19:35:55.935] [DEBUG] debug-file - There's no busy workers and idle workers need cleanup.
[2026-05-26T19:35:55.936] [DEBUG] debug-file - hvigor build process will be closed.
[2026-05-26T19:35:55.942] [DEBUG] debug-file - session manager: send message to worker process.
[2026-05-26T19:35:55.943] [DEBUG] debug-file - session manager: send message to worker process.
[2026-05-26T19:35:55.960] [DEBUG] debug-file - watch worker: worker id should be larger than 0. Nothing will be sent to any worker thread.
[2026-05-26T19:35:55.960] [DEBUG] debug-file - watch worker: worker id should be larger than 0. Nothing will be sent to any worker thread.
[2026-05-26T19:44:26.351] [DEBUG] debug-file - env: nodejsVersion=v18.20.1
[2026-05-26T19:44:26.784] [DEBUG] debug-file - env: daemon=true
[2026-05-26T19:44:26.352] [DEBUG] debug-file - env: hvigor-config.json5 content = {
  modelVersion: '5.0.0',
  dependencies: {},
  execution: {},
  logging: {},
  debugging: {},
  nodeOptions: {}
}
[2026-05-26T19:44:27.777] [DEBUG] debug-file - hvigor java daemon: Starting java daemon. jvmXmxValue=512m, jarPath=C:\Program Files\Huawei\DevEco Studio\tools\hvigor\hvigor\lib\hvigor-java-daemon.jar
[2026-05-26T19:44:27.777] [DEBUG] debug-file - hvigor java daemon: Read cache file, 
    port=45050, pid=11144, sessionId exists=true
[2026-05-26T19:44:27.795] [DEBUG] debug-file - hvigor java daemon: tryConnect failed, Error: connect ECONNREFUSED 127.0.0.1:45050, will start new daemon
[2026-05-26T19:44:27.805] [DEBUG] debug-file - java daemon started at port 45050 pid 3716
[2026-05-26T19:44:27.828] [DEBUG] debug-file - session manager: set active socket. socketId=JXaa4ZyCsvMkG2sTAAAB
[2026-05-26T19:44:28.422] [DEBUG] debug-file - watch worker: worker id should be larger than 0. Nothing will be sent to any worker thread.
[2026-05-26T19:44:28.426] [DEBUG] debug-file - Since there is no instance or instance is terminated, create a new worker pool.
[2026-05-26T19:44:28.427] [DEBUG] debug-file - Worker pool is initialized with config:  {
  minPoolNum: 2,
  maxPoolNum: undefined,
  maxCoreSize: undefined,
  cacheCapacity: undefined,
  cacheTtl: undefined
}
[2026-05-26T19:44:28.427] [DEBUG] debug-file - Create  resident worker with id: 0.
[2026-05-26T19:44:28.429] [DEBUG] debug-file - Create  resident worker with id: 1.
[2026-05-26T19:44:28.430] [DEBUG] debug-file - Workers' log level updated to INFO
[2026-05-26T19:44:28.437] [DEBUG] debug-file - Hvigor init with startParameters:{
  hvigorfileTypeCheck: false,
  parallelExecution: true,
  incrementalExecution: true,
  printStackTrace: false,
  daemon: true,
  analyze: 0,
  logLevel: Level { level: 20000, levelStr: 'INFO', colour: 'green' },
  optimizationStrategy: 'memory',
  hotCompile: undefined,
  hotReloadBuild: undefined,
  customizedParam: undefined
}
[2026-05-26T19:44:28.445] [DEBUG] debug-file - Cache service initialization finished in 7 ms 
[2026-05-26T19:44:28.447] [DEBUG] debug-file - hvigorfile, resolving D:\f\effect-kit-master\hvigorfile.ts
[2026-05-26T19:44:30.030] [DEBUG] debug-file - hvigorfile, require result:  { default: { plugins: [] } }
[2026-05-26T19:44:30.030] [DEBUG] debug-file - hvigorfile, binding system plugins null
[2026-05-26T19:44:30.031] [DEBUG] debug-file - Starting plugin build process
[2026-05-26T19:44:30.031] [DEBUG] debug-file - App plugin prepare start...
[2026-05-26T19:44:30.031] [DEBUG] debug-file - App plugin prepare end...
[2026-05-26T19:44:30.031] [DEBUG] debug-file - App plugin creating...
[2026-05-26T19:44:30.222] [DEBUG] debug-file - App plugin register hook start...
[2026-05-26T19:44:30.222] [DEBUG] debug-file - App plugin register hook end...
[2026-05-26T19:44:30.222] [DEBUG] debug-file - Plugin build process completed
[2026-05-26T19:44:30.223] [DEBUG] debug-file - Start initialize project's product build option map with build mode debug.
[2026-05-26T19:44:30.223] [DEBUG] debug-file - Picking option from product 'default' with build mode 'debug'.
[2026-05-26T19:44:30.224] [DEBUG] debug-file - Product 'default' build option initialized
[2026-05-26T19:44:30.224] [DEBUG] debug-file - End initialize project's product build option map with build mode 'debug'.
[2026-05-26T19:44:30.225] [DEBUG] debug-file - Obtain build option for product 'default'in this build.
[2026-05-26T19:44:30.227] [DEBUG] debug-file - not found resModel json file in : D:\f\effect-kit-master\entry\src\ohosTest\module.json5
[2026-05-26T19:44:30.231] [DEBUG] debug-file - No signingConfig found, initRemoteHspCache failed.
[2026-05-26T19:44:30.233] [DEBUG] debug-file - Local scan or download HarmonyOS sdk components toolchains,ets,js,native,previewer
[2026-05-26T19:44:30.235] [DEBUG] debug-file - Local scan or download hmscore sdk components toolchains,ets,native
[2026-05-26T19:44:30.237] [DEBUG] debug-file - Start recording SDK configuration permission data.
[2026-05-26T19:44:30.263] [DEBUG] debug-file - Sdk init in 31 ms 
[2026-05-26T19:44:30.269] [DEBUG] debug-file - Project task initialization takes 5 ms 
[2026-05-26T19:44:30.269] [DEBUG] debug-file - hvigorfile, begin to bind custom plugins...
[2026-05-26T19:44:30.269] [DEBUG] debug-file - hvigorfile, no custom plugins were found in D:\f\effect-kit-master\hvigorfile.ts
[2026-05-26T19:44:30.269] [DEBUG] debug-file - hvigorfile, resolve finished D:\f\effect-kit-master\hvigorfile.ts
[2026-05-26T19:44:30.269] [DEBUG] debug-file - hvigorfile, resolving D:\f\effect-kit-master\entry\hvigorfile.ts
[2026-05-26T19:44:30.274] [DEBUG] debug-file - hvigorfile, require result:  { default: { plugins: [] } }
[2026-05-26T19:44:30.274] [DEBUG] debug-file - hvigorfile, binding system plugins null
[2026-05-26T19:44:30.274] [DEBUG] debug-file - Starting plugin build process
[2026-05-26T19:44:30.274] [DEBUG] debug-file - Hap plugin creating...
[2026-05-26T19:44:30.275] [DEBUG] debug-file - failed to load cangjie to dynamically generate schemas: Error: Cannot find module '@ohos/cangjie-build-support/index'
Require stack:
- C:\Program Files\Huawei\DevEco Studio\tools\hvigor\hvigor-ohos-plugin\src\plugin\hooks\cangjie-register.js
- C:\Program Files\Huawei\DevEco Studio\tools\hvigor\hvigor-ohos-plugin\src\plugin\strategy\stage-init-strategy.js
- C:\Program Files\Huawei\DevEco Studio\tools\hvigor\hvigor-ohos-plugin\src\plugin\builder\abstract-plugin-builder.js
- C:\Program Files\Huawei\DevEco Studio\tools\hvigor\hvigor-ohos-plugin\src\plugin\builder\app-plugin-builder.js
- C:\Program Files\Huawei\DevEco Studio\tools\hvigor\hvigor-ohos-plugin\src\plugin\factory\plugin-factory.js
- C:\Program Files\Huawei\DevEco Studio\tools\hvigor\hvigor-ohos-plugin\index.js
- D:\f\effect-kit-master\hvigorfile.ts
- C:\Program Files\Huawei\DevEco Studio\tools\hvigor\hvigor\src\base\internal\lifecycle\configuration.js
- C:\Program Files\Huawei\DevEco Studio\tools\hvigor\hvigor\src\base\boot\index.js
- C:\Program Files\Huawei\DevEco Studio\tools\hvigor\hvigor\src\base\daemon\cluster\worker-process-lifecycle.js
- C:\Program Files\Huawei\DevEco Studio\tools\hvigor\hvigor\src\base\daemon\process\daemon-process-boot-script.js
[2026-05-26T19:44:30.285] [DEBUG] debug-file - Start initialize module-target build option map, moduleName=effectkitsample, buildMode=debug
[2026-05-26T19:44:30.286] [DEBUG] debug-file - Target 'default' config initialized
[2026-05-26T19:44:30.286] [DEBUG] debug-file - Target 'ohosTest' config initialized
[2026-05-26T19:44:30.286] [DEBUG] debug-file - Module 'effectkitsample' target 'default' build option initialized
[2026-05-26T19:44:30.286] [DEBUG] debug-file - Module 'effectkitsample' target 'ohosTest' build option initialized
[2026-05-26T19:44:30.286] [DEBUG] debug-file - End initialize module-target build option map, moduleName=effectkitsample
[2026-05-26T19:44:30.286] [DEBUG] debug-file - Start initialize module-target build option map, moduleName=effectkitsample, buildMode=release
[2026-05-26T19:44:30.286] [DEBUG] debug-file - Target 'default' config initialized
[2026-05-26T19:44:30.287] [DEBUG] debug-file - Target 'ohosTest' config initialized
[2026-05-26T19:44:30.288] [DEBUG] debug-file - Module 'effectkitsample' target 'default' build option initialized
[2026-05-26T19:44:30.288] [DEBUG] debug-file - Module 'effectkitsample' target 'ohosTest' build option initialized
[2026-05-26T19:44:30.288] [DEBUG] debug-file - End initialize module-target build option map, moduleName=effectkitsample
[2026-05-26T19:44:30.288] [DEBUG] debug-file - Start initialize module-target build option map, moduleName=effectkitsample, buildMode=debug
[2026-05-26T19:44:30.288] [DEBUG] debug-file - Target 'default' config initialized
[2026-05-26T19:44:30.288] [DEBUG] debug-file - Target 'ohosTest' config initialized
[2026-05-26T19:44:30.288] [DEBUG] debug-file - Module 'effectkitsample' target 'default' build option initialized
[2026-05-26T19:44:30.288] [DEBUG] debug-file - Module 'effectkitsample' target 'ohosTest' build option initialized
[2026-05-26T19:44:30.288] [DEBUG] debug-file - End initialize module-target build option map, moduleName=effectkitsample
[2026-05-26T19:44:30.289] [DEBUG] debug-file - Obtain build option for module 'effectkitsample' target 'default'in this build.
[2026-05-26T19:44:30.297] [DEBUG] debug-file - Module effectkitsample task initialization takes 6 ms 
[2026-05-26T19:44:30.298] [DEBUG] debug-file - Hap plugin register hook start...
[2026-05-26T19:44:30.298] [DEBUG] debug-file - Hap plugin register hook end...
[2026-05-26T19:44:30.298] [DEBUG] debug-file - Plugin build process completed
[2026-05-26T19:44:30.298] [DEBUG] debug-file - hvigorfile, begin to bind custom plugins...
[2026-05-26T19:44:30.298] [DEBUG] debug-file - hvigorfile, no custom plugins were found in D:\f\effect-kit-master\entry\hvigorfile.ts
[2026-05-26T19:44:30.298] [DEBUG] debug-file - hvigorfile, resolve finished D:\f\effect-kit-master\entry\hvigorfile.ts
[2026-05-26T19:44:30.361] [DEBUG] debug-file - hvigorfile, resolve hvigorfile dependencies in 62 ms 
[2026-05-26T19:44:30.361] [DEBUG] debug-file - project has submodules:effectkitsample
[2026-05-26T19:44:30.363] [DEBUG] debug-file - start to load updatedOhPackageInfo to the disk
[2026-05-26T19:44:30.365] [DEBUG] debug-file - load to the disk finished
[2026-05-26T19:44:30.365] [DEBUG] debug-file - Start to initialize dependency information.
[2026-05-26T19:44:30.367] [DEBUG] debug-file - Module effect-kit-master Collected Dependency: 
[2026-05-26T19:44:30.367] [DEBUG] debug-file - Module effect-kit-master's total dependency: 0
[2026-05-26T19:44:30.368] [DEBUG] debug-file - Start to initialize dependency information.
[2026-05-26T19:44:30.369] [DEBUG] debug-file - Module effectkitsample Collected Dependency: 
[2026-05-26T19:44:30.369] [DEBUG] debug-file - Module effectkitsample's total dependency: 0
[2026-05-26T19:44:30.372] [DEBUG] debug-file - Configuration phase cost:1 s 927 ms 
[2026-05-26T19:44:30.373] [DEBUG] debug-file - Configuration task cost before running: 1 s 943 ms 
[2026-05-26T19:44:30.377] [DEBUG] debug-file - Executing task :effectkitsample:default@PreBuild
[2026-05-26T19:44:30.378] [DEBUG] debug-file - Task 'effectkitsample:default@PreBuild' cost while wrapping incremental declarations: 1 ms 
[2026-05-26T19:44:30.383] [DEBUG] debug-file - Incremental task effectkitsample:default@PreBuild pre-execution cost: 4 ms .
[2026-05-26T19:44:30.383] [DEBUG] debug-file - effectkitsample : default@PreBuild cost memory 0.42118072509765625
[2026-05-26T19:44:30.384] [INFO] debug-file - UP-TO-DATE :effectkitsample:default@PreBuild...  
[2026-05-26T19:44:30.385] [DEBUG] debug-file - Executing task :effectkitsample:default@CreateModuleInfo
[2026-05-26T19:44:30.385] [DEBUG] debug-file - Task 'effectkitsample:default@CreateModuleInfo' cost while wrapping incremental declarations: 1 ms 
[2026-05-26T19:44:30.386] [DEBUG] debug-file - effectkitsample : default@CreateModuleInfo cost memory 0.04274749755859375
[2026-05-26T19:44:30.386] [DEBUG] debug-file - runTaskFromQueue task cost before running: 1 s 955 ms 
[2026-05-26T19:44:30.386] [INFO] debug-file - Finished :effectkitsample:default@CreateModuleInfo... after 1 ms 
[2026-05-26T19:44:30.387] [DEBUG] debug-file - Executing task :effectkitsample:default@GenerateMetadata
[2026-05-26T19:44:30.387] [DEBUG] debug-file - Task 'effectkitsample:default@GenerateMetadata' cost while wrapping incremental declarations: 1 ms 
[2026-05-26T19:44:30.388] [DEBUG] debug-file - Incremental task effectkitsample:default@GenerateMetadata pre-execution cost: 1 ms .
[2026-05-26T19:44:30.388] [DEBUG] debug-file - effectkitsample : default@GenerateMetadata cost memory 0.08557891845703125
[2026-05-26T19:44:30.388] [INFO] debug-file - UP-TO-DATE :effectkitsample:default@GenerateMetadata...  
[2026-05-26T19:44:30.389] [DEBUG] debug-file - Executing task :effectkitsample:default@ConfigureCmake
[2026-05-26T19:44:30.389] [DEBUG] debug-file - effectkitsample : default@ConfigureCmake cost memory 0.01461029052734375
[2026-05-26T19:44:30.389] [DEBUG] debug-file - runTaskFromQueue task cost before running: 1 s 959 ms 
[2026-05-26T19:44:30.389] [INFO] debug-file - Finished :effectkitsample:default@ConfigureCmake... after 1 ms 
[2026-05-26T19:44:30.390] [DEBUG] debug-file - Executing task :effectkitsample:default@MergeProfile
[2026-05-26T19:44:30.390] [DEBUG] debug-file - Task 'effectkitsample:default@MergeProfile' cost while wrapping incremental declarations: 1 ms 
[2026-05-26T19:44:30.392] [DEBUG] debug-file - Incremental task effectkitsample:default@MergeProfile pre-execution cost: 1 ms .
[2026-05-26T19:44:30.392] [DEBUG] debug-file - effectkitsample : default@MergeProfile cost memory 0.156707763671875
[2026-05-26T19:44:30.392] [INFO] debug-file - UP-TO-DATE :effectkitsample:default@MergeProfile...  
[2026-05-26T19:44:30.393] [DEBUG] debug-file - Executing task :effectkitsample:default@CreateBuildProfile
[2026-05-26T19:44:30.393] [DEBUG] debug-file - Task 'effectkitsample:default@CreateBuildProfile' cost while wrapping incremental declarations: 1 ms 
[2026-05-26T19:44:30.394] [DEBUG] debug-file - Incremental task effectkitsample:default@CreateBuildProfile pre-execution cost: 1 ms .
[2026-05-26T19:44:30.394] [DEBUG] debug-file - effectkitsample : default@CreateBuildProfile cost memory 0.10317230224609375
[2026-05-26T19:44:30.394] [INFO] debug-file - UP-TO-DATE :effectkitsample:default@CreateBuildProfile...  
[2026-05-26T19:44:30.394] [DEBUG] debug-file - Executing task :effectkitsample:default@PreCheckSyscap
[2026-05-26T19:44:30.395] [DEBUG] debug-file - effectkitsample : default@PreCheckSyscap cost memory 0.0147552490234375
[2026-05-26T19:44:30.395] [DEBUG] debug-file - runTaskFromQueue task cost before running: 1 s 964 ms 
[2026-05-26T19:44:30.395] [INFO] debug-file - Finished :effectkitsample:default@PreCheckSyscap... after 1 ms 
[2026-05-26T19:44:30.396] [DEBUG] debug-file - Executing task :effectkitsample:default@GeneratePkgContextInfo
[2026-05-26T19:44:30.399] [DEBUG] debug-file - Task 'effectkitsample:default@GeneratePkgContextInfo' cost while wrapping incremental declarations: 1 ms 
[2026-05-26T19:44:30.399] [DEBUG] debug-file - effectkitsample : default@GeneratePkgContextInfo cost memory 0.1611785888671875
[2026-05-26T19:44:30.399] [DEBUG] debug-file - runTaskFromQueue task cost before running: 1 s 969 ms 
[2026-05-26T19:44:30.399] [INFO] debug-file - Finished :effectkitsample:default@GeneratePkgContextInfo... after 4 ms 
[2026-05-26T19:44:30.400] [DEBUG] debug-file - Executing task :effectkitsample:default@GeneratePkgSdkInfo
[2026-05-26T19:44:30.401] [DEBUG] debug-file - Task 'effectkitsample:default@GeneratePkgSdkInfo' cost while wrapping incremental declarations: 1 ms 
[2026-05-26T19:44:30.402] [DEBUG] debug-file - Incremental task effectkitsample:default@GeneratePkgSdkInfo pre-execution cost: 1 ms .
[2026-05-26T19:44:30.402] [DEBUG] debug-file - effectkitsample : default@GeneratePkgSdkInfo cost memory 0.12429046630859375
[2026-05-26T19:44:30.402] [INFO] debug-file - UP-TO-DATE :effectkitsample:default@GeneratePkgSdkInfo...  
[2026-05-26T19:44:30.404] [DEBUG] debug-file - Executing task :effectkitsample:default@ProcessIntegratedHsp
[2026-05-26T19:44:30.404] [DEBUG] debug-file - effectkitsample:default@ProcessIntegratedHsp is not up-to-date, since the output file 'D:\f\effect-kit-master\build\cache\default\integrated_hsp\integratedHspCache.json' does not exist.
[2026-05-26T19:44:30.404] [DEBUG] debug-file - Incremental task effectkitsample:default@ProcessIntegratedHsp pre-execution cost: 1 ms .
[2026-05-26T19:44:30.404] [DEBUG] debug-file - effectkitsample : default@ProcessIntegratedHsp cost memory 0.0557403564453125
[2026-05-26T19:44:30.404] [DEBUG] debug-file - runTaskFromQueue task cost before running: 1 s 974 ms 
[2026-05-26T19:44:30.405] [INFO] debug-file - Finished :effectkitsample:default@ProcessIntegratedHsp... after 1 ms 
[2026-05-26T19:44:30.405] [DEBUG] debug-file - Executing task :effectkitsample:default@BuildNativeWithCmake
[2026-05-26T19:44:30.405] [DEBUG] debug-file - effectkitsample : default@BuildNativeWithCmake cost memory 0.01507568359375
[2026-05-26T19:44:30.405] [DEBUG] debug-file - runTaskFromQueue task cost before running: 1 s 975 ms 
[2026-05-26T19:44:30.406] [INFO] debug-file - Finished :effectkitsample:default@BuildNativeWithCmake... after 1 ms 
[2026-05-26T19:44:30.406] [DEBUG] debug-file - Executing task :effectkitsample:default@MakePackInfo
[2026-05-26T19:44:30.407] [DEBUG] debug-file - Incremental task effectkitsample:default@MakePackInfo pre-execution cost: 1 ms .
[2026-05-26T19:44:30.407] [DEBUG] debug-file - effectkitsample : default@MakePackInfo cost memory 0.10079193115234375
[2026-05-26T19:44:30.407] [INFO] debug-file - UP-TO-DATE :effectkitsample:default@MakePackInfo...  
[2026-05-26T19:44:30.408] [DEBUG] debug-file - Executing task :effectkitsample:default@SyscapTransform
[2026-05-26T19:44:30.408] [DEBUG] debug-file - File: 'D:\f\effect-kit-master\entry\src\main\syscap.json' from 'sysCapJsonPath' is not exists, just ignore.
[2026-05-26T19:44:30.409] [DEBUG] debug-file - Task 'effectkitsample:default@SyscapTransform' cost while wrapping incremental declarations: 1 ms 
[2026-05-26T19:44:30.418] [DEBUG] debug-file - effectkitsample:default@SyscapTransform is not up-to-date, since the output file 'D:\f\effect-kit-master\entry\build\default\intermediates\syscap\default\rpcid.sc' does not exist.
[2026-05-26T19:44:30.419] [DEBUG] debug-file - Incremental task effectkitsample:default@SyscapTransform pre-execution cost: 10 ms .
[2026-05-26T19:44:30.419] [DEBUG] debug-file - effectkitsample : default@SyscapTransform cost memory 0.1565704345703125
[2026-05-26T19:44:30.419] [DEBUG] debug-file - runTaskFromQueue task cost before running: 1 s 988 ms 
[2026-05-26T19:44:30.419] [INFO] debug-file - Finished :effectkitsample:default@SyscapTransform... after 11 ms 
[2026-05-26T19:44:30.420] [DEBUG] debug-file - Executing task :effectkitsample:default@ProcessProfile
[2026-05-26T19:44:30.421] [DEBUG] debug-file - Task 'effectkitsample:default@ProcessProfile' cost while wrapping incremental declarations: 1 ms 
[2026-05-26T19:44:30.422] [DEBUG] debug-file - Incremental task effectkitsample:default@ProcessProfile pre-execution cost: 1 ms .
[2026-05-26T19:44:30.422] [DEBUG] debug-file - effectkitsample : default@ProcessProfile cost memory 0.1291656494140625
[2026-05-26T19:44:30.422] [INFO] debug-file - UP-TO-DATE :effectkitsample:default@ProcessProfile...  
[2026-05-26T19:44:30.423] [DEBUG] debug-file - Executing task :effectkitsample:default@ProcessRouterMap
[2026-05-26T19:44:30.424] [DEBUG] debug-file - Incremental task effectkitsample:default@ProcessRouterMap pre-execution cost: 1 ms .
[2026-05-26T19:44:30.424] [DEBUG] debug-file - effectkitsample : default@ProcessRouterMap cost memory 0.123870849609375
[2026-05-26T19:44:30.425] [INFO] debug-file - UP-TO-DATE :effectkitsample:default@ProcessRouterMap...  
[2026-05-26T19:44:30.426] [DEBUG] debug-file - Executing task :effectkitsample:default@ProcessShareConfig
[2026-05-26T19:44:30.427] [DEBUG] debug-file - Incremental task effectkitsample:default@ProcessShareConfig pre-execution cost: 1 ms .
[2026-05-26T19:44:30.427] [DEBUG] debug-file - effectkitsample : default@ProcessShareConfig cost memory 0.10100555419921875
[2026-05-26T19:44:30.427] [INFO] debug-file - UP-TO-DATE :effectkitsample:default@ProcessShareConfig...  
[2026-05-26T19:44:30.428] [DEBUG] debug-file - Executing task :effectkitsample:default@ProcessStartupConfig
[2026-05-26T19:44:30.428] [DEBUG] debug-file - Task 'effectkitsample:default@ProcessStartupConfig' cost while wrapping incremental declarations: 1 ms 
[2026-05-26T19:44:30.428] [DEBUG] debug-file - effectkitsample:default@ProcessStartupConfig is not up-to-date, since the output file 'D:\f\effect-kit-master\entry\build\default\intermediates\startup\default\startup_config.json' does not exist.
[2026-05-26T19:44:30.428] [DEBUG] debug-file - Incremental task effectkitsample:default@ProcessStartupConfig pre-execution cost: 1 ms .
[2026-05-26T19:44:30.432] [DEBUG] debug-file - effectkitsample : default@ProcessStartupConfig cost memory -7.744598388671875
[2026-05-26T19:44:30.432] [DEBUG] debug-file - runTaskFromQueue task cost before running: 2 s 
[2026-05-26T19:44:30.432] [INFO] debug-file - Finished :effectkitsample:default@ProcessStartupConfig... after 5 ms 
[2026-05-26T19:44:30.433] [DEBUG] debug-file - Executing task :effectkitsample:default@BuildNativeWithNinja
[2026-05-26T19:44:30.433] [DEBUG] debug-file - effectkitsample : default@BuildNativeWithNinja cost memory 0.01995086669921875
[2026-05-26T19:44:30.433] [DEBUG] debug-file - runTaskFromQueue task cost before running: 2 s 3 ms 
[2026-05-26T19:44:30.433] [INFO] debug-file - Finished :effectkitsample:default@BuildNativeWithNinja... after 1 ms 
[2026-05-26T19:44:30.434] [DEBUG] debug-file - restool module names: effectkitsample; moduleName=effectkitsample, taskName=default@ProcessResource
[2026-05-26T19:44:30.436] [DEBUG] debug-file - Executing task :effectkitsample:default@ProcessResource
[2026-05-26T19:44:30.436] [DEBUG] debug-file - Task 'effectkitsample:default@ProcessResource' cost while wrapping incremental declarations: 1 ms 
[2026-05-26T19:44:30.437] [DEBUG] debug-file - Incremental task effectkitsample:default@ProcessResource pre-execution cost: 1 ms .
[2026-05-26T19:44:30.437] [DEBUG] debug-file - effectkitsample : default@ProcessResource cost memory 0.13475799560546875
[2026-05-26T19:44:30.438] [INFO] debug-file - UP-TO-DATE :effectkitsample:default@ProcessResource...  
[2026-05-26T19:44:30.439] [DEBUG] debug-file - Executing task :effectkitsample:default@GenerateLoaderJson
[2026-05-26T19:44:30.440] [DEBUG] debug-file - Task 'effectkitsample:default@GenerateLoaderJson' cost while wrapping incremental declarations: 1 ms 
[2026-05-26T19:44:30.445] [DEBUG] debug-file - Incremental task effectkitsample:default@GenerateLoaderJson pre-execution cost: 3 ms .
[2026-05-26T19:44:30.445] [DEBUG] debug-file - effectkitsample : default@GenerateLoaderJson cost memory 0.4277496337890625
[2026-05-26T19:44:30.447] [INFO] debug-file - UP-TO-DATE :effectkitsample:default@GenerateLoaderJson...  
[2026-05-26T19:44:30.448] [DEBUG] debug-file - Executing task :effectkitsample:default@ProcessLibs
[2026-05-26T19:44:30.450] [DEBUG] debug-file - Incremental task effectkitsample:default@ProcessLibs pre-execution cost: 1 ms .
[2026-05-26T19:44:30.450] [DEBUG] debug-file - effectkitsample : default@ProcessLibs cost memory 0.09587860107421875
[2026-05-26T19:44:30.450] [INFO] debug-file - UP-TO-DATE :effectkitsample:default@ProcessLibs...  
[2026-05-26T19:44:30.451] [DEBUG] debug-file - restool module names: effectkitsample; moduleName=effectkitsample, taskName=default@CompileResource
[2026-05-26T19:44:30.451] [DEBUG] debug-file - Executing task :effectkitsample:default@CompileResource
[2026-05-26T19:44:30.459] [DEBUG] debug-file - Incremental task effectkitsample:default@CompileResource pre-execution cost: 7 ms .
[2026-05-26T19:44:30.459] [DEBUG] debug-file - effectkitsample : default@CompileResource cost memory 0.74835205078125
[2026-05-26T19:44:30.460] [INFO] debug-file - UP-TO-DATE :effectkitsample:default@CompileResource...  
[2026-05-26T19:44:30.461] [DEBUG] debug-file - Executing task :effectkitsample:default@DoNativeStrip
[2026-05-26T19:44:30.461] [DEBUG] debug-file - File: 'D:\f\effect-kit-master\entry\build\default\intermediates\binxo\default' from 'doBinxoNativeLibs' is not exists, just ignore.
[2026-05-26T19:44:30.461] [DEBUG] debug-file - Task 'effectkitsample:default@DoNativeStrip' cost while wrapping incremental declarations: 1 ms 
[2026-05-26T19:44:30.462] [DEBUG] debug-file - Incremental task effectkitsample:default@DoNativeStrip pre-execution cost: 1 ms .
[2026-05-26T19:44:30.462] [DEBUG] debug-file - effectkitsample : default@DoNativeStrip cost memory 0.09316253662109375
[2026-05-26T19:44:30.462] [INFO] debug-file - UP-TO-DATE :effectkitsample:default@DoNativeStrip...  
[2026-05-26T19:44:30.463] [DEBUG] debug-file - Executing task :effectkitsample:default@CompileArkTS
[2026-05-26T19:44:30.464] [DEBUG] debug-file - obfuscationOptions: undefined
[2026-05-26T19:44:30.465] [DEBUG] debug-file - Task 'effectkitsample:default@CompileArkTS' cost while wrapping incremental declarations: 1 ms 
[2026-05-26T19:44:30.469] [DEBUG] debug-file - Incremental task effectkitsample:default@CompileArkTS pre-execution cost: 4 ms .
[2026-05-26T19:44:30.469] [DEBUG] debug-file - effectkitsample : default@CompileArkTS cost memory 0.5332489013671875
[2026-05-26T19:44:30.470] [INFO] debug-file - UP-TO-DATE :effectkitsample:default@CompileArkTS...  
[2026-05-26T19:44:30.471] [DEBUG] debug-file - Executing task :effectkitsample:default@BuildJS
[2026-05-26T19:44:30.471] [DEBUG] debug-file - Task 'effectkitsample:default@BuildJS' cost while wrapping incremental declarations: 1 ms 
[2026-05-26T19:44:30.473] [DEBUG] debug-file - effectkitsample : default@BuildJS cost memory 0.14110565185546875
[2026-05-26T19:44:30.473] [DEBUG] debug-file - runTaskFromQueue task cost before running: 2 s 42 ms 
[2026-05-26T19:44:30.473] [INFO] debug-file - Finished :effectkitsample:default@BuildJS... after 2 ms 
[2026-05-26T19:44:30.474] [DEBUG] debug-file - Executing task :effectkitsample:default@CacheNativeLibs
[2026-05-26T19:44:30.474] [DEBUG] debug-file - File: 'D:\f\effect-kit-master\entry\build\default\intermediates\binxo\default' from 'cacheBinxoNativeLibs' is not exists, just ignore.
[2026-05-26T19:44:30.474] [DEBUG] debug-file - Task 'effectkitsample:default@CacheNativeLibs' cost while wrapping incremental declarations: 1 ms 
[2026-05-26T19:44:30.475] [DEBUG] debug-file - Incremental task effectkitsample:default@CacheNativeLibs pre-execution cost: 1 ms .
[2026-05-26T19:44:30.475] [DEBUG] debug-file - effectkitsample : default@CacheNativeLibs cost memory 0.1207275390625
[2026-05-26T19:44:30.475] [INFO] debug-file - UP-TO-DATE :effectkitsample:default@CacheNativeLibs...  
[2026-05-26T19:44:30.476] [DEBUG] debug-file - Executing task :effectkitsample:default@GeneratePkgModuleJson
[2026-05-26T19:44:30.476] [DEBUG] debug-file - File: 'D:\f\effect-kit-master\entry\build\default\intermediates\preload\default\preload.json' from 'preloadSoJsonPath' is not exists, just ignore.
[2026-05-26T19:44:30.476] [DEBUG] debug-file - Error occurs while handling @Input 'shouldDeduplicateHar': The "data" argument must be of type string or an instance of Buffer, TypedArray, or DataView. Received undefined
[2026-05-26T19:44:30.476] [DEBUG] debug-file - Task 'effectkitsample:default@GeneratePkgModuleJson' cost while wrapping incremental declarations: 1 ms 
[2026-05-26T19:44:30.477] [DEBUG] debug-file - Incremental task effectkitsample:default@GeneratePkgModuleJson pre-execution cost: 1 ms .
[2026-05-26T19:44:30.477] [DEBUG] debug-file - effectkitsample : default@GeneratePkgModuleJson cost memory 0.10411834716796875
[2026-05-26T19:44:30.477] [INFO] debug-file - UP-TO-DATE :effectkitsample:default@GeneratePkgModuleJson...  
[2026-05-26T19:44:30.477] [DEBUG] debug-file - Executing task :effectkitsample:default@ProcessCompiledResources
[2026-05-26T19:44:30.478] [DEBUG] debug-file - File: 'D:\f\effect-kit-master\entry\build\default\intermediates\preload\default\preload.json' from 'preloadSoJsonPath' is not exists, just ignore.
[2026-05-26T19:44:30.478] [DEBUG] debug-file - Task 'effectkitsample:default@ProcessCompiledResources' cost while wrapping incremental declarations: 1 ms 
[2026-05-26T19:44:30.478] [DEBUG] debug-file - effectkitsample : default@ProcessCompiledResources cost memory 0.0583953857421875
[2026-05-26T19:44:30.478] [DEBUG] debug-file - runTaskFromQueue task cost before running: 2 s 47 ms 
[2026-05-26T19:44:30.478] [INFO] debug-file - Finished :effectkitsample:default@ProcessCompiledResources... after 1 ms 
[2026-05-26T19:44:30.480] [DEBUG] debug-file - Executing task :effectkitsample:default@PackageHap
[2026-05-26T19:44:30.484] [DEBUG] debug-file - Incremental task effectkitsample:default@PackageHap pre-execution cost: 4 ms .
[2026-05-26T19:44:30.484] [DEBUG] debug-file - effectkitsample : default@PackageHap cost memory 0.5211639404296875
[2026-05-26T19:44:30.485] [INFO] debug-file - UP-TO-DATE :effectkitsample:default@PackageHap...  
[2026-05-26T19:44:30.485] [DEBUG] debug-file - Executing task :effectkitsample:default@PackingCheck
[2026-05-26T19:44:30.490] [DEBUG] debug-file - effectkitsample : default@PackingCheck cost memory 0.59466552734375
[2026-05-26T19:44:30.490] [DEBUG] debug-file - runTaskFromQueue task cost before running: 2 s 60 ms 
[2026-05-26T19:44:30.490] [INFO] debug-file - Finished :effectkitsample:default@PackingCheck... after 5 ms 
[2026-05-26T19:44:30.491] [DEBUG] debug-file - Executing task :effectkitsample:default@SignHap
[2026-05-26T19:44:30.491] [WARN] debug-file - Will skip sign 'hos_hap'. No signingConfigs profile is configured in current project.
             If needed, configure the signingConfigs in D:\f\effect-kit-master\build-profile.json5.
[2026-05-26T19:44:30.492] [DEBUG] debug-file - effectkitsample:default@SignHap is not up-to-date, since the output file 'D:\f\effect-kit-master\entry\build\default\outputs\default\effectkitsample-default-signed.hap' does not exist.
[2026-05-26T19:44:30.492] [DEBUG] debug-file - Incremental task effectkitsample:default@SignHap pre-execution cost: 1 ms .
[2026-05-26T19:44:30.492] [DEBUG] debug-file - effectkitsample : default@SignHap cost memory 0.0917816162109375
[2026-05-26T19:44:30.492] [DEBUG] debug-file - runTaskFromQueue task cost before running: 2 s 62 ms 
[2026-05-26T19:44:30.493] [INFO] debug-file - Finished :effectkitsample:default@SignHap... after 2 ms 
[2026-05-26T19:44:30.493] [DEBUG] debug-file - Executing task :effectkitsample:default@CollectDebugSymbol
[2026-05-26T19:44:30.494] [DEBUG] debug-file - effectkitsample : default@CollectDebugSymbol cost memory 0.0901947021484375
[2026-05-26T19:44:30.494] [DEBUG] debug-file - runTaskFromQueue task cost before running: 2 s 64 ms 
[2026-05-26T19:44:30.494] [INFO] debug-file - Finished :effectkitsample:default@CollectDebugSymbol... after 1 ms 
[2026-05-26T19:44:30.494] [DEBUG] debug-file - Executing task :effectkitsample:assembleHap
[2026-05-26T19:44:30.494] [DEBUG] debug-file - effectkitsample : assembleHap cost memory 0.01287078857421875
[2026-05-26T19:44:30.494] [DEBUG] debug-file - runTaskFromQueue task cost before running: 2 s 64 ms 
[2026-05-26T19:44:30.494] [INFO] debug-file - Finished :effectkitsample:assembleHap... after 1 ms 
[2026-05-26T19:44:30.502] [INFO] debug-file - BUILD SUCCESSFUL in 2 s 71 ms 
[2026-05-26T19:44:30.502] [DEBUG] debug-file - There is no need to refresh cache, since the incremental task effectkitsample:default@PreBuild is up-to-date.
[2026-05-26T19:44:30.502] [DEBUG] debug-file - Update task effectkitsample:default@CreateModuleInfo output file:D:\f\effect-kit-master\entry\build\default\generated\profile\default\ModuleInfo.ts cache.
[2026-05-26T19:44:30.503] [DEBUG] debug-file - Incremental task effectkitsample:default@CreateModuleInfo post-execution cost:1 ms .
[2026-05-26T19:44:30.503] [DEBUG] debug-file - There is no need to refresh cache, since the incremental task effectkitsample:default@GenerateMetadata is up-to-date.
[2026-05-26T19:44:30.503] [DEBUG] debug-file - There is no need to refresh cache, since the incremental task effectkitsample:default@MergeProfile is up-to-date.
[2026-05-26T19:44:30.503] [DEBUG] debug-file - There is no need to refresh cache, since the incremental task effectkitsample:default@CreateBuildProfile is up-to-date.
[2026-05-26T19:44:30.503] [DEBUG] debug-file - Update task effectkitsample:default@GeneratePkgContextInfo output file:D:\f\effect-kit-master\entry\build\default\intermediates\loader\default\pkgContextInfo.json cache.
[2026-05-26T19:44:30.503] [DEBUG] debug-file - Incremental task effectkitsample:default@GeneratePkgContextInfo post-execution cost:1 ms .
[2026-05-26T19:44:30.503] [DEBUG] debug-file - There is no need to refresh cache, since the incremental task effectkitsample:default@GeneratePkgSdkInfo is up-to-date.
[2026-05-26T19:44:30.503] [DEBUG] debug-file - Update task effectkitsample:default@ProcessIntegratedHsp output file:D:\f\effect-kit-master\build\cache\default\integrated_hsp\integratedHspCache.json cache.
[2026-05-26T19:44:30.504] [DEBUG] debug-file - Incremental task effectkitsample:default@ProcessIntegratedHsp post-execution cost:1 ms .
[2026-05-26T19:44:30.504] [DEBUG] debug-file - There is no need to refresh cache, since the incremental task effectkitsample:default@MakePackInfo is up-to-date.
[2026-05-26T19:44:30.504] [DEBUG] debug-file - Update task effectkitsample:default@SyscapTransform input file:C:\Program Files\Huawei\DevEco Studio\sdk\default\openharmony\toolchains\syscap_tool.exe cache by regenerate.
[2026-05-26T19:44:30.504] [DEBUG] debug-file - Update task effectkitsample:default@SyscapTransform input file:C:\Program Files\Huawei\DevEco Studio\sdk\default\openharmony\ets\api\device-define cache by regenerate.
[2026-05-26T19:44:30.505] [DEBUG] debug-file - Update task effectkitsample:default@SyscapTransform output file:D:\f\effect-kit-master\entry\build\default\intermediates\syscap\default\rpcid.sc cache.
[2026-05-26T19:44:30.505] [DEBUG] debug-file - Incremental task effectkitsample:default@SyscapTransform post-execution cost:2 ms .
[2026-05-26T19:44:30.505] [DEBUG] debug-file - There is no need to refresh cache, since the incremental task effectkitsample:default@ProcessProfile is up-to-date.
[2026-05-26T19:44:30.505] [DEBUG] debug-file - There is no need to refresh cache, since the incremental task effectkitsample:default@ProcessRouterMap is up-to-date.
[2026-05-26T19:44:30.505] [DEBUG] debug-file - There is no need to refresh cache, since the incremental task effectkitsample:default@ProcessShareConfig is up-to-date.
[2026-05-26T19:44:30.505] [DEBUG] debug-file - Update task effectkitsample:default@ProcessStartupConfig output file:D:\f\effect-kit-master\entry\build\default\intermediates\startup\default\startup_config.json cache.
[2026-05-26T19:44:30.505] [DEBUG] debug-file - Incremental task effectkitsample:default@ProcessStartupConfig post-execution cost:1 ms .
[2026-05-26T19:44:30.505] [DEBUG] debug-file - There is no need to refresh cache, since the incremental task effectkitsample:default@ProcessResource is up-to-date.
[2026-05-26T19:44:30.505] [DEBUG] debug-file - There is no need to refresh cache, since the incremental task effectkitsample:default@GenerateLoaderJson is up-to-date.
[2026-05-26T19:44:30.505] [DEBUG] debug-file - There is no need to refresh cache, since the incremental task effectkitsample:default@ProcessLibs is up-to-date.
[2026-05-26T19:44:30.505] [DEBUG] debug-file - There is no need to refresh cache, since the incremental task effectkitsample:default@CompileResource is up-to-date.
[2026-05-26T19:44:30.505] [DEBUG] debug-file - There is no need to refresh cache, since the incremental task effectkitsample:default@DoNativeStrip is up-to-date.
[2026-05-26T19:44:30.505] [DEBUG] debug-file - There is no need to refresh cache, since the incremental task effectkitsample:default@CompileArkTS is up-to-date.
[2026-05-26T19:44:30.506] [DEBUG] debug-file - Update task effectkitsample:default@BuildJS input file:D:\f\effect-kit-master\entry\build\default\intermediates\loader\default cache by regenerate.
[2026-05-26T19:44:30.507] [DEBUG] debug-file - Update task effectkitsample:default@BuildJS input file:D:\f\effect-kit-master\entry\build\default\intermediates\res\default\ResourceTable.txt cache by regenerate.
[2026-05-26T19:44:30.507] [DEBUG] debug-file - Update task effectkitsample:default@BuildJS input file:D:\f\effect-kit-master\entry\build\default\intermediates\res\default\ark_module.json cache by regenerate.
[2026-05-26T19:44:30.507] [DEBUG] debug-file - Update task effectkitsample:default@BuildJS input file:D:\f\effect-kit-master\entry\build\default\intermediates\res\default\resources\base\profile cache by regenerate.
[2026-05-26T19:44:30.507] [DEBUG] debug-file - Update task effectkitsample:default@BuildJS output file:D:\f\effect-kit-master\entry\build\default\intermediates\loader_out\default\js cache.
[2026-05-26T19:44:30.507] [DEBUG] debug-file - Incremental task effectkitsample:default@BuildJS post-execution cost:2 ms .
[2026-05-26T19:44:30.507] [DEBUG] debug-file - There is no need to refresh cache, since the incremental task effectkitsample:default@CacheNativeLibs is up-to-date.
[2026-05-26T19:44:30.507] [DEBUG] debug-file - There is no need to refresh cache, since the incremental task effectkitsample:default@GeneratePkgModuleJson is up-to-date.
[2026-05-26T19:44:30.507] [DEBUG] debug-file - Incremental task effectkitsample:default@ProcessCompiledResources post-execution cost:1 ms .
[2026-05-26T19:44:30.507] [DEBUG] debug-file - There is no need to refresh cache, since the incremental task effectkitsample:default@PackageHap is up-to-date.
[2026-05-26T19:44:30.507] [DEBUG] debug-file - Update task effectkitsample:default@SignHap input file:D:\f\effect-kit-master\entry\build\default\outputs\default\effectkitsample-default-unsigned.hap cache by regenerate.
[2026-05-26T19:44:30.507] [DEBUG] debug-file - Update task effectkitsample:default@SignHap output file:D:\f\effect-kit-master\entry\build\default\outputs\default\effectkitsample-default-signed.hap cache.
[2026-05-26T19:44:30.507] [DEBUG] debug-file - Incremental task effectkitsample:default@SignHap post-execution cost:1 ms .
[2026-05-26T19:44:30.508] [DEBUG] debug-file - Update task effectkitsample:default@CollectDebugSymbol input file:D:\f\effect-kit-master\entry\build\default\intermediates\loader_out\default\ets\sourceMaps.map cache by regenerate.
[2026-05-26T19:44:30.508] [DEBUG] debug-file - Update task effectkitsample:default@CollectDebugSymbol input file:D:\f\effect-kit-master\entry\build\default\intermediates\libs\default cache by regenerate.
[2026-05-26T19:44:30.508] [DEBUG] debug-file - Update task effectkitsample:default@CollectDebugSymbol output file:D:\f\effect-kit-master\entry\build\default\outputs\default\symbol cache.
[2026-05-26T19:44:30.508] [DEBUG] debug-file - Incremental task effectkitsample:default@CollectDebugSymbol post-execution cost:1 ms .
[2026-05-26T19:44:30.532] [DEBUG] debug-file - session manager: send message to worker process.
[2026-05-26T19:44:30.532] [DEBUG] debug-file - session manager: send message to worker process.
[2026-05-26T19:44:30.598] [DEBUG] debug-file - Cleanup worker 0.
[2026-05-26T19:44:30.598] [DEBUG] debug-file - Worker 0 has been cleaned up.
[2026-05-26T19:44:30.598] [DEBUG] debug-file - Current idle worker size: 1.
[2026-05-26T19:44:30.598] [DEBUG] debug-file - Current resident worker size: 2.
[2026-05-26T19:44:30.598] [DEBUG] debug-file - Cleanup worker 1.
[2026-05-26T19:44:30.598] [DEBUG] debug-file - Worker 1 has been cleaned up.
[2026-05-26T19:44:30.598] [DEBUG] debug-file - Current idle worker size: 0.
[2026-05-26T19:44:30.598] [DEBUG] debug-file - Current resident worker size: 2.
[2026-05-26T19:44:30.599] [DEBUG] debug-file - hvigor build process will be closed.
[2026-05-26T19:44:30.607] [DEBUG] debug-file - watch worker: worker id should be larger than 0. Nothing will be sent to any worker thread.
[2026-05-26T19:44:30.607] [DEBUG] debug-file - watch worker: worker id should be larger than 0. Nothing will be sent to any worker thread.
[2026-05-26T19:44:30.608] [DEBUG] debug-file - worker[0] exits with exit code 1.
[2026-05-26T19:44:30.608] [DEBUG] debug-file - worker[1] exits with exit code 1.
